Nº de cliente;Categoría del cliente;Estado;Nombre;Contacto;Teléfonos;Domicilio;Localidad;Provincia;Mail;Condición de IVA;Razón Social;CUIT;N° de documento;Otro tipo de documento;Moneda;Nº de usuario en MercadoLibre;Apodo en MercadoLibre;Observaciones;Observaciones Internas;Recordatorio;Codigo Postal;
1;Consumidor final;Habilitado;Consumidor final;;;;Sin especificar;Sin especificar;;Consumidor final;Consumidor final;0;11111111;DNI;Pesos;0;;;;; ;
2;Categoria 1;Habilitado;Lucia Levi;disgraf;0341-155315447;Santiago 739;ROSARIO;Santa Fe;lucia.l@disgraf.com.ar;Consumidor final;Lucia Levi;0;30390621;DNI;Pesos;0;;;;; ;
3;Categoria 1;Habilitado;Dinalight S.R.L;Jose;4547 0034/ +54 9 11 6525-2232;ROOSEVELT FRANKLIN D 3644;Capital Federal;Sin especificar;jp@dinalight.com;IVA Responsable Inscripto;Dinalight S.R.L;30711508747;0;Ninguno;Pesos;0;;;;; ;
4;Categoria 1;Habilitado;Alejandro Daniel Cortez;Calcomanias.com;;Pje granaderos 878;SAN MIGUEL DE TUCUMAN;Sin especificar;;Consumidor final;Alejandro Daniel Cortez;0;26769627;DNI;Pesos;0;;;;; ;
5;Categoria 1;Habilitado;TELEVISION FEDERAL S A;Telefe;;;Capital Federal;Sin especificar;mjcivalleros@telefe.com.ar;Consumidor final;TELEVISION FEDERAL S A;30636529164;0;Ninguno;Pesos;0;;;;; ;
6;Categoria 1;Habilitado;SALAS JOSE ANTONIO;JP Indumentaria;2994969609; IRIGOYEN 220;Cutral - Co;Sin especificar;jpindumentaria@yahoo.com.ar;IVA Responsable Inscripto;SALAS JOSE ANTONIO;20232145146;0;Ninguno;Pesos;0;;;;; ;
7;Categoria 1;Habilitado;Nestor Busson;;;Arenales 249;Avellaneda;Sin especificar;Pachipug1@gmail.com;IVA Responsable Inscripto;Nestor Busson;20166808325;0;Ninguno;Pesos;0;;;;; ;
8;Categoria 1;Habilitado;Maximiliano Bertolotto;Maximiliano Bertolotto;;Yrigoyen 538;Rio Grande;Sin especificar;maxi.bertolotto@gmail.com;Consumidor final;Maximiliano Bertolotto;0;32130830;DNI;Pesos;0;;;;; ;
9;Categoria 1;Habilitado;Sergio Gonzalez;Sergio;;Mahatma Gandhi 722 piso 6A;Capital Federal;Sin especificar;sergio@fabricadecalcos.com;Consumidor final;Sergio Gonzalez;0;0;Ninguno;Pesos;0;;;;; ;
10;Categoria 1;Habilitado;Luis Marin;Luis Marin;+54 9 11 4088-7459;avenida mitre 6416. entr raquel español y lartigau;Wilde;Sin especificar;;Consumidor final;Luis Marin;0;0;Ninguno;Pesos;0;;;;; ;
11;Categoria 1;Habilitado;Via Shopping;;45843791;Alvarez Jonte 2349;Capital Federal;Sin especificar;compras@grupovia.com;IVA Responsable Inscripto;Via Shopping;30711565651;0;Ninguno;Pesos;0;;;;; ;
12;Categoria 1;Habilitado;LUKAFRAN;;221-156753122;calle 47 entre 1 y 2 Nº 307;La plata;Sin especificar;;IVA Responsable Inscripto;LUKAFRAN;30710623585;0;Ninguno;Pesos;0;;;;; ;
13;Categoria 1;Habilitado;Le Lan Melanie Ariana;;;Panama 825;Bahia Blanca;Buenos Aires;adm.layna@gmail.com;Consumidor final;Le Lan Melanie Ariana;27363288435;36328843;DNI;Pesos;0;;;;; ;
14;Categoria 1;Habilitado;Protection One SRL;;;GENERAL PAZ 154 Piso:2;Cordoba capital;Sin especificar;;IVA Responsable Inscripto;Protection One SRL;30709605441;0;Ninguno;Pesos;0;;;;; ;
15;Categoria 1;Habilitado;Plotter Roman;;;;Sin especificar;Sin especificar;;Consumidor final;Plotter Roman;0;0;Ninguno;Pesos;0;;;;; ;
16;Categoria 1;Habilitado;Joel Primo;Joel primo;+54 9 11 3271-2750;adolfo alsina 2369 ;Capital Federal;Sin especificar;;Consumidor final;Joel Primo;0;0;Ninguno;Pesos;0;;;;; ;
17;Categoria 1;Deshabilitado;FLORENCIA WASSINGER;Agustin fresno;;Av carabobo 345 2°C;Capital Federal;Sin especificar;info@queimpresion.com.ar;IVA Responsable Inscripto;FLORENCIA WASSINGER;27326037775;0;Ninguno;Pesos;0;;;;; ;
18;Categoria 1;Habilitado;Americantint SRL;;;24 de Diciembre 239;Capital Federal;Sin especificar;design@americantint.com.ar;IVA Responsable Inscripto;Americantint SRL;33711889189;0;Ninguno;Pesos;0;;;;; ;
19;Categoria 1;Habilitado;Uccello Graciela;;45247944;Av Triunvirato 3686;Capital Federal;Sin especificar;infografica@visione.com.ar;IVA Responsable Inscripto;Uccello Graciela;27060359038;0;Ninguno;Pesos;0;;;;; ;
20;Categoria 1;Habilitado;CETANI MAURO ADRIAN;;;Av. Schmidl Ulrico 6633;Capital Federal;Sin especificar;mauro@mediaprint.com.ar;IVA Responsable Inscripto;CETANI MAURO ADRIAN;20292479728;0;Ninguno;Pesos;0;;;;; ;
21;Categoria 1;Habilitado;MARTIN MARIA SOLEDAD;Graphischer;49325231;La Rioja 231;Capital Federal;Sin especificar;;IVA Responsable Inscripto;MARTIN MARIA SOLEDAD;27271443531;0;Ninguno;Pesos;0;;;;; ;
22;Categoria 1;Habilitado;revelar digital;;;Hipólito Irigoyen 11228;Turdera;Sin especificar;info@revelardigital.com.ar;Consumidor final;revelar digital;0;0;Ninguno;Pesos;0;;;;; ;
23;Categoria 1;Habilitado;March Esteban;Paradigma;47655909;Av de mayo 557;Villa Adelina;Sin especificar;esteban@carteles.com.ar;IVA Responsable Inscripto;March Esteban;20230159166;0;Ninguno;Pesos;0;;;;; ;
24;Categoria 1;Habilitado;Agustina Andreoli;;;GUEMES 4560 Piso:05 Dpto:18;Capital Federal;Sin especificar;;IVA Responsable Inscripto;Agustina Andreoli;27284644234;0;Ninguno;Pesos;0;;;;; ;
26;Categoria 1;Habilitado;VINIL CITY SRL;Vinil Show;;;Capital Federal;Sin especificar;;IVA Responsable Inscripto;VINIL CITY SRL;30715643916;0;Ninguno;Pesos;0;;<p>28/07 deben 54mts en 63cm de ancho<span><br></span></p><p>debian 65 pero retiramos 11mts para Raquel Juarez el 23/07</p><p>1/10 debian 39mts y retiramos 8mts del 73 mate en 60</p><p><br></p><p>23/03 retiraron lo que faltaba estamos en cero!!!!!</p>;;; ;
27;Categoria 1;Habilitado;FRANCESCHINI PAOLA LORENA; ;48390745;French 2510 ;Buenos Aires;Sin especificar;info@proyectocv.com.ar;IVA Responsable Inscripto;FRANCESCHINI PAOLA LORENA;27245619125;0;Ninguno;Pesos;0;;;;; ;
28;Categoria 1;Habilitado;UCCELLO GASTON LEANDRO;;;Av Triunvirato 3686;Capital Federal;Sin especificar;Cotizaciones@visione.com.ar;IVA Responsable Inscripto;UCCELLO GASTON LEANDRO;20268730851;0;Ninguno;Pesos;0;;;;; ;
29;Categoria 1;Habilitado;LEIVA JORGE HUGO;;;VUELTA DE OBLIGADO 828;Esquel;Sin especificar;ergum1.0@me.com;IVA Responsable Inscripto;LEIVA JORGE HUGO;20259442177;0;Ninguno;Pesos;0;;;;; ;
30;Categoria 1;Habilitado;PRIMOLINI MAURO GABRIEL;;;Rivera Indarte 2727 (esquina);San justo;Sin especificar;info@scottart.com.ar;IVA Responsable Inscripto;PRIMOLINI MAURO GABRIEL;20254364216;0;Ninguno;Pesos;0;;;;; ;
31;Categoria 1;Habilitado;PORTA VICTOR FERNANDO;;;MITRE 2141;San Pedro;Sin especificar;viversacarteles@gmail.com;Responsable Monotributo;PORTA VICTOR FERNANDO;20169183784;0;Ninguno;Pesos;0;;;;; ;
32;Categoria 1;Habilitado;ALMENDROS JULIO ALEJANDRO;;;;Gral. Alvear;Sin especificar;;Responsable Monotributo;ALMENDROS JULIO ALEJANDRO;20215021468;0;Ninguno;Pesos;0;;;;; ;
33;Categoria 1;Habilitado;INPLOT GRAFICA;;;;Capital Federal;Sin especificar;;Consumidor final;INPLOT GRAFICA;0;0;Ninguno;Pesos;0;;;;; ;
34;Categoria 1;Habilitado;KRENKEL GASTON;;;67 21 y 22 n 1341 portón gris;La plata;Sin especificar;estudiogk@gmail.com;Consumidor final;KRENKEL GASTON;20231360116;0;Ninguno;Pesos;0;;;;; ;
35;Categoria 1;Habilitado;MULTIMARKETING ARGENTINA S.A.;;;;San Jose;Sin especificar;brunorbraconi@hotmail.com;IVA Responsable Inscripto;MULTIMARKETING ARGENTINA S.A.;30714312738;0;Ninguno;Pesos;0;;;;; ;
36;Categoria 1;Habilitado;Miguel Santiago del estero;;03841-491003;;Barracas;Sin especificar;puntograf_imprenta@hotmail.com;Consumidor final;Miguel Santiago del estero;0;0;Ninguno;Pesos;0;;;;; ;
37;Categoria 1;Habilitado;Punto ai visual;Fabian;+54 9 11 4559-5884;Gaona 1379;Caballito;Sin especificar;info@puntoaivisual.com.ar;Consumidor final;Punto ai visual;0;0;Ninguno;Pesos;0;;;;; ;
38;Categoria 1;Habilitado;EN LINEA S.R.L.;;;CATAMARAN GANDUL 1991 Local 2 ;Rada Tilly;Sin especificar;;IVA Responsable Inscripto;EN LINEA S.R.L.;30712551433;0;Ninguno;Pesos;0;;;;; ;
39;Categoria 1;Habilitado;IDENTIDAD REVESTIMIENTOS E IMAGEN CORPORATIVA S.R.L.;;;Av Argentina 1756;Merlo;Sin especificar;leandro.feans@identidadcom.com;IVA Responsable Inscripto;IDENTIDAD REVESTIMIENTOS E IMAGEN CORPORATIVA S.R.L.;30715372769;0;Ninguno;Pesos;0;;;;; ;
40;Categoria 1;Habilitado;ROCCIA FEDERICO MIGUEL;;;25 DE MAYO 44 DTO 1;Cordoba capital;Sin especificar;;IVA Responsable Inscripto;ROCCIA FEDERICO MIGUEL;20213988086;0;Ninguno;Pesos;0;;;;; ;
41;Categoria 1;Habilitado;CORDON CESAR CLAUDIO;Cesar cordon integral print;+54 9 11 6235-2862;Esteban Bonorino 126 (entre Ramon Falcon y Av. Juan B. Alberdi) de 11:00 a 18:00 hs;Capital Federal;Sin especificar;cesar@integralprint.com.ar;IVA Responsable Inscripto;CORDON CESAR CLAUDIO;20225882291;0;Ninguno;Pesos;0;;;;; ;
42;Categoria 1;Habilitado;BUHL SOCIEDAD ANONIMA;;;Uruguay 485 Piso 10;Capital Federal;Sin especificar;;IVA Responsable Inscripto;BUHL SOCIEDAD ANONIMA;30637805149;0;Ninguno;Pesos;0;;;;; ;
43;Categoria 1;Habilitado;TORU ;;;;Capital Federal;Sin especificar;TGU2006@HOTMAIL.COM;Consumidor final;TORU ;0;0;Ninguno;Pesos;0;;;;; ;
44;Categoria 1;Habilitado;NEMIÑA IGNACIO MAXIMILIANO;Ignacio Nemiña;+54 9 11 5475-0655;Tucuman 3391 - Timbre 2;Capital Federal;Sin especificar;Ignacio.e24@gmail.com;IVA Responsable Inscripto;NEMIÑA IGNACIO MAXIMILIANO;20223634967;0;Ninguno;Pesos;0;;;;; ;
45;Categoria 1;Habilitado;Sauri Ariel;;;Francisco de Bilbao 5443;Capital Federal;Sin especificar;saurigraphics@gmail.com;Consumidor final;Sauri Ariel;0;21741026;DNI;Pesos;0;;;;; ;
46;Categoria 1;Habilitado;Yamil eschenone;Pixelados;;salta 223;SUIPACHA;Sin especificar;;Consumidor final;Yamil eschenone;0;34832442;DNI;Pesos;0;;;;; ;
47;Categoria 1;Habilitado;NEXTRANS SRL;;;Av. Amancio Alcorta 1844;Capital Federal;Sin especificar;;IVA Responsable Inscripto;NEXTRANS SRL;30710106548;0;Ninguno;Pesos;0;;;;; ;
48;Categoria 1;Habilitado;Leandro Fiorito;;;Rojas 632;Capital Federal;Sin especificar;graficaaustral1@gmail.com;Consumidor final;Leandro Fiorito;0;0;Ninguno;Pesos;0;;;;; ;
49;Categoria 1;Habilitado;Grafica Daract;;;;Capital Federal;Sin especificar;info@graficadaract.com.ar;IVA Responsable Inscripto;Grafica Daract;20165937393;0;Ninguno;Pesos;0;;;;; ;
50;Categoria 1;Habilitado;Victoria Barzaghi;;;andres lamas 1979 ;Capital Federal;Sin especificar;barzaghivictoria@gmail.com;Consumidor final;Victoria Barzaghi;0;37276611;DNI;Pesos;0;;;;; ;
51;Categoria 1;Habilitado;Pablo Martin Peralta;;;Calixto Oyuela 1485 PB 1;Santos Lugares;Sin especificar;pablomperalta@hotmail.com.ar;Consumidor final;Pablo Martin Peralta;0;28104340;DNI;Pesos;0;;;;; ;
52;Categoria 1;Habilitado;ESTATIC S.A.;Andrea;+54 9 11 5142-2272;Beruti 2426;Capital Federal;Sin especificar;compras@grupovia.com;IVA Responsable Inscripto;ESTATIC S.A.;30685866052;0;Ninguno;Pesos;0;;;;; ;
53;Categoria 1;Habilitado;DE LA FUENTE E HIJOS SRL;;45672217;Moliere 972;Capital Federal;Sin especificar;info@dlfpublicidad.com.ar;IVA Responsable Inscripto;DE LA FUENTE E HIJOS SRL;30657976829;0;Ninguno;Pesos;0;;;;; ;
54;Categoria 1;Habilitado;EXPRESION VISUAL SA;Pablo;;Buenos Aires 510;Mendoza;Sin especificar;info@expresionvisualsa.com.ar;IVA Responsable Inscripto;EXPRESION VISUAL SA;30712520082;0;Ninguno;Pesos;0;;;;; ;
55;Categoria 1;Habilitado;Emiliano Alegre Ricagno;Constructora Visual;;Gregorio dela Ferrere 3738;Capital Federal;Sin especificar;emideart@gmail.com;IVA Responsable Inscripto;Emiliano Alegre Ricagno;23245293739;0;Ninguno;Pesos;0;;;;; ;
56;Categoria 1;Habilitado;Leonardo Nigro;Speed gráfica;;Av Octavio pinto 3350;Cordoba capital;Sin especificar;speedpg1@hotmail.com;Consumidor final;Leonardo Nigro;0;0;Ninguno;Pesos;0;;;;; ;
57;Categoria 1;Habilitado;Taller Cabron;Ignacio;;Ferrari 333;Capital Federal;Sin especificar;contactocabron@gmail.com;Consumidor final;Taller Cabron;0;32867613;DNI;Pesos;0;;;;; ;
58;Categoria 1;Habilitado;FRUTOS ALEJANDRO AGUSTIN;Agustin;+54 9 2215 97-5173;CALLE 117 N°74 - entre 33 y 34;La plata;Sin especificar;multiespacio@gmail.com;IVA Responsable Inscripto;FRUTOS ALEJANDRO AGUSTIN;20235356474;0;Ninguno;Pesos;0;;;;; ;
59;Categoria 1;Habilitado;Martin Ignacio Lafit;Martin;+54 9 2215 75-9338;calle 131 N° 1727 e/67 y 68;La plata;Sin especificar;Martinlafit_@hotmail.com;Consumidor final;Martin Ignacio Lafit;0;0;Ninguno;Pesos;0;;;;; ;
60;Categoria 1;Habilitado;BERMEJO JORGE ALBERTO;focus;52915950;Av san martin 2180;Lomas de mirador;Sin especificar;focusimpresiones@gmail.com;IVA Responsable Inscripto;BERMEJO JORGE ALBERTO;20169771104;0;Ninguno;Pesos;0;;;;; ;
61;Categoria 1;Habilitado;Fabricio;;;Blanco encalada 4870 2°A;Capital Federal;Sin especificar;;Consumidor final;Fabricio;0;0;Ninguno;Pesos;0;;;;; ;
62;Categoria 1;Habilitado;Arma Tu Cuadro;damian Funes;;Formosa 567;Capital Federal;Sin especificar;damian@armatucuadro.com;Consumidor final;Arma Tu Cuadro;20333625742;0;Ninguno;Pesos;0;;;;; ;
63;Categoria 1;Habilitado;Chodos Yanina;Compañia de diseño y color;;;Juan Maria Gutierrez;Sin especificar;yaninachodos@cdyc.com.ar;IVA Responsable Inscripto;Chodos Yanina;27221668761;0;Ninguno;Pesos;0;;;;; ;
64;Categoria 1;Habilitado;Gabriel Duamante;GDS Servicios gráficos;;Rio Turbio 116;RIO GALLEGOS;Sin especificar;gduamante@graficadelsurrg.com;Consumidor final;Gabriel Duamante;0;30503099;DNI;Pesos;0;;;;; ;
65;Categoria 1;Habilitado;DITOLLA ADRIAN MARTIN;;;Av. Capitan rosales 718 ;El Palomar;Sin especificar;ruben_carnevali@yahoo.com.ar;IVA Responsable Inscripto;DITOLLA ADRIAN MARTIN;20246628808;0;Ninguno;Pesos;0;;;;; ;
66;Categoria 1;Habilitado;DOMINGUEZ EDGARDO ARIEL;;40408847;colpayo 40;Capital Federal;Sin especificar;edgardo@estudionexo.com.ar;IVA Responsable Inscripto;DOMINGUEZ EDGARDO ARIEL;20236448275;0;Ninguno;Pesos;0;;;;; ;
67;Categoria 1;Habilitado;BENITEZ KAREN MARIANA;Karen;44637717/1541619050;J.F.KENNEDY 3751;Los polvorines;Sin especificar;graficaprodesign@hotmail.com;IVA Responsable Inscripto;BENITEZ KAREN MARIANA;27275883706;0;Ninguno;Pesos;0;;;;; ;
68;Categoria 1;Habilitado;ARQSF S.A.;;;;Capital Federal;Sin especificar;compras2400@gmail.com;IVA Responsable Inscripto;ARQSF S.A.;30714175935;0;Ninguno;Pesos;0;;;;; ;
69;Categoria 1;Habilitado; TIBONI Y COMPAÑIA SA;Constancia;+54 9 11 5808-9034;Hipólito Yrigoyen 621;Capital Federal;Sin especificar;info@tiboni.com.ar;IVA Responsable Inscripto; TIBONI Y COMPAÑIA SA;30501838566;0;Ninguno;Pesos;0;;;;; ;
70;Categoria 1;Habilitado;Andres Pinamar;;;av constitucion 694 6°piso;Pinamar;Sin especificar;andyhg82@hotmail.com;Consumidor final;Andres Pinamar;0;29403500;DNI;Pesos;0;;;;; ;
71;Categoria 1;Habilitado;GIMAGRAF;;43827173;Lima 597;Capital Federal;Sin especificar;Imprimerserviciosgraficos@gmail.com;IVA Responsable Inscripto;GIMAGRAF;30714073342;0;Ninguno;Pesos;0;;;;; ;
72;Categoria 1;Habilitado;NEGRI ALEJANDRO MARCOS;;;gualeguay 1220;Capital Federal;Sin especificar;graficamentecreativa@gmail.com;IVA Responsable Inscripto;NEGRI ALEJANDRO MARCOS;23313435199;0;Ninguno;Pesos;0;;;;; ;
73;Categoria 1;Habilitado;Stylesh Cars;Adrian Jesus Anoniz;;Crisolo larrade 1305;Avellaneda;Sin especificar;erick_2869@hotmail.com;Consumidor final;Stylesh Cars;0;33252225;DNI;Pesos;0;;;;; ;
74;Categoria 1;Habilitado;ABITY CONSTRUCCIONES S.A;;;San Martin 1167 piso 12 depto D ;Mendoza;Sin especificar;dlanzani5@gmail.com;IVA Responsable Inscripto;ABITY CONSTRUCCIONES S.A;30715342428;0;Ninguno;Pesos;0;;;;; ;
75;Categoria 1;Habilitado;LAYNA DISEÑOS;Maria Cecilia Nieto;;Panama 825;Bahia Blanca;Buenos Aires;adm.layna@gmail.com;Consumidor final;LAYNA DISEÑOS;0;35096359;DNI;Pesos;0;;;;; ;
76;Categoria 1;Habilitado;Fernando Augenti;;;Avenida Asamblea 186;Capital Federal;Sin especificar;feraugenti93@gmail.com;Consumidor final;Fernando Augenti;0;37432013;DNI;Pesos;0;;;;; ;
77;Categoria 1;Habilitado;Juan Manuel Mendez;;;terminal Sarmiento. Chubut Av San martin y 12 de octubre Local 4;SARMIENTO;Sin especificar;;Consumidor final;Juan Manuel Mendez;0;28682285;DNI;Pesos;0;;;;; ;
78;Categoria 1;Habilitado;Valentin Macedo;;;Avellaneda 2654;RICARDO ROJAS;Sin especificar;yoko.darkness@gmail.com;Consumidor final;Valentin Macedo;0;0;Ninguno;Pesos;0;;;;; ;
79;Categoria 1;Habilitado;CONTIMEDIOS S R L;;;Bauman y alsina 150;Junin;Sin especificar;compras@contimedios.com.ar;IVA Responsable Inscripto;CONTIMEDIOS S R L;30629808163;0;Ninguno;Pesos;0;;;;; ;
80;Categoria 1;Habilitado;Lucas Gallina;;;;Capital Federal;Sin especificar;lucas.gallina@hotmail.com;Consumidor final;Lucas Gallina;0;0;Ninguno;Pesos;0;;;;; ;
81;Categoria 1;Habilitado;GONZALEZ DIEGO RAFAEL;Diego Gonzalez;+54 9 2346 48-4030;GUIDO 375;Chivilcoy;Sin especificar;imprexproduccionesgraficas@gmail.com;IVA Responsable Inscripto;GONZALEZ DIEGO RAFAEL;20268449079;0;Ninguno;Pesos;0;;;;; ;
82;Categoria 1;Habilitado;PERFECT TRANFER SRL;;;La Fronda 1652;Capital Federal;Sin especificar;administracion@perfecttransfer.com.ar;IVA Responsable Inscripto;PERFECT TRANFER SRL;30708863420;0;Ninguno;Pesos;0;;;;; ;
83;Categoria 1;Habilitado;PINTEGRALCO SRL;;+54 9 11 3265-5980;EL CHOCON 970;NEUQUEN;Neuquén;;IVA Responsable Inscripto;PINTEGRALCO SRL;33648246469;0;Ninguno;Pesos;0;;;;; ;
84;Categoria 1;Habilitado;LAZARO TOMAS;;;RUTA 3 KM 64 0 BARRIO FINACO CASA AMARILLA;CAÑUELAS;Sin especificar;ventas@depotresdeabril.com.ar;IVA Responsable Inscripto;LAZARO TOMAS;20231350706;0;Ninguno;Pesos;0;;;;; ;
85;Categoria 1;Habilitado;Leonardo Pita;Grafica JML Leonardo Pita;+54 9 11 2650-8690;CORRIENTES AV. 2221 Piso:10 Dpto:A;Ciudad Autónoma De Buenos Aires;CABA;grafica.jml@gmail.com;Responsable Monotributo;PITA ROZ, LEONARDO ANDRE;23954485129;0;Ninguno;Pesos;0;;;;; ;
86;Categoria 1;Habilitado;EXTREME S.A;;;Av. Sabatini 1617;Cordoba capital;Sin especificar;;IVA Responsable Inscripto;EXTREME S.A;30710180713;0;Ninguno;Pesos;0;;;;; ;
87;Categoria 1;Habilitado;Marcelo Dalmau;;;concordia;9 de Abril Esteban Echeverria;Sin especificar;marceloenriquedalmau@gmail.com;Consumidor final;Marcelo Dalmau;0;30565938;DNI;Pesos;0;;;;; ;
88;Categoria 1;Habilitado;SUN CHEMICAL INK SA;;;ZAVALETA 699;Capital Federal;Sin especificar;;IVA Responsable Inscripto;SUN CHEMICAL INK SA;30626127602;0;Ninguno;Pesos;0;;;;; ;
89;Categoria 1;Habilitado;P C PUBLICIDAD S A ;;;Corrientes AV 327 piso 17;Capital Federal;Sin especificar;jlfernandez@omnigraphics.com.ar;IVA Responsable Inscripto;P C PUBLICIDAD S A ;30677830839;0;Ninguno;Pesos;0;;;;; ;
90;Categoria 1;Habilitado;FUNDACION COMPAÑIA SOCIAL EQUIDAD;;;PIEDRAS 1384;Capital Federal;Sin especificar;;Responsable Monotributo;FUNDACION COMPAÑIA SOCIAL EQUIDAD;30707657568;0;Ninguno;Pesos;0;;;;; ;
91;Categoria 1;Habilitado;GRAPHIA SRL;;;Moreno 1347;Capital Federal;Sin especificar;info@graphiadigital.com.ar;IVA Responsable Inscripto;GRAPHIA SRL;30701291448;0;Ninguno;Pesos;0;;;;; ;
92;Categoria 1;Habilitado;KOLEN S.A.;;;VEDIA AGUSTIN  DE 3533;Capital Federal;Sin especificar;dcarbonero@costasan.com.ar;IVA Responsable Inscripto;KOLEN S.A.;30712169180;0;Ninguno;Pesos;0;;;;; ;
93;Categoria 1;Habilitado;LUMICANOR S.A.;;;rawson 3802;LA LUCILA;Sin especificar;;IVA Responsable Inscripto;LUMICANOR S.A.;30712045279;0;Ninguno;Pesos;0;;;;; ;
94;Categoria 1;Habilitado;DUARTE BRIAN NAHUEL;;;JORGE NEWBERY 3188;Don Torcuato;Sin especificar;brian-duarte@live.com;IVA Responsable Inscripto;DUARTE BRIAN NAHUEL;20371713272;0;Ninguno;Pesos;0;;;;; ;
95;Categoria 1;Habilitado;SERMAX SA;;;Lavalle 415 piso 2;Capital Federal;Sin especificar;compras@sermax.com.ar;IVA Responsable Inscripto;SERMAX SA;30680597363;0;Ninguno;Pesos;0;;;;; ;
96;Categoria 1;Habilitado;Damian Gonzalez;;;barrio municipal casa 126;Zarate;Sin especificar;Jesica.castro77@hotmail.com;Consumidor final;Damian Gonzalez;0;0;Ninguno;Pesos;0;;;;; ;
97;Categoria 1;Habilitado;SEIMPRIME SRL;Daniel;;rivera indarte 543 4°B;Capital Federal;Sin especificar;seimprime@hotmail.com.ar;IVA Responsable Inscripto;SEIMPRIME SRL;33712300529;0;Ninguno;Pesos;0;;;;; ;
98;Categoria 1;Habilitado;LUJAN CARLOS ENRIQUE;;;GREGORIA PEREZ 3658;Capital Federal;Sin especificar;;IVA Responsable Inscripto;LUJAN CARLOS ENRIQUE;20078567857;0;Ninguno;Pesos;0;;;;; ;
99;Categoria 1;Habilitado;Ariel Sena;Ariel;+54 9 11 3198-9302;Alen  318;Quilmes;Sin especificar;aberrsolucionesgraficas@gmail.com;Consumidor final;Ariel Sena;0;0;Ninguno;Pesos;0;;;;; ;
100;Categoria 1;Habilitado;PEDRETTI MATIAS ANDRES;;;JUNCAL 2847;Capital Federal;Sin especificar;;IVA Responsable Inscripto;PEDRETTI MATIAS ANDRES;20294793748;0;Ninguno;Pesos;0;;;;; ;
101;Categoria 1;Habilitado;Matias Solanille;;;;LINCOLN;Sin especificar;;Consumidor final;Matias Solanille;0;36216525;DNI;Pesos;0;;;;; ;
102;Categoria 1;Habilitado;Vanesa Visual corporativa;;;diagonal 3 N°456 e/ 473 bis y 474;City Bell;Sin especificar;visualcorporativa@gmail.com;Consumidor final;Vanesa Visual corporativa;0;0;Ninguno;Pesos;0;;;;; ;
103;Categoria 1;Habilitado;CARULLO ADRIAN GUSTAVO;;;BONIFACIO JOSE 2565;Capital Federal;Sin especificar;adriancarullo@gmail.com;IVA Responsable Inscripto;CARULLO ADRIAN GUSTAVO;20184125391;0;Ninguno;Pesos;0;;;;; ;
104;Categoria 1;Habilitado;AMICONE AGUSTIN HORACIO FELIX;;;avenida independencia 4074;Capital Federal;Sin especificar;amiconeagustin@gmail.com;IVA Responsable Inscripto;AMICONE AGUSTIN HORACIO FELIX;20302756075;0;Ninguno;Pesos;0;;;;; ;
105;Categoria 1;Habilitado;RICARDO LEONARDO SZURIN;;;Zuviria 685;MONTE GRANDE;Sin especificar;ricardo_szurin@hotmail.com;Consumidor final;RICARDO LEONARDO SZURIN;0;0;Ninguno;Pesos;0;;;;; ;
106;Categoria 1;Habilitado;Ignacio Matias Bond;Pin Mania;;ituzaingo 948 bis;CONCORDIA;Sin especificar;ignaciombond@yahoo.com.ar;Consumidor final;Ignacio Matias Bond;0;32795275;DNI;Pesos;0;;;;; ;
107;Categoria 1;Habilitado;LABORATORIOS IMA  S A I C;;;PALPA 2862;Capital Federal;Sin especificar;fernanda.degano@laboratoriosima.com.ar;IVA Responsable Inscripto;LABORATORIOS IMA  S A I C;30503720929;0;Ninguno;Pesos;0;;;;; ;
108;Categoria 1;Habilitado;IMPRONTAR S.R.L.;;;Av Belgrano 2280 piso 1 oficina 2;Capital Federal;Sin especificar;esteban@improntar.com.ar;IVA Responsable Inscripto;IMPRONTAR S.R.L.;30711925321;0;Ninguno;Pesos;0;;;;; ;
109;Categoria 1;Habilitado;LADOBLEA  S.A.;;;ARIAS 2624;Capital Federal;Sin especificar;mtomatti@gmail.com;IVA Responsable Inscripto;LADOBLEA  S.A.;30707293280;0;Ninguno;Pesos;0;;;;; ;
110;Categoria 1;Habilitado;Gerardo Pavicich;;;Camila Rolón 752 esquina Rodríguez Peña;Salto;Sin especificar;;Consumidor final;Gerardo Pavicich;0;0;Ninguno;Pesos;0;;;;; ;
111;Categoria 1;Habilitado;Maria Esperanza Ruiz;;;Lopez y Planes 585;San Ramon de la Nueva Oran;Sin especificar;meruizoran@yahoo.com.ar;Consumidor final;Maria Esperanza Ruiz;0;0;Ninguno;Pesos;0;;;;; ;
112;Categoria 1;Habilitado;BEATRIZ GONZALEZ;;;LIDELAL 264;Junin;Sin especificar;bealamaga@gmail.com;Consumidor final;BEATRIZ GONZALEZ;0;0;Ninguno;Pesos;0;;;;; ;
113;Categoria 1;Habilitado;Sergio Eduardo Barrionuevo;;;obispo carranza 1560 Barrio ayacucho ;Cordoba capital;Sin especificar;;Consumidor final;Sergio Eduardo Barrionuevo;0;0;Ninguno;Pesos;0;;;;; ;
114;Categoria 1;Habilitado;Betania;;011 47669978;Cecilia Grierson 255 int 1435 edificio SURA;Capital Federal;Sin especificar;;Consumidor final;Betania;0;0;Ninguno;Pesos;0;;;;; ;
115;Categoria 1;Habilitado;GUTIERREZ JULIO CESAR;;;172 A 6068 M:J;POSADAS;Misiones;;Responsable Monotributo;GUTIERREZ JULIO CESAR;20272990361;0;Ninguno;Pesos;0;;;;; ;
116;Categoria 1;Habilitado;HORTIGUERA 791 S.A.;;;THORNE 320 PISO 8 CPTO B;Capital Federal;Sin especificar;MARUBOR03@HOTMAIL.COM;IVA Responsable Inscripto;HORTIGUERA 791 S.A.;30711882363;0;Ninguno;Pesos;0;;;;; ;
117;Categoria 1;Habilitado;JUAREZ RAQUEL BEATRIZ;Raquel Juarez;+54 9 11 6282-5418;FRUCTOSO RIVERA 6645 VILLA LUGANO;Capital Federal;Sin especificar;;IVA Responsable Inscripto;JUAREZ RAQUEL BEATRIZ;27148870905;0;Ninguno;Pesos;0;;;;; ;
118;Categoria 1;Habilitado;SERVICIO GEOLOGICO MINERO ARGENTINO SEGEMAR;;;;Capital Federal;Sin especificar;;IVA Sujeto Exento;SERVICIO GEOLOGICO MINERO ARGENTINO SEGEMAR;30686314428;0;Ninguno;Pesos;0;;;;; ;
119;Categoria 1;Habilitado;GIAMPAOLI PABLO AUGUSTO;;;Coronel Dominguez 2348;Capital Federal;Sin especificar;fullgraphix@yahoo.com.ar;IVA Responsable Inscripto;GIAMPAOLI PABLO AUGUSTO;20265887733;0;Ninguno;Pesos;0;;;;; ;
120;Categoria 1;Habilitado;PITALUGA SEBASTIAN FLORENTINO;Print House;;Av Independencua 670;Pilar;Sin especificar;pilar1@printhouse.com.ar;IVA Responsable Inscripto;PITALUGA SEBASTIAN FLORENTINO;20262544770;0;Ninguno;Pesos;0;;;;; ;
121;Categoria 1;Habilitado;Damian Publiano;;;BERUTI 74;Quilmes;Sin especificar;;Consumidor final;Damian Publiano;0;0;Ninguno;Pesos;0;;;;; ;
122;Categoria 1;Habilitado;SILVINA FABBRO;;;Calle 20 Este Entre 171 y 172 N°4856;Berisso;Sin especificar;;Consumidor final;SILVINA FABBRO;0;0;Ninguno;Pesos;0;;;;; ;
123;Categoria 1;Habilitado;MARIANA BASCH MARKOWIESCKI;;;AV. GALES 1173 LOC 5;Puerto Madryn;Sin especificar;;Consumidor final;MARIANA BASCH MARKOWIESCKI;0;0;Ninguno;Pesos;0;;;;; ;
124;Categoria 1;Habilitado;PRODUCCIONES GRAFICAS;;;massa 844;Capital Federal;Sin especificar;;Responsable Monotributo;PRODUCCIONES GRAFICAS;20928773656;0;Ninguno;Pesos;0;;;;; ;
125;Categoria 1;Habilitado;Jose Luis Aragon;;;;Buenos Aires;Sin especificar;;Consumidor final;Jose Luis Aragon;0;0;Ninguno;Pesos;0;;;;; ;
126;Categoria 1;Habilitado;ORBAIZ GONZALO ALFONSO;;3447421044;Chacabuco 806;COLON;Sin especificar;papirotallercolon@gmail.com;Responsable Monotributo;ORBAIZ GONZALO ALFONSO;20222935513;0;Ninguno;Pesos;0;;;;; ;
127;Categoria 1;Habilitado;Mariano Castelli;;;;Capital Federal;Sin especificar;;Consumidor final;Mariano Castelli;0;0;Ninguno;Pesos;0;;;;; ;
128;Categoria 1;Habilitado;AXEL PORTILLO;;46389099;ZINNY 1668;Capital Federal;Sin especificar;;Consumidor final;AXEL PORTILLO;0;0;Ninguno;Pesos;0;;;;; ;
129;Categoria 1;Habilitado;DAVID, CRISTIAN DARIO;;;Sarmiento N° 57;Santa Sylvina;Sin especificar;;Consumidor final;DAVID, CRISTIAN DARIO;0;32698427;DNI;Pesos;0;;;;; ;
130;Categoria 1;Habilitado;DAMIAN DANIELE;;;;Buenos Aires;Sin especificar;;Consumidor final;DAMIAN DANIELE;0;0;Ninguno;Pesos;0;;;;; ;
131;Categoria 1;Habilitado;CAVALLOTTI POVEDANO MARIO ALEJANDRO;ARTE PRINT;;INDEPENDENCIA 2363;SANTIAGO DEL ESTERO;Sin especificar;ARTEPRINT@ARNET.COM.AR;IVA Responsable Inscripto;CAVALLOTTI POVEDANO MARIO ALEJANDRO;20312974062;0;Ninguno;Pesos;0;;;;; ;
132;Categoria 1;Habilitado;COMPOS SUI SA;;;ITALIA 2544;Buenos Aires;Sin especificar;administracion@pesgrafica.com.ar;IVA Responsable Inscripto;COMPOS SUI SA;30715585282;0;Ninguno;Pesos;0;;;;; ;
133;Categoria 1;Habilitado;MRAK EUGENIO GASTON;PLOTON;;RIVADAVIA 14.524;Ramos Mejia;Sin especificar;;IVA Responsable Inscripto;MRAK EUGENIO GASTON;20295018233;0;Ninguno;Pesos;0;;;;; ;
134;Categoria 1;Habilitado;JP ROTULACION;Paula Y Jorge;;Mentruyt 835 entre las heras y larrea;Lomas de Zamora;Sin especificar;dgmisspau0110@gmail.com;Consumidor final;JP ROTULACION;0;0;Ninguno;Pesos;0;;;;; ;
135;Categoria 1;Habilitado;ARQUIMAS;;;CATAMARCA 295;Capital Federal;Sin especificar;ARQUIMAS.ARGENTINA@GMAIL.COM;Responsable Monotributo;ARQUIMAS;20163362474;0;Ninguno;Pesos;0;;;;; ;
136;Categoria 1;Habilitado;OBRA SOCIAL SERVICIOS SOCIALES BANCARIOS;;;AV DE MAYO 182 PISO 03;Capital Federal;Sin especificar;saoliva@osssb.com.ar;IVA Sujeto Exento;OBRA SOCIAL SERVICIOS SOCIALES BANCARIOS;30691561468;0;Ninguno;Pesos;0;;;;; ;
137;Categoria 1;Habilitado;INDEXPORT MESSE FRANKFURT S.A.;;;LUIS MARIA CAMPOS 1061 PISO 5;Capital Federal;Sin especificar;estefania.videtto@argentina.messefrankfurt.com;IVA Responsable Inscripto;INDEXPORT MESSE FRANKFURT S.A.;30638883178;0;Ninguno;Pesos;0;;;;; ;
138;Categoria 1;Habilitado;AUTONAVI SRL;;;aV LIBERTADOR 1850;Capital Federal;Sin especificar;YASMINFERREYRA@HOTMAIL.COM.AR;IVA Responsable Inscripto;AUTONAVI SRL;30708436506;0;Ninguno;Pesos;0;;;;; ;
139;Categoria 1;Habilitado;GUSTAVO TENAGLIA;;;fRIAS 262;Capital Federal;Sin especificar;smartprint262@gmail.com;Responsable Monotributo;GUSTAVO TENAGLIA;20229643739;0;Ninguno;Pesos;0;;;;; ;
140;Categoria 1;Habilitado;MONTAJES Y CONSTRUCCIONES INDUSTRIALES S.A .;;;MARIO BRAVO 1125;Avellaneda;Sin especificar;MCIND.SA@GMAIL.COM;IVA Responsable Inscripto;MONTAJES Y CONSTRUCCIONES INDUSTRIALES S.A .;30682896724;0;Ninguno;Pesos;0;;;;; ;
141;Categoria 1;Habilitado;Bonetes;Ana y Nazareno;1144163904;Av constitucion 23;Benito Juarez;Sin especificar;nazareno_guardia@yahoo.com.ar;Consumidor final;Bonetes;0;0;Ninguno;Pesos;0;;;;; ;
142;Categoria 1;Habilitado;ELIANA ROSSI;Eliana;+54 9 2213 03-7171;calle 40 número 631 1/2 entre 7 y 8, Casa Blanca con rejas negras bajas;La plata;Sin especificar;eliananoeliarossi@gmail.com;Consumidor final;ELIANA;0;0;Ninguno;Pesos;0;;;;; ;
143;Categoria 1;Habilitado;Gonzalo Cespedes;Planeta Plotter;;Tucuman 242;Mar de Ajo;Sin especificar;planetaplotter@gmail.com;Consumidor final;Gonzalo Cespedes;0;0;Ninguno;Pesos;0;;;;; ;
144;Categoria 1;Habilitado;FABIO DIAZ;;;VIEDMA 309;Rio Grande;Sin especificar;screenflowrg@gmail.com;IVA Sujeto Exento;FABIO DIAZ;0;0;Ninguno;Pesos;0;;;;; ;
145;Categoria 1;Habilitado;GERALDINE MAROTTA;;;Pje Gonzalez Catan 4521 timbre 3;Capital Federal;Sin especificar;info@byanima.com.ar;Responsable Monotributo;GERALDINE MAROTTA;27305573448;0;Ninguno;Pesos;0;;;;; ;
146;Categoria 1;Habilitado;TALLERES GRAFICOS CILENTO S R L;;42409977;VIAMONTE 875;Lanus este;Sin especificar;presupuestos@cilento.com.ar;IVA Responsable Inscripto;TALLERES GRAFICOS CILENTO S R L;30519188801;0;Ninguno;Pesos;0;;;;; ;
147;Categoria 1;Habilitado;SICORP S.A.;;+54 11 4741 4703/7892/8806;ARENALES 3069 1°B;Capital Federal;Sin especificar;compras@pradoimagen.com.ar;IVA Responsable Inscripto;SICORP S.A.;30709242748;0;Ninguno;Pesos;0;;;;; ;
148;Categoria 1;Habilitado;JEFATURA DE POLICIA DE RIO NEGRO;;;J A ROCA 247;VIEDMA;Sin especificar;d2suministros@policia.rionegro.gov.ar;IVA Sujeto Exento;JEFATURA DE POLICIA DE RIO NEGRO;30707503307;0;Ninguno;Pesos;0;;;;; ;
149;Categoria 1;Habilitado;EMMANUEL DIRIBARNE ;OTTO PERSONALIZADOS;;Hipolito Yrigoyen 1348 local 2;LAPRIDA;Sin especificar;ediribarne@gmail.com;Consumidor final;EMMANUEL DIRIBARNE ;0;0;Ninguno;Pesos;0;;;;; ;
150;Categoria 1;Habilitado;COPILEIDY SERVICIO GRAFICO INTEGRAL SRL;;53527000 Int 245;Viamonte 340;Capital Federal;Sin especificar;compras@copileidy.com;IVA Responsable Inscripto;COPILEIDY SERVICIO GRAFICO INTEGRAL SRL;30610614953;0;Ninguno;Pesos;0;;;;; ;
151;Categoria 1;Habilitado;BERMUDEZ ARNALDO DANIEL;;;ROTARY 23;Caleta Olivia;Sin especificar;daniel.bermudez@set.ypf.com;Responsable Monotributo;BERMUDEZ ARNALDO DANIEL;27290585398;0;Ninguno;Pesos;0;;;;; ;
152;Categoria 1;Habilitado;CARLOS PAPINI;;;las heras 1077;Vicente lopez;Sin especificar;ploteovisual@gmail.com;IVA Responsable Inscripto;CARLOS PAPINI;20317636629;0;Ninguno;Pesos;0;;;;; ;
153;Categoria 1;Habilitado;MAURICIO ALFARO;;;Urquiza y san Lorenzo;Nogoya;Sin especificar;;Consumidor final;MAURICIO ALFARO;0;31863138;DNI;Pesos;0;;;;; ;
154;Categoria 1;Habilitado;ALTERGARTEN S A;;;BEIRO 3735;Capital Federal;Sin especificar;GUSTAVOLOPEZ89@HOTMAIL.COM;IVA Responsable Inscripto;ALTERGARTEN S A;30642336114;0;Ninguno;Pesos;0;;;;; ;
155;Categoria 1;Habilitado;AD PEOPLE S.A.;;;Cordoba 2057;BELLA VISTA;Sin especificar;emilia@adpeople.com.ar;IVA Responsable Inscripto;AD PEOPLE S.A.;30712651802;0;Ninguno;Pesos;0;;;;; ;
156;Categoria 1;Habilitado;Federico Jaime Stiefel;You Print;70780124;Bacacay 1827;Capital Federal;Sin especificar;contacto@mundovinilos.com.ar;IVA Responsable Inscripto;Federico Jaime Stiefel;20285571295;0;Ninguno;Pesos;0;;;;; ;
157;Categoria 1;Habilitado;GES ELECTRONICS SRL;;8004445003;Av. Nazca 2441;Capital Federal;Sin especificar;;IVA Responsable Inscripto;GES ELECTRONICS SRL;30709710881;0;Ninguno;Pesos;0;;;;; ;
158;Categoria 1;Habilitado;GRUPO ATLAS SRL;;;Bolivar 861;SAN LUIS;Sin especificar;infogrupoatlas@gmail.com;IVA Responsable Inscripto;GRUPO ATLAS SRL;30710699514;0;Ninguno;Pesos;0;;;;; ;
159;Categoria 1;Habilitado;DUEK MARCELO DARIO;;;Ciudad de la Paz 3505 piso 1 dpto B;Capital Federal;Sin especificar;marcelo@garryn.com.ar;IVA Responsable Inscripto;DUEK MARCELO DARIO;20253859173;0;Ninguno;Pesos;0;;;;; ;
160;Categoria 1;Habilitado;CANEVARI ANGELA MARIA;POSDATA;;CORONEL SUAREZ 59 DPTO 2;JUNIN DE LOS ANDES;Sin especificar;posdatagrafica@gmail.com;Responsable Monotributo;CANEVARI ANGELA MARIA;27283239719;0;Ninguno;Pesos;0;;;;; ;
161;Categoria 1;Habilitado;LEO ARIKAWA;;;Av Sisto Rodriguez 1772;Coronel Suarez;Sin especificar;;Consumidor final;ARIKAWA;0;20386525;DNI;Pesos;0;;;;; ;
162;Categoria 1;Habilitado;DI MASI MARTIN JORGE;;;VIAMONTE 1525 DEPTO 3;Lomas de Zamora;Sin especificar;;IVA Responsable Inscripto;DI MASI MARTIN JORGE;20251540048;0;Ninguno;Pesos;0;;;;; ;
163;Categoria 1;Habilitado;BASE TRES S R L;;;33 ORIENTALES 1607;Capital Federal;Sin especificar;scalvitti@base3.net;IVA Responsable Inscripto;BASE TRES S R L;30679030899;0;Ninguno;Pesos;0;;;;; ;
164;Categoria 1;Habilitado;SYMTRON SA;;+54 11 52633232;Pueyrredón 3831;Ciudadela;Sin especificar;dpanzarin@symtron.com.ar;IVA Responsable Inscripto;SYMTRON SA;30713895306;0;Ninguno;Pesos;0;;;;; ;
165;Categoria 1;Habilitado;szaiko srl;;45851592;caracas 1544;Capital Federal;Sin especificar;infoxes@fibertel.com.ar;IVA Responsable Inscripto;szaiko srl;30708643765;0;Ninguno;Pesos;0;;;;; ;
166;Categoria 1;Habilitado;Sergio Aliendro ;;;Founrouge 3300;Capital Federal;Sin especificar;;IVA Responsable Inscripto;Sergio Aliendro ;20214710405;0;Ninguno;Pesos;0;;;;; ;
167;Categoria 1;Habilitado;Rodriguez Quiroga S.H.;;;Av. Aconquista 2255;Yerba Buena;Sin especificar;andreaappas@hotmail.com;IVA Responsable Inscripto;Rodriguez Quiroga S.H.;33714981159;0;Ninguno;Pesos;0;;;;; ;
168;Categoria 1;Habilitado;FUERZA AEREA ARGENTINA;;;ZANNI PEDRO COMODORO 250 PISO 2 DTO 214;Capital Federal;Sin especificar;;IVA Sujeto Exento;FUERZA AEREA ARGENTINA;33628302729;0;Ninguno;Pesos;0;;;;; ;
169;Categoria 1;Habilitado;ALEJANDRO MANRIQUEZ;;;Santa cruz 249;Comodoro Rivadavia;Sin especificar;;Consumidor final;ALEJANDRO MANRIQUEZ;0;25619275;DNI;Pesos;0;;;;; ;
170;Categoria 1;Habilitado;MAURO ALVARADO;;;;Ranelagh;Sin especificar;Gcestampados@gmail.com;Consumidor final;MAURO ALVARADO;0;0;Ninguno;Pesos;0;;;;; ;
171;Categoria 1;Habilitado;PABLO SUAREZ;;;RECONQUISTA 375 DEPARTAMENTO 12;Chacabuco;Sin especificar;pablosuarez_87@hotmail.com;Consumidor final;PABLO SUAREZ;0;0;Ninguno;Pesos;0;;;;; ;
172;Categoria 1;Habilitado;ARIEL BRIZUELA;;;Francisco Hue 2830;SAN MARTIN;Sin especificar;;Consumidor final;ARIEL BRIZUELA;0;0;Ninguno;Pesos;0;;;;; ;
173;Categoria 1;Habilitado;DE LA LAMA CRISTIAN;;;RGTO 3 DE CABALLERIA 1001;Trenque Lauquen;Sin especificar;cristian@visual1.com.ar;IVA Responsable Inscripto;DE LA LAMA CRISTIAN;20273546899;0;Ninguno;Pesos;0;;;;; ;
174;Categoria 1;Habilitado;PEREZ FABRICIO MAXIMILIANO;;;AV. BELGRANO 2076;VILLA DOLORES;Sin especificar;;Consumidor final;PEREZ FABRICIO MAXIMILIANO;0;30941215;DNI;Pesos;0;;;;; ;
175;Categoria 1;Habilitado;SZTRYK DINA FABIANA;;;;Capital Federal;Sin especificar;ARTICULOSLASER@HOTMAIL.COM;IVA Responsable Inscripto;SZTRYK DINA FABIANA;27205698073;0;Ninguno;Pesos;0;;;;; ;
176;Categoria 1;Habilitado;DEDUS DE GARAVANO NELSON RODRIGO Y NANNICELLI NEVES FERNANDO;;46133022;AV RIVADAVIA 6817 LOC 28;Capital Federal;Sin especificar;grafica_dedus@hotmail.com;IVA Responsable Inscripto;DEDUS DE GARAVANO NELSON RODRIGO Y NANNICELLI NEVES FERNANDO ESTEBAN S DE HECHO;30692908739;0;Ninguno;Pesos;0;;;;; ;
177;Categoria 1;Habilitado;EMMANUEL ALI;MGCALCOS;;Gral Paz 4787 piso 2 depto 4;Mar del plata;Sin especificar;mohamito@hotmail.com;Consumidor final;EMMANUEL ALI;0;0;Ninguno;Pesos;0;;;;; ;
178;Categoria 1;Habilitado;MOREX DISEÑO INTEGRAL SA;;;Estado de Israel 1323;RIO CUARTO;Sin especificar;compras@morex.com.ar;IVA Responsable Inscripto;MOREX DISEÑO INTEGRAL SA;33714878749;0;Ninguno;Pesos;0;;;;; ;
179;Categoria 1;Habilitado;Macedo Cesar Geronimo;;;Curupayti 3007;Victoria;Sin especificar;administracion@vis-comunicacion.com;IVA Responsable Inscripto;Macedo Cesar Geronimo;20239456074;0;Ninguno;Pesos;0;;;;; ;
180;Categoria 1;Habilitado;GR publicidad;;;;Capital Federal;Sin especificar;;Consumidor final;GR publicidad;0;11111111;DNI;Pesos;0;;;;; ;
181;Categoria 1;Habilitado;DECHAIDE;;;;Capital;Sin especificar;;Consumidor final;DECHAIDE;0;11111111;DNI;Pesos;0;;;;; ;
182;Categoria 1;Habilitado;GARCIA ALFANO FEDERICO;;;AV. CENTENARIO 2480;BECCAR;Sin especificar;administracion@estudioguga.com;IVA Responsable Inscripto;GARCIA ALFANO FEDERICO;24251450885;0;Ninguno;Pesos;0;;;;; ;
183;Categoria 1;Habilitado;CARLOS HUGO MACHADO;CARLITOS SOLUCIONES GRAFICAS;;CAMILO MELET 675;CATAMARCA;Sin especificar;carlitossolucionesgraficas@hotmail.com;Consumidor final;CARLOS HUGO MACHADO;0;111111111;DNI;Pesos;0;;;;; ;
184;Categoria 1;Habilitado;MACIEL JUAN MANUEL;Juan Manuel Maciel;+54 9 11 5180-9696;Manuela Pedraza 5475.;Capital Federal;Sin especificar;juanmanuel@autografica.com.ar;IVA Responsable Inscripto;MACIEL JUAN MANUEL;20221793723;0;Ninguno;Pesos;0;;;;; ;
185;Categoria 1;Habilitado;Javier de ramos mejia;;;Cisneros 1365 Dto 2;Ramos Mejia;Sin especificar;;Consumidor final;Javier de ramos mejia;0;11111111;DNI;Pesos;0;;;;; ;
186;Categoria 1;Habilitado;Alejandro Villa Dolores;;;;VILLA DOLORES;Sin especificar;ALE.VDOLORES@GMAIL.COM;Consumidor final;Alejandro Villa Dolores;0;11111111;DNI;Pesos;0;;;;; ;
187;Categoria 1;Habilitado;KAILASH S.A.;;;MARIANO FRAGUEIRO 3214;Cordoba capital;Sin especificar;;IVA Responsable Inscripto;KAILASH S.A.;30715233130;0;Ninguno;Pesos;0;;;;; ;
188;Categoria 1;Habilitado;SZENKIERMAN GRACIELA Y RIVERA MONGUE LUIS JAVIER SH;;;AV CORRIENTES 4507;Capital Federal;Sin especificar;scan@coprint.com.ar;IVA Responsable Inscripto;SZENKIERMAN GRACIELA Y RIVERA MONGUE LUIS JAVIER SH;30708644303;0;Ninguno;Pesos;0;;;;; ;
189;Categoria 1;Habilitado;CARTELITO GRAFICA JUJUY;;;;JUJUY;Sin especificar;;Consumidor final;CARTELITO GRAFICA JUJUY;0;0;Ninguno;Pesos;0;;;;; ;
190;Categoria 1;Habilitado;DAVID BEDOGNI;;;Las tropas 1417;Lomas de Zamora;Sin especificar;;Consumidor final;DAVID BEDOGNI;0;0;Ninguno;Pesos;0;;;;; ;
191;Categoria 1;Habilitado;PANA ILUMINACION S.A.;;;BOYACA 272 10° A;Capital Federal;Sin especificar;sabrisegura@gmail.com;IVA Responsable Inscripto;PANA ILUMINACION S.A.;30715582992;0;Ninguno;Pesos;0;;;;; ;
192;Categoria 1;Habilitado;Ramos Oscar Felix;;;;Quilmes;Sin especificar;;IVA Responsable Inscripto;Ramos Oscar Felix;20051379560;0;Ninguno;Pesos;0;;;;; ;
193;Categoria 1;Habilitado;BAROUSSE GUILLERMO Y MIÑANA FACUNDO S DE H;;;GASCON 127;San Isidro;Sin especificar;;IVA Responsable Inscripto;BAROUSSE GUILLERMO Y MIÑANA FACUNDO S DE H;30683480475;0;Ninguno;Pesos;0;;;;; ;
194;Categoria 1;Habilitado;INSUMOS VIALES SA;;03462 407001;Roberto Imperiale Pque Ind La;VENADO TUERTO;Sin especificar;acs@insumosviales.com;IVA Responsable Inscripto;INSUMOS VIALES SA;30682685162;0;Ninguno;Pesos;0;;;;; ;
195;Categoria 1;Habilitado;CINTIA LANDO;;;MARTIN GARCIA 3625;Quilmes;Sin especificar;;Consumidor final;CINTIA LANDO;0;111111111;DNI;Pesos;0;;;;; ;
196;Categoria 1;Habilitado;Martinez Veas Jorge Pablo;Idion Graifca ;;Avenida Brasil 2944;Capital Federal;Sin especificar;idiongrafica@gmail.com;IVA Responsable Inscripto;Martinez Veas Jorge Pablo;20925838862;0;Ninguno;Pesos;0;;;;; ;
197;Categoria 1;Habilitado;DOT COMUNICACIONES S.R.L.;;;Avenida Presidente Arturo Illia 9851 - ex Ruta 8 km 38.5;Jose C Paz;Sin especificar;mikecaprile@me.com;IVA Responsable Inscripto;DOT COMUNICACIONES S.R.L.;33714365849;0;Ninguno;Pesos;0;;;;; ;
198;Categoria 1;Habilitado;CEDAM SOCIEDAD ANONIMA;;0221 4915180 INT 150;PARQUE INDUSTRIAL LA PLATA TUTA 2 KM 55 Y AV 520 (EL ABASTO);La plata;Sin especificar;;IVA Responsable Inscripto;CEDAM SOCIEDAD ANONIMA;30576323138;0;Ninguno;Pesos;0;;;;; ;
199;Categoria 1;Habilitado;TOMINO LEONARDO;;;Coronel Suarez 697;Junin;Sin especificar;fernando@ideascolectivas.com;IVA Responsable Inscripto;TOMINO LEONARDO;20233986845;0;Ninguno;Pesos;0;;;;; ;
200;Categoria 1;Habilitado;MORENI FERNANDO ARIEL;;;Gral Frias 126;Junin;Sin especificar;fernando@ideascolectivas.com;IVA Responsable Inscripto;MORENI FERNANDO ARIEL;23318136599;0;Ninguno;Pesos;0;;;;; ;
201;Categoria 1;Habilitado;ALEFIC S.A.;;;AV CRAMER 2212;Buenos Aires;Sin especificar;gaston.lingenfelder@termocrom.com.ar;IVA Responsable Inscripto;ALEFIC S.A.;30714191299;0;Ninguno;Pesos;0;;;;; ;
202;Categoria 1;Habilitado;ROTULA2 SRL;;;Av Gales 1173 local 5;Puerto Madryn;Sin especificar;compras@rotula2.com.ar;IVA Responsable Inscripto;ROTULA2 SRL;30714863718;0;Ninguno;Pesos;0;;;;; ;
203;Categoria 1;Habilitado;PABLO ZARANDONA;;;ANTESANA 261;Capital Federal;Sin especificar;;IVA Responsable Inscripto;PABLO ZARANDONA;20284608330;0;Ninguno;Pesos;0;;;;; ;
204;Categoria 1;Habilitado;BUGS SOLUCIONES ELECTRONICAS SA;;;Bacacay 2385;Capital Federal;Sin especificar;;IVA Responsable Inscripto;BUGS SOLUCIONES ELECTRONICAS SA;30651530667;0;Ninguno;Pesos;0;;;;; ;
205;Categoria 1;Habilitado;ARIEL GRASSI;LUCA PLOTTERS;;Rodriguez 1121;TANDIL;Sin especificar;;Consumidor final;ARIEL GRASSI;0;26937867;DNI;Pesos;0;;;;; ;
206;Categoria 1;Habilitado;CAPUTO YANINA;;;17 n° 634;Mercedes;Sin especificar;yancaputo1@gmail.com;IVA Responsable Inscripto;CAPUTO YANINA;27358667614;0;Ninguno;Pesos;0;;;;; ;
207;Categoria 1;Habilitado;GHM S.R.L.;;;ESTEBAN ECHEVERRIA (S) 772;SAN JUAN;Sin especificar;fernanda@ghmimpresores.com;IVA Responsable Inscripto;GHM S.R.L.;30710156731;0;Ninguno;Pesos;0;;;;; ;
208;Categoria 1;Habilitado;QUISPE VILTE MILTON ALEJANDRO;Milton;+54 9 11 2268-9500;Av Álvarez jonte 4024;Capital Federal;Sin especificar;misturaimagen@gmail.com;IVA Responsable Inscripto;QUISPE VILTE MILTON ALEJANDRO;20188041583;0;Ninguno;Pesos;0;;;;; ;
209;Categoria 1;Habilitado;TOLE SA DE PUBLICIDAD;;;AV. MITRE 5655;Caseros;Sin especificar;mirna@tolepublicidad.com.ar;IVA Responsable Inscripto;TOLE SA DE PUBLICIDAD;30615720360;0;Ninguno;Pesos;0;;;;; ;
210;Categoria 1;Habilitado;Compañia forestal del sud SA;;;Jose Ingenieros 2444;Olivos;Sin especificar;;IVA Responsable Inscripto;Compañia forestal del sud SA;33523158339;0;Ninguno;Pesos;0;;;;; ;
211;Categoria 1;Habilitado;GALLUCCI FERNANDO FABIAN;;;Bernardo de Irigoyen 1089;Quilmes;Sin especificar;info@doblesentido.net;IVA Responsable Inscripto;GALLUCCI FERNANDO FABIAN;20220805469;0;Ninguno;Pesos;0;;;;; ;
212;Categoria 1;Habilitado;Pablo Bahia Blanca;;;;Bahia Blanca;Buenos Aires;;Consumidor final;Pablo Bahia Blanca;0;111111111;DNI;Pesos;0;;;;; ;
213;Categoria 1;Habilitado;SERGIO SOCIAL VISUAL;Sergio;+54 9 11 3826-6964;Av. de mayo 699;Villa Adelina;Sin especificar;;Consumidor final;SERGIO SOCIAL VISUAL;0;11111111;DNI;Pesos;0;;;;; ;
214;Categoria 1;Habilitado;CASALI SERGIO EDUARDO;Pablo Casali;+54 9 2915 73-9674;NAMUNCURA 562;Bahia Blanca;Buenos Aires;cyc_letreros@yahoo.com.ar;IVA Responsable Inscripto;CASALI SERGIO EDUARDO;20128624431;0;Ninguno;Pesos;0;;;;; ;
215;Categoria 1;Habilitado;BARRETO DIANA GRACIELA;;;GDOR. BARREYRO 4007;POSADAS;Misiones;capitaluno@outlook.es;IVA Responsable Inscripto;BARRETO DIANA GRACIELA;27234443173;0;Ninguno;Pesos;0;;;;; ;
216;Categoria 1;Habilitado;CARTELGRAF INDUSTRIA PUBLICITARIA S.R.L.;;;BERNARDO DE IRIGOYEN 1936;Boulogne / San isidro;Sin especificar;;IVA Responsable Inscripto;CARTELGRAF INDUSTRIA PUBLICITARIA S.R.L.;30715288636;0;Ninguno;Pesos;0;;;;; ;
217;Categoria 1;Habilitado;PUBLICITY GRUP S.A.;;54773729;;Capital Federal;Sin especificar;;IVA Responsable Inscripto;PUBLICITY GRUP S.A.;30714698016;0;Ninguno;Pesos;0;;;;; ;
218;Categoria 1;Habilitado;Juan Cativa;;2954-421145;lllll;Santa Rosa;Sin especificar;juancatuva@hotmail.com;Consumidor final;Juan Cativa;0;0;Ninguno;Pesos;0;;;;; ;
219;Categoria 1;Habilitado;THE LOVER S.R.L.;;;MAURE 3410;Capital Federal;Sin especificar;manutbd@gmail.com;IVA Responsable Inscripto;THE LOVER S.R.L.;33713700709;33;DNI;Pesos;0;;;;; ;
220;Categoria 1;Habilitado;CARTELES LUMINOSOS J S SRL;JUAN CATIVA;2954-421145;MARCOS MOLAS 308;Santa Rosa;Sin especificar;juancativa@hotmail.com;IVA Responsable Inscripto;CARTELES LUMINOSOS J S SRL;30707609806;0;Ninguno;Pesos;0;;;;; ;
221;Categoria 1;Habilitado;MINOR FABRIZIO ADOR;;;PROVINCIAS UNIDAS 715 PISO PB DPTO 1;Rio Grande;Sin especificar;fabriziominor@yahoo.com.ar;Consumidor final;MINOR FABRIZIO ADOR;20231300490;0;Ninguno;Pesos;0;;;;; ;
222;Categoria 1;Habilitado;GALINDO EDGARDO GASTON;;;PEDRO C. MOLINA 1119;ALMAFUERTE;Sin especificar;geg.grafica@gmail.com;Consumidor final;GALINDO EDGARDO GASTON;0;33658212;DNI;Pesos;0;;;;; ;
223;Categoria 1;Habilitado;GROWUP DESIGN SOCIEDAD RESPOSABILIDAD LIMITADA;Daniela;+54 9 11 5960-7889;LEZICA 3964 ;Capital;Sin especificar;ADMINISTRACION@GROWUPDESIGN.COM;IVA Responsable Inscripto;GROWUP DESIGN SOCIEDAD RESPOSABILIDAD LIMITADA;30711124140;0;Ninguno;Pesos;0;;;;; ;
224;Categoria 1;Habilitado;Patricio Fernandez;;;;Capital Federal;Sin especificar;fernandez.patricio@hotmail.com;Consumidor final;Patricio Fernandez;0;0;Ninguno;Pesos;0;;;;; ;
225;Categoria 1;Habilitado;Talleres de Lucille;Sandra;;av corrientes 1438 2° H;Capital Federal;Sin especificar;info@talleresdelucille.com;Consumidor final;Talleres de Lucille;0;0;Ninguno;Pesos;0;;;;; ;
226;Categoria 1;Habilitado;BOJART MARIA EUGENIA;;;Malaver 1702 Florida;Vicente lopez;Sin especificar;info@bojart.com.ar;IVA Responsable Inscripto;BOJART MARIA EUGENIA;27163153284;0;Ninguno;Pesos;0;;;;; ;
227;Categoria 1;Habilitado;PABLO DE NUNZIO;;;melo 3258;Vicente lopez;Sin especificar;administracion@stnpublicidad.com.ar;IVA Responsable Inscripto;PABLO DE NUNZIO;20244244670;0;Ninguno;Pesos;0;;;;; ;
228;Categoria 1;Habilitado;FILMES S.A.;;;bonpland 1371;Capital Federal;Sin especificar;mirellahh@gmail.com;IVA Responsable Inscripto;FILMES S.A.;30691298147;0;Ninguno;Pesos;0;;;;; ;
229;IVA Responsable Inscripto;Habilitado;INSAURRALDE CLAUDIO RODRIGO;CALCOGRAF;;RUTA 16 E/ 34 Y 36 COLECTORA NORTE 0;PRESIDENCIA ROQUE SAENZ PEÑA;Chaco;calcograf_dg@yahoo.com.ar;IVA Responsable Inscripto;INSAURRALDE CLAUDIO RODRIGO;20298102383;29810238;DNI;Pesos;0;;;;; ;
230;Categoria 1;Habilitado;QUIERO LA DATA S.R.L.;;;DARWIN 790;Capital Federal;Sin especificar;;IVA Responsable Inscripto;QUIERO LA DATA S.R.L.;30715078569;0;Ninguno;Pesos;0;;;;; ;
231;Categoria 1;Habilitado;ADRIAN GUANUCO;;0221-4942038;;La plata;Sin especificar;;Consumidor final;ADRIAN GUANUCO;0;18412539;DNI;Pesos;0;;;;; ;
232;Categoria 1;Habilitado;SCIORTINO SEBASTIAN JOEL;Prographic;42832827;PTE J. D. PERON 255;Lomas de Zamora;Sin especificar;administracion@prographic.com.ar;IVA Responsable Inscripto;SCIORTINO SEBASTIAN JOEL;20320227519;0;Ninguno;Pesos;0;;;;; ;
233;Categoria 1;Habilitado;HUMHREYS EZEQUIEL;;;ALEM 845;Rincón de Milberg;Sin especificar;;Consumidor final;HUMHREYS EZEQUIEL;0;33345307;DNI;Pesos;0;;;;; ;
234;Categoria 1;Habilitado;agustin giovana;;;;ROSARIO;Santa Fe;;Consumidor final;agustin giovana;0;0;Ninguno;Pesos;0;;;;; ;
235;Categoria 1;Habilitado;WE INSTALL PTY;ADRIAN MARTINEZ;;CORRIENTES 6393;Capital Federal;Sin especificar;WEINSTALL.ARGENTINA@GMAIL.COM;Consumidor final;WE INSTALL PTY;0;95693306;DNI;Pesos;0;;;;; ;
236;Categoria 1;Habilitado;NICOLAS GIANGUALANI;Print House Recoleta;;Ayacucho 1626;Capital Federal;Sin especificar;ngiangualani@printhouse.com.ar;IVA Responsable Inscripto;NICOLAS GIANGUALANI;20340220235;0;Ninguno;Pesos;0;;;;; ;
237;Categoria 1;Habilitado;GRAFICA EXTREMA S.R.L.;;;MENDOZA 4686;Mar del plata;Sin especificar;comercial@graficaextrema.com.ar;IVA Responsable Inscripto;GRAFICA EXTREMA S.R.L.;30711872333;0;Ninguno;Pesos;0;;;;; ;
238;Categoria 1;Habilitado;MONGUELEN S.A.;;;AV DEL LIBERTADOR 4980 PISO 7 DTO B;Capital Federal;Sin especificar;;IVA Responsable Inscripto;MONGUELEN S.A.;30714892785;0;Ninguno;Pesos;0;;;;; ;
239;Categoria 1;Habilitado;INVERSIONES GV S.R.L.;;;AV. CHILE 1822;SALTA;Sin especificar;monodurand@hotmail.com;IVA Responsable Inscripto;INVERSIONES GV S.R.L.;30714680400;0;Ninguno;Pesos;0;;;;; ;
240;Categoria 1;Habilitado;MAURO LECHNER;(Facundo Miller);;;Bahia Blanca;Buenos Aires;;Consumidor final;MAURO LECHNER;0;32962449;DNI;Pesos;0;;;;; ;
241;Categoria 1;Habilitado;DONNET ROMINA BELEN ;;;Martin Coronado 3261;Cordoba capital;Sin especificar;info@cartelescordoba.com;IVA Responsable Inscripto;DONNET ROMINA BELEN ;27310536844;0;Ninguno;Pesos;0;;;;; ;
242;Categoria 1;Habilitado;Letratec SA;;47300091;Avenida Mitre 2039;Munro;Sin especificar;info@letratec.com;IVA Responsable Inscripto;Letratec SA;30710865031;0;Ninguno;Pesos;0;;;;; ;
243;Categoria 1;Habilitado;GrupoMod SRL;Grupo Mod;;Castañeda 1871 Piso 2 Depto 23 ;Capital Federal;Sin especificar;tomas@grupomod.com;IVA Responsable Inscripto;GrupoMod SRL;30714469890;0;Ninguno;Pesos;0;;;;; ;
244;Categoria 1;Habilitado;DE BARI DAMIANA ANGELA;;;;Avellaneda;Sin especificar;;Responsable Monotributo;DE BARI DAMIANA ANGELA;27124037145;0;Ninguno;Pesos;0;;;;; ;
245;Categoria 1;Habilitado;OCAMPO MARIA SILVINA;;;ITALIA 1665;GENERAL ROCA;Sin especificar;genialprint@gmail.com;IVA Responsable Inscripto;OCAMPO MARIA SILVINA;27268715261;0;Ninguno;Pesos;0;;;;; ;
246;Categoria 1;Habilitado;ALBUS;;;Viamonte 965;Capital Federal;Sin especificar;mmari@viacorreo.com.ar;IVA Responsable Inscripto;ALBUS;33659735909;0;Ninguno;Pesos;0;;;;; ;
247;Categoria 1;Habilitado;FRANK EDUARDO DANIEL;;;oHIGGINS 2813;Olivos;Sin especificar;;IVA Responsable Inscripto;FRANK EDUARDO DANIEL;20108890151;0;Ninguno;Pesos;0;;;;; ;
248;Categoria 1;Habilitado;Porta Alejandro Maximiliano;Tecno materiales Polyfan;;Gobernador Freyre 6673;Santa Fe;Sin especificar;ventas@tecnoletras.com;IVA Responsable Inscripto;Porta Alejandro Maximiliano;20247790560;0;Ninguno;Pesos;0;;;;; ;
249;Categoria 1;Habilitado;Eduardo Leiva;;;Santiago liniers 4161 ;Jose C Paz;Sin especificar;eduardoleiva83@hotmail.com;Consumidor final;Eduardo Leiva;0;0;Ninguno;Pesos;0;;;;; ;
250;Categoria 1;Habilitado;Maria Laura Pellegrini;;;Rincon  1341 A;Capital Federal;Sin especificar;;Consumidor final;Maria Laura Pellegrini;0;11111111;DNI;Pesos;0;;;;; ;
251;Categoria 1;Habilitado;Yanina Gabriela Vilte;;;Luisa Rufino 232;Rio Grande;Sin especificar;yani.vilte@live.com.ar;Consumidor final;Yanina Gabriela Vilte;0;0;Ninguno;Pesos;0;;;;; ;
252;Categoria 1;Habilitado;RAUL NAVARROS;;;;Capital Federal;Sin especificar;;Consumidor final;RAUL NAVARROS;0;0;Ninguno;Pesos;0;;;;; ;
253;Categoria 1;Habilitado;DIAZ CLAUDIO SANDRO;;;CONSTITUCION 1656;TANDIL;Sin especificar;;IVA Responsable Inscripto;DIAZ CLAUDIO SANDRO;20185873510;0;Ninguno;Pesos;0;;;;; ;
254;Categoria 1;Habilitado;TRASCOPIER S A;;;TTE. GRAL JUAN PERON 1781;Capital Federal;Sin especificar;adoglione@trascopier.com;IVA Responsable Inscripto;TRASCOPIER S A;30646420209;0;Ninguno;Pesos;0;;;;; ;
255;Categoria 1;Habilitado;N.C.C S.R.L.;;;ESPAÑA 167;SAN JUAN;Sin especificar;gerencia@graficaplus.net;IVA Responsable Inscripto;N.C.C S.R.L.;30714180343;0;Ninguno;Pesos;0;;;;; ;
256;Categoria 1;Habilitado;MARISOL VALLE ORNATO;;;AV 25 DE MAYO 346;Azul;Sin especificar;VALLEMARISOL@HOTMAIL.COM;Consumidor final;MARISOL VALLE ORNATO;0;11111111;DNI;Pesos;0;;;;; ;
257;Categoria 1;Habilitado;JUANJO VALDEZ ;;;b° republica argentina manz. D lote 40;CATAMARCA;Sin especificar;;Consumidor final;JUANJO VALDEZ ;0;31197097;DNI;Pesos;0;;;;; ;
258;Categoria 1;Habilitado;D AGOSTINO NORMA GRACIELA;(DIEGO GRAFICA PUGLIESE);;33 ORIENTALES 679;Capital Federal;Sin especificar;Info@artesgraficastupac.com.ar;IVA Responsable Inscripto;D AGOSTINO NORMA GRACIELA;27141213437;0;Ninguno;Pesos;0;;;;; ;
259;Categoria 1;Habilitado;MAYER TECNOLOGIA;;;;GUALEGUAYCHU;Sin especificar;mayerdario8@gmail.com;Consumidor final;MAYER TECNOLOGIA;0;0;Ninguno;Pesos;0;;;;; ;
260;Categoria 1;Habilitado;JUAN JOSE D ESTEFANO Y MARCOS D ESTEFANO SH;;03329-424756;L. Mansilla 500;San Pedro;Sin especificar;info@letrerosdestefano.com.ar;IVA Responsable Inscripto;JUAN JOSE D ESTEFANO Y MARCOS D ESTEFANO SH;33667174479;0;Ninguno;Pesos;0;;;;; ;
261;Categoria 1;Habilitado;UN PUNTITO;KEKI;;;Capital Federal;Sin especificar;;Consumidor final;UN PUNTITO;0;0;Ninguno;Pesos;0;;;;; ;
262;Categoria 1;Habilitado;DIEGO DOVAL;;;;Capital Federal;Sin especificar;;Consumidor final;DIEGO DOVAL;0;0;Ninguno;Pesos;0;;;;; ;
263;Categoria 1;Habilitado;HERNAN DOS KA;;47502983;AV MITRE 4496;Caseros;Sin especificar;hfigeroa@doska.com.ar;Consumidor final;HERNAN DOS KA;20288570435;0;Ninguno;Pesos;0;;;;; ;
264;Categoria 1;Habilitado;Roberto Alvarez;Taller Visual;46412754/1593;Cortina 1976;Capital Federal;Sin especificar;ventas@tallervisual.com.ar;Responsable Monotributo;Roberto Alvarez;20225039403;0;Ninguno;Pesos;0;;;;; ;
265;Categoria 1;Habilitado;CANOVIL EDUARDO OMAR;;+54 2223 445764;FRENCH 435;CORONEL BRANDSEN;Sin especificar;ecanovil@yahoo.com.ar;IVA Responsable Inscripto;CANOVIL EDUARDO OMAR;20146880097;0;Ninguno;Pesos;0;;;;; ;
266;Categoria 1;Habilitado;NICOLAS LINGUA;;;;VILLA CONSTITUCION;Sin especificar;;Consumidor final;NICOLAS LINGUA;0;11111111;DNI;Pesos;0;;;;; ;
267;Categoria 1;Habilitado;CENTRO CARROCERO CORWIN S A;;47596494;GUAMINI 5344;Caseros;Sin especificar;yolanda@bimet.net;IVA Responsable Inscripto;CENTRO CARROCERO CORWIN S A;30646318420;0;Ninguno;Pesos;0;;;;; ;
268;Categoria 1;Deshabilitado;FLORENCIA DAVIDSON;FLORENCIA DAVIDSON;+54 9 2966 63-1780;PELLEGRINO 457;RIO GALLEGOS;Sin especificar;fdvinilos95@gmail.com;IVA Responsable Inscripto;VERONICA WATSON;0;32744040;DNI;Pesos;0;;<p>ENVIAR SIEMPRE A SUCURSAL RETIRA LA CLIENTA !!!!!!!!!!!!!</p><p><br></p><p>NO CON ENVIO A DOMICILIO NI RETIRO POR DISGRAF!!!!!!!!!!!!!!</p>;;; ;
269;Categoria 1;Habilitado;DIEGO/VANESA BASUALDO;;;SAN JOSE 3082 1 a;Victoria;Sin especificar;vane_tevez@live.com.ar;Consumidor final;DIEGO/VANESA BASUALDO;0;11111111;DNI;Pesos;0;;;;; ;
270;Categoria 1;Habilitado;GASTON PEGNO;;;Victorica 208;MORENO;Sin especificar;;Consumidor final;GASTON PEGNO;0;0;Ninguno;Pesos;0;;;;; ;
271;Categoria 1;Habilitado;Lemur SRL;Leandro Mansilla;;Fitz Roy 2311;Rincón de Milberg;Sin especificar;tomas@lemur.com.ar;IVA Responsable Inscripto;Lemur SRL;30715178687;0;Ninguno;Pesos;0;;;;; ;
272;Categoria 1;Habilitado;DEMIAN GOYCOCHEA;Demian;+54 9 11 5001-6234;Av emilio castro 5213;Capital Federal;Sin especificar;car_black_polarizados@hotmail.com;Consumidor final;DEMIAN GOYCOCHEA;0;11111;DNI;Pesos;0;;;;; ;
273;Categoria 1;Habilitado;Jonathan Sebastian Navarre;Jonathan;+54 9 11 2440-1424;Gibraltar 5955;ISIDRO CASANOVA;Sin especificar;Jonathanavarre@gmail.com;Consumidor final;Jonathan Navarre;0;0;Ninguno;Pesos;0;;;;; ;
274;Categoria 1;Habilitado;FEDERICO ORONA;;;;Campana;Sin especificar;;Consumidor final;FEDERICO ORONA;0;0;Ninguno;Pesos;0;;;;; ;
275;Categoria 1;Habilitado;POTENXA SRL;;;TEODORO VILARDEBO 2479;Capital Federal;Sin especificar;marceloadipisa@hotmail.com;IVA Responsable Inscripto;POTENXA SRL;30715148052;0;Ninguno;Pesos;0;;;;; ;
276;Categoria 1;Habilitado;YJIAS WALTER FABIAN;;;RUEDA 843;ROSARIO;Santa Fe;cesar@darkengrafica.com;IVA Responsable Inscripto;YJIAS WALTER FABIAN;20178035984;0;Ninguno;Pesos;0;;;;; ;
277;Categoria 1;Habilitado;MARQUEZ MARCELO SEBASTIAN;;;AV BELGRANO 1440;RESISTENCIA;Sin especificar;;IVA Responsable Inscripto;MARQUEZ MARCELO SEBASTIAN;20302901261;0;Ninguno;Pesos;0;;;;; ;
278;Categoria 1;Habilitado;JUAN ALBERTO;TALLER INDUSTRIA GRAFICA;;COLECTORA SUR 1078;Campana;Sin especificar;monzonjuan913@gmail.com;Consumidor final;JUAN ALBERTO;0;11111111;DNI;Pesos;0;;;;; ;
279;Categoria 1;Habilitado;EPELDE FACUNDO IGNACIO;Facundo;+54 9 3489 35-9999;DEL PINO 950;Campana;Sin especificar;info@ochogrados.com;Responsable Monotributo;EPELDE FACUNDO IGNACIO;20281299655;0;Ninguno;Pesos;0;;;;; ;
280;Categoria 1;Habilitado;Jovilandia;Jose Luis Prebe;;Hipolito Yrigoyen y juan vela;N. Riestra;Sin especificar;jovilandia.riestra@gmail.com;Consumidor final;Jovilandia;20350191128;0;Ninguno;Pesos;0;;;;; ;
281;Categoria 1;Deshabilitado;LANDIA S.R.L.;;;Aveida Dorrego 1246;Capital Federal;Sin especificar;manutbd@gmail.com;IVA Responsable Inscripto;LANDIA S.R.L.;30707218270;0;Ninguno;Pesos;0;;;;; ;
282;Categoria 1;Habilitado;DITCAR S.R.L.;Ruben Carnevali;;Avenida Capitan Rosales 718;El Palomar;Sin especificar;ruben_carnevali@yahoo.com.ar;IVA Responsable Inscripto;DITCAR S.R.L.;30714199109;0;Ninguno;Pesos;0;;;;; ;
283;Categoria 1;Habilitado;ARESDEN SRL;JULIO NIZETO;;Mariano Fragueiro 3214;Cordoba capital;Sin especificar;;IVA Responsable Inscripto;ARESDEN SRL;30715450913;0;Ninguno;Pesos;0;;;;; ;
284;Categoria 1;Habilitado;LEDESMA MARIA LORENA;;;Av Ricardo Balbin 550;San Miguel;Sin especificar;flashprinter2011@hotmail.com;IVA Responsable Inscripto;LEDESMA MARIA LORENA;27287553469;0;Ninguno;Pesos;0;;;;; ;
285;Categoria 1;Habilitado;GRAFICA SAO PAULO S.A.;Grafica Sao Paulo;2056-0908;Castillo 1366;Capital Federal;Sin especificar;info@graficasaopaulo.com.ar;IVA Responsable Inscripto;GRAFICA SAO PAULO S.A.;33711617669;0;Ninguno;Pesos;0;;;;; ;
286;Categoria 1;Habilitado;PROMISION PUBLICIDAD SRL;;;Calle Bolivar 2479;POSADAS;Misiones;;IVA Responsable Inscripto;PROMISION PUBLICIDAD SRL;30712363424;0;Ninguno;Pesos;0;;;;; ;
287;Categoria 1;Habilitado;UNIVERSIDAD NACIONAL DE LANUS;;;29 de Setiembre 3901;Lanus este;Sin especificar;roudejess@gmail.com;IVA Sujeto Exento;UNIVERSIDAD NACIONAL DE LANUS;30682873864;0;Ninguno;Pesos;0;;;;; ;
289;Categoria 1;Habilitado;ARTEYAUTO SRL;;;9 DE JULIO 665;LA COLONIA;Sin especificar;;IVA Responsable Inscripto;ARTEYAUTO SRL;30715201778;0;Ninguno;Pesos;0;;;;; ;
290;Categoria 1;Habilitado;MARTIN PATRONI;;;JOSE VERDI 1257;RIO CUARTO;Sin especificar;;Consumidor final;MARTIN PATRONI;0;27018385;DNI;Pesos;0;;;;; ;
291;Categoria 1;Habilitado;GIXMO S.R.L;;;RIO DE JANEIRO 324;Capital Federal;Sin especificar;matiaslanda@gmail.com;IVA Responsable Inscripto;GIXMO S.R.L;30715312049;0;Ninguno;Pesos;0;;;;; ;
292;Categoria 1;Habilitado;ENERGIA INTEGRAL SA;;;LIBERTADOR DEL AV. 602 P11;Capital Federal;Sin especificar;gpecoroff@gmail.com;IVA Responsable Inscripto;ENERGIA INTEGRAL SA;30611788521;0;Ninguno;Pesos;0;;;;; ;
293;Categoria 1;Habilitado;FUNDACION UNIVERSIDAD DE SAN ANDRES;;;VITO DUMAS 284;Victoria;Sin especificar;morenos@udesa.edu.ar;IVA Sujeto Exento;FUNDACION UNIVERSIDAD DE SAN ANDRES;33711134609;0;Ninguno;Pesos;0;;;;; ;
294;Categoria 1;Habilitado;EDUC.AR SOCIEDAD DEL ESTADO;;;RIVADAVIA M. CDRO. 1151;Capital Federal;Sin especificar;frisso@educ.gov.ar;IVA Sujeto Exento;EDUC.AR SOCIEDAD DEL ESTADO;30707219536;0;Ninguno;Pesos;0;;;;; ;
295;Categoria 1;Habilitado;INDUSTRIAS AUDIOVISUALES ARGENTINAS SA;;;Humboldt 1440;Capital Federal;Sin especificar;nacholuppi@gmail.com;IVA Responsable Inscripto;INDUSTRIAS AUDIOVISUALES ARGENTINAS SA;30657735899;0;Ninguno;Pesos;0;;;;; ;
296;Categoria 1;Habilitado;POINT;PABLO RAMIRO;;H IRIGIOYEN 1118;Quilmes;Sin especificar;nicopoint03@yahoo.com.ar;Consumidor final;POINT;0;0;Ninguno;Pesos;0;;;;; ;
297;Categoria 1;Habilitado;IGRAF SAS;;;Paraná 1012;Capital Federal;Sin especificar;Info@bondai.com.ar;IVA Responsable Inscripto;IGRAF SAS;30716007495;0;Ninguno;Pesos;0;;;;; ;
298;Categoria 1;Habilitado;Larreteguy Juan Cruz;;;Pasaje Bravard 4536;ROSARIO;Santa Fe;cesar@darkengrafica.com;IVA Responsable Inscripto;Larreteguy Juan Cruz;20399513910;0;Ninguno;Pesos;0;;;;; ;
299;Categoria 1;Habilitado;MIRANDA DIEGO JAVIER;;;PRETAL 722;PARQUE LELOIR;Sin especificar;jmiranda@fcmgrafica.com.ar;IVA Responsable Inscripto;MIRANDA DIEGO JAVIER;20217637229;0;Ninguno;Pesos;0;;;;; ;
300;Categoria 1;Habilitado;LESCURA VANESSA IRIS;;;BOUQUET ROLDAN 737;Neuquen;Sin especificar;visualdnqn@yahoo.com.ar;IVA Responsable Inscripto;LESCURA VANESSA IRIS;27237869090;0;Ninguno;Pesos;0;;;;; ;
301;Categoria 1;Habilitado;SABRINA ESPINA;;;MAZA 869 PISO 6 DTO A;Capital Federal;Sin especificar;S.ESPINA@HOTMAIL.COM;Consumidor final;SABRINA ESPINA;0;0;Ninguno;Pesos;0;;;;; ;
302;Categoria 1;Habilitado;PAPALEO MARCELO ALEJANDRO;;;SABIN 1911;Ranelagh;Sin especificar;heccarimpresos@hotmail.com;IVA Responsable Inscripto;PAPALEO MARCELO ALEJANDRO;20309112734;0;Ninguno;Pesos;0;;;;; ;
303;Categoria 1;Habilitado;ROCCA GUILLERMO EDUARDO;;;;DON BOSCO;Sin especificar;talleresrocca@yahoo.com.ar;IVA Responsable Inscripto;ROCCA GUILLERMO EDUARDO;20139224095;0;Ninguno;Pesos;0;;;;; ;
304;Categoria 1;Habilitado;FERNANDEZ JULIO GABRIEL;;;77- EX RIOBAMBA 2451;SAN MARTIN;Sin especificar;info@taugem.com.ar;IVA Responsable Inscripto;FERNANDEZ JULIO GABRIEL;20148953059;0;Ninguno;Pesos;0;;;;; ;
305;Categoria 1;Habilitado;FLORENCIA DEPINO;Florencia;+54 9 2214 95-7268;;Ciudad Autónoma De Buenos Aires;CABA;Lapeceravinilos@gmail.com;Consumidor final;FLORENCIA DEPINO;0;0;Ninguno;Pesos;0;;;;; ;
306;Categoria 1;Habilitado;F V SOCIEDAD ANONIMA;Debora tahuada ( F. V Sociedad Anónima);+54 9 11 3196-4583;;FLORIDA;Sin especificar;jpchevalie@fvsa.com;IVA Responsable Inscripto;F V SOCIEDAD ANONIMA;30500987878;0;Ninguno;Pesos;0;;;;; ;
307;Categoria 1;Habilitado;OLIVERA RODRIGO;Rodrigo osgraph;+54 9 11 6156-7033;VENEZUELA 2056 5A;Capital Federal;Sin especificar;barzaghivictoria@gmail.com;IVA Responsable Inscripto;OLIVERA RODRIGO;20290095833;0;Ninguno;Pesos;0;;;;; ;
308;Categoria 1;Habilitado;ALVAREZ HECTOR ANDRES;;;Pte Peron 1470;Quilmes;Sin especificar;Martin@desdezero.com.ar;IVA Responsable Inscripto;ALVAREZ HECTOR ANDRES;20255474694;0;Ninguno;Pesos;0;;;;; ;
309;Categoria 1;Habilitado;CESAR PLOTEOS;;;;HUDSON;Sin especificar;;Consumidor final;CESAR PLOTEOS;0;0;Ninguno;Pesos;0;;;;; ;
310;Categoria 1;Habilitado;GRAFFIKAT ;FABIAN OLEAS;;BARRIO 9 DE JULIO CALLE LIBERTAD 91;CATAMARCA;Sin especificar;graffikat@gmail.com;Consumidor final;GRAFFIKAT ;0;20625012;DNI;Pesos;0;;;;; ;
311;Categoria 1;Habilitado;Grafica Autoadhesiva ;One Up;;Ruta 8  N° 4664;SAN MARTIN;Sin especificar;;Consumidor final;Grafica Autoadhesiva ;0;0;Ninguno;Pesos;0;;;;; ;
312;Categoria 1;Habilitado;Grafica Daja;;;Morazan 2173;Lomas de Zamora;Sin especificar;;Consumidor final;Grafica Daja;0;29668424;DNI;Pesos;0;;;;; ;
313;Categoria 1;Habilitado;JONEY BRICEÑO;;;GASCON 1060 3 A;Capital Federal;Sin especificar;joneyjose@gmail.com;Consumidor final;JONEY BRICEÑO;0;0;Ninguno;Pesos;0;;;;; ;
314;Categoria 1;Habilitado;MAXER CARTELERIA;Natalia;+54 9 2214 31-9839;CALLE 35 N°1686 ENTRE 28 Y 29;La plata;Sin especificar;maxercarteles@gmail.com;Consumidor final;MAXER CARTELERIA;0;0;Ninguno;Pesos;0;;;;; ;
315;Categoria 1;Habilitado;LIBRERIA CARLA;Carla;+54 9 2215 02-5897;calle 49 nº 563 entre 6 y 7;La plata;Sin especificar;;Consumidor final;LIBRERIA CARLA;0;0;Ninguno;Pesos;0;;;;; ;
316;Categoria 1;Habilitado;LUCIA DESTEFANO;;;SANTA ROSA 182;CASBAS;Sin especificar;;Consumidor final;LUCIA DESTEFANO;0;34387564;DNI;Pesos;0;;;;; ;
317;Categoria 1;Habilitado;CARUSO AGUSTINA;;;La Pampa 1586 10G timbre 1007;Capital Federal;Sin especificar;caruso.agus@gmail.com;Consumidor final;CARUSO AGUSTINA;0;0;Ninguno;Pesos;0;;;;; ;
318;Categoria 1;Habilitado;MARCOS GUZZETTA - (OvejaNegra Servicios Gráficos);Marcos Guzzetta;+54 9 2994 76-6181;CARLOS NOVAS 1924 - NEUQUEN;RINCON DE LOS SAUCES;Sin especificar;marcosguzzetta@hotmail.com;Consumidor final;MARCOS GUZZETTA;0;30573667;DNI;Pesos;0;;;;; ;
319;Categoria 1;Habilitado;ALVAREZ  HERNAN DIEGO;hernan dospro;42245968;ALVEAR 915;Quilmes;Sin especificar;labideassilvina@gmail.com;IVA Responsable Inscripto;ALVAREZ  HERNAN DIEGO;20247736566;0;Ninguno;Pesos;0;;;;; ;
320;Categoria 1;Habilitado;MARZIALI LIONEL FABRICIO;FABRICIO;;AV JUAN MANUEL DE ROSAS 6386;San justo;Sin especificar;Chevroletfabricio@gmail.com;IVA Responsable Inscripto;MARZIALI LIONEL FABRICIO;20280305333;0;Ninguno;Pesos;0;;;;; ;
321;Categoria 1;Habilitado;SECO MARCELO GABRIEL;;;;CATAMARCA;Sin especificar;;Consumidor final;SECO MARCELO GABRIEL;0;27598337;DNI;Pesos;0;;;;; ;
322;Categoria 1;Habilitado;DENISE PETRONE;;;RAULET 147 DTO E;Capital Federal;Sin especificar;denisegpetrone@gmail.com;Consumidor final;DENISE PETRONE;0;27086714;DNI;Pesos;0;;;;; ;
323;Categoria 1;Habilitado;ARMQ & SGEB S.R.L.;;;AV RIVADAVIA 4390;Capital Federal;Sin especificar;;IVA Responsable Inscripto;ARMQ & SGEB S.R.L.;30715475371;0;Ninguno;Pesos;0;;;;; ;
324;Categoria 1;Habilitado;LUMMA S.R.L.;;4776-2813;CUCHA CUCHA 2548;Capital Federal;Sin especificar;fiorellacatania23@gmail.com;IVA Responsable Inscripto;LUMMA S.R.L.;30714504653;0;Ninguno;Pesos;0;;;;; ;
325;Categoria 1;Habilitado;SBK S.A.;;;AV 12 DE OCTUBRE (PANAM COLECT ESTE 978);Pilar;Sin especificar;;IVA Responsable Inscripto;SBK S.A.;30714984027;0;Ninguno;Pesos;0;;;;; ;
326;Categoria 1;Habilitado;ZAPPI SEBASTIAN JORGE ;;;LOPE DE VEGA 3069;Capital Federal;Sin especificar;;IVA Responsable Inscripto;ZAPPI SEBASTIAN JORGE ;20320726019;0;Ninguno;Pesos;0;;;;; ;
327;Categoria 1;Habilitado;ANDREA TORRES;;;;CONCORDIA;Sin especificar;minimaggit86@gmail.com;Consumidor final;ANDREA TORRES;0;32514327;DNI;Pesos;0;;;;; ;
328;Categoria 1;Habilitado;SABRINA SEGURA;;;AV BOYACA 372 10°A;Capital Federal;Sin especificar;;Consumidor final;SABRINA SEGURA;0;0;Ninguno;Pesos;0;;;;; ;
329;Categoria 1;Habilitado;TRES PLANOS CINE S.A.;;;AV LIBERTADOR 4596;Capital Federal;Sin especificar;facu.vanoli@gmail.com;IVA Responsable Inscripto;TRES PLANOS CINE S.A.;30709512818;0;Ninguno;Pesos;0;;;;; ;
330;Categoria 1;Habilitado;ALVARO (LA PLATA);Alvaro;+54 9 2216 07-6108;calle 27 / 44 y 45 N 637;La plata;Sin especificar;;Consumidor final;ALVARO (LA PLATA);0;0;Ninguno;Pesos;0;;;;; ;
331;Categoria 1;Habilitado;MARANGELLI ALUMINIO S.R.L.;;;ORTIZ DE OCAMPO 3302 PISO 2 DPTO 12 T.1;Capital Federal;Sin especificar;Fabrizio@marangelli.com.ar;IVA Responsable Inscripto;MARANGELLI ALUMINIO S.R.L.;30712400834;0;Ninguno;Pesos;0;;;;; ;
332;Categoria 1;Habilitado;CACCAVIELLO FERNANDO DANIEL ;;;RAMON FALCON 4347 ;Capital Federal;Sin especificar;Contactoprintstore@gmail.com;IVA Responsable Inscripto;CACCAVIELLO FERNANDO DANIEL ;20266595213;0;Ninguno;Pesos;0;;;;; ;
333;Categoria 1;Habilitado;DUCANT LUIS ALBERTO;;;Cachimayo 860;Capital Federal;Sin especificar;luisducant@gmail.com;IVA Responsable Inscripto;DUCANT LUIS ALBERTO;20113769352;0;Ninguno;Pesos;0;;;;; ;
334;Categoria 1;Habilitado;GOMEZ VILLAR LEANDRO ALBERTO;;;AYACUCHO 113;BERNAL;Sin especificar;marchettoemprendimientos@gmail.com;IVA Responsable Inscripto;GOMEZ VILLAR LEANDRO ALBERTO;20271463910;0;Ninguno;Pesos;0;;;;; ;
335;Categoria 1;Habilitado;PABLO EMILIO SAAVEDRA;;;MONSEÑOR MARCON 5143 TIMBRE PORTON;La Tablada;Sin especificar;;Consumidor final;PABLO EMILIO SAAVEDRA;0;0;Ninguno;Pesos;0;;;;; ;
336;Categoria 1;Habilitado;DIAS MAXIMILIANO;;;VALLENSE FELIPE 450 PISO 15 D;Capital Federal;Sin especificar;maxi.dias.ar@gmail.com;IVA Responsable Inscripto;DIAS MAXIMILIANO;20260470117;0;Ninguno;Pesos;0;;;;; ;
337;Categoria 1;Habilitado;MG IMPORTADORA;MARCELO/MARIANO;1145863087;R.DE ESCALADA DE SAN MARTIN 1094;Capital Federal;Sin especificar;;Consumidor final;MG IMPORTADORA;0;0;Ninguno;Pesos;0;;;;; ;
338;Categoria 1;Habilitado;Telecom Argentina SA;;;Avenida Moreau de justo A. 50 piso 10;Capital Federal;Sin especificar;cezorzoli@teco.com.ar;IVA Responsable Inscripto;Telecom Argentina SA;30639453738;0;Ninguno;Pesos;0;;;;; ;
339;Categoria 1;Habilitado;Barrozo Maria eugenia;;;Av Asamblea 1542 7C;Capital Federal;Sin especificar;;Consumidor final;Barrozo Maria eugenia;0;0;Ninguno;Pesos;0;;;;; ;
340;Categoria 1;Habilitado;JUAN JOSE ZURLO;;;HIPOLITO YRIGOYEN 41;LAGUNA LARGA;Sin especificar;imprentazurlojuan@gmail.com;IVA Responsable Inscripto;JUAN JOSE ZURLO;20171013640;0;Ninguno;Pesos;0;;;;; ;
341;Categoria 1;Habilitado;MATIAS GARCIA;;;ALEM 82;Zarate;Sin especificar;almanaqueswalter@hotmail.com;Consumidor final;MATIAS GARCIA;0;0;Ninguno;Pesos;0;;;;; ;
342;Categoria 1;Habilitado;MENDES NUNEZ ANDREA MABEL;;;Sarmiento 1541;Comodoro Rivadavia ;Sin especificar;PREHISTOR1@GMAIL.COM;IVA Responsable Inscripto;MENDES NUNEZ ANDREA MABEL;27261284524;0;Ninguno;Pesos;0;;;;; ;
343;Categoria 1;Habilitado;Jonatan;;;;Capital Federal;Sin especificar;jonypll@gmail.com;Consumidor final;Jonatan;0;0;Ninguno;Pesos;0;;;;; ;
344;Categoria 1;Habilitado;Dominguez Matias Javier;MDDESIGN;+54 9 11 3152-5052;Baigorria 3771 Depto 4;Capital Federal;Sin especificar;matias@masmddesign.com;IVA Responsable Inscripto;Dominguez Matias Javier;20267693421;0;Ninguno;Pesos;0;;;;; ;
345;Categoria 1;Habilitado;CANAL HERNAN JAVIER;;21999558;bernardino Rivadavia 2474;Munro;Sin especificar;canalhernan@gmail.com;IVA Responsable Inscripto;CANAL HERNAN JAVIER;20253150298;0;Ninguno;Pesos;0;;;;; ;
346;Categoria 1;Habilitado;ASOCIACION ORT ARGENTINA;;;;Capital Federal;Sin especificar;;Consumidor final;ASOCIACION ORT ARGENTINA;0;0;Ninguno;Pesos;0;;;;; ;
347;Categoria 1;Habilitado;PORCO MARIO HERNAN;;;JUAN BAUTISTA ALBERDI 2246;Capital Federal;Sin especificar;mariop@accin.com.ar;IVA Responsable Inscripto;PORCO MARIO HERNAN;20214946808;0;Ninguno;Pesos;0;;;;; ;
348;Categoria 1;Habilitado;DIAMEN ARA FABRICIO AUGUSTO;;;HERNANDEZ JOSE 2511 PISO 2 DTO 5;Capital Federal;Sin especificar;fabriciodiament@hotmail.com;IVA Responsable Inscripto;DIAMEN ARA FABRICIO AUGUSTO;20276598687;0;Ninguno;Pesos;0;;;;; ;
349;Categoria 1;Habilitado;GRAFICA DALI SRL;;;AVENIDA CAZON 1208;Tigre;Sin especificar;daniela@graficadali.com.ar;IVA Responsable Inscripto;GRAFICA DALI SRL;30710644760;0;Ninguno;Pesos;0;;;;; ;
350;Categoria 1;Habilitado;LO=PUB PRODUCCIONES PERIODISTICAS Y PUBLICITARIAS SRL;;;7 DE OCTUBRE 1452;CAÑADA DE GOMEZ;Sin especificar;diegolobaiza@hotmail.com.ar;IVA Responsable Inscripto;LO=PUB PRODUCCIONES PERIODISTICAS Y PUBLICITARIAS SRL;30709610038;0;Ninguno;Pesos;0;;;;; ;
351;Categoria 1;Habilitado;PABLO TELLERIA;;;Junin 5586;ROSARIO;Santa Fe;disdigitalpablo@gmail.com;Consumidor final;PABLO TELLERIA;0;0;Ninguno;Pesos;0;;;;; ;
352;Categoria 1;Habilitado;MERCADO SILVIA BEATRIZ;;;Rivadavia 271;Escobar;Sin especificar;jalvarez@juniorgrafica.com.ar;IVA Responsable Inscripto;MERCADO SILVIA BEATRIZ;27284397830;0;Ninguno;Pesos;0;;;;; ;
353;Categoria 1;Habilitado;Rocha Sergio;;;Moreno 2234 Piso 6 Torre B;Mar del plata;Sin especificar;hernan_33_99@hotmail.com;Consumidor final;Rocha Sergio;0;0;Ninguno;Pesos;0;;;;; ;
354;Categoria 1;Habilitado;FALBI MAXIMILIANO JAVIER ALEJANDRO;;;DE GAINZA M GRAL 1093;Capital Federal;Sin especificar;VENTAS@LABTEC-COMPUTACION.COM.AR;IVA Responsable Inscripto;FALBI MAXIMILIANO JAVIER ALEJANDRO;20269344955;0;Ninguno;Pesos;0;;;;; ;
355;Categoria 1;Habilitado;MARCELO SCHMIDT;;;DINAMARCA 3146 (ENTRE SUIZA Y NAZARETH);Temperley;Sin especificar;marceloezequielschmidt@gmail.com;Consumidor final;MARCELO SCHMIDT;0;33366815;DNI;Pesos;0;;;;; ;
356;Categoria 1;Habilitado;WALTER BURDISSO;;;SARGENTO CABRAL 2117;RAFAELA;Sin especificar;WBURDI@HOTMAIL.COM;Consumidor final;WALTER BURDISSO;0;0;Ninguno;Pesos;0;;;;; ;
357;Categoria 1;Habilitado;TRINIDAD RODRIGUEZ;;;ALMAFUERTE 2905;SALADILLO;Sin especificar;TRINIRO_98@HOTMAIL.COM;Consumidor final;TRINIDAD RODRIGUEZ;0;0;Ninguno;Pesos;0;;;;; ;
358;Categoria 1;Habilitado;GUILLERMO (MATADEROS)/ WILDE;;;H. ASCASUBI 187 ENTRE BELGRANO Y BRANDSEN;Mataderos;Sin especificar;;Consumidor final;GUILLERMO (MATADEROS)/ WILDE;0;0;Ninguno;Pesos;0;;;;; ;
359;Categoria 1;Habilitado;Joaquin Zibecchi Ignacio ;;;;Paso de los libres;Sin especificar;joaquinzibecchi@hotmail.com;Responsable Monotributo;Joaquin Zibecchi Ignacio ;20404222938;0;Ninguno;Pesos;0;;;;; ;
360;Categoria 1;Habilitado;BELVEDERE SA;;;BANDERA DE LOS ANDES 2323;San Jose;Sin especificar;wdepellegrin@gmail.com;IVA Responsable Inscripto;BELVEDERE SA;33703175479;0;Ninguno;Pesos;0;;;;; ;
361;Categoria 1;Habilitado;NESTOR VILLAR;;;25 DE MAYO 328;Cutral - Co;Sin especificar;;Consumidor final;NESTOR VILLAR;0;34658333;DNI;Pesos;0;;;;; ;
362;Categoria 1;Habilitado;Alicia Staif;;;Estado de israel 4504 PB 3;Capital Federal;Sin especificar;aliciastaif@gmail.com;Consumidor final;Alicia Staif;0;0;Ninguno;Pesos;0;;;;; ;
363;Categoria 1;Habilitado;Dimension Visual;Mariano;;calle 149 y 15 numero 1496;Berazategui;Sin especificar;dmgraficaurbana@gmail.com;Consumidor final;Dimension Visual;0;0;Ninguno;Pesos;0;;;;; ;
364;Categoria 1;Habilitado;NEXO INTERNACIONAL SRL;;;Mexico 668 piso 2 Dpto C;Capital Federal;Sin especificar;fernando@nexointer.com.ar;IVA Responsable Inscripto;NEXO INTERNACIONAL SRL;30712239812;0;Ninguno;Pesos;0;;;;; ;
365;Categoria 1;Habilitado;MEGAIMPRESIONES GRAFYARTE S.A;GRAFYARTE;;Av 532 Nº 573 e/ 6 y 7;La plata;Sin especificar;info@grafyarte.com.ar;IVA Responsable Inscripto;MEGAIMPRESIONES GRAFYARTE S.A;30715529803;0;Ninguno;Pesos;0;;;;; ;
366;Categoria 1;Habilitado;402 calcos;Rafa o ramiro;;Ricardo rojas 2176;Quilmes;Sin especificar;;Consumidor final;402 calcos;0;0;Ninguno;Pesos;0;;;;; ;
367;Categoria 1;Habilitado;Mattiaccio Marta Mabel;;;Coronel Pringles 3752;Caseros;Sin especificar;troquelart@hotmail.com;IVA Responsable Inscripto;Mattiaccio Marta Mabel;23112173374;0;Ninguno;Pesos;0;;;;; ;
368;Categoria 1;Habilitado;MEGALODON SA;;;SCALABRINI ORTIZ 764;Rincón de Milberg;Sin especificar;julijulietaripodas@gmail.com;IVA Responsable Inscripto;MEGALODON SA;30715677357;0;Ninguno;Pesos;0;;;;; ;
369;Categoria 1;Habilitado;GONZALO PIERMARIA;;;LA RIOJA 1385 E/ SANCHEZ Y EMENEDO;Temperley;Sin especificar;gonzalopiermaria@gmail.com;Consumidor final;GONZALO PIERMARIA;0;0;Ninguno;Pesos;0;;;;; ;
370;Categoria 1;Habilitado;MONTE HELENA SA;;;YATAY 444;Capital Federal;Sin especificar;;IVA Responsable Inscripto;MONTE HELENA SA;30708149531;10708055;DNI;Pesos;0;;;;; ;
371;Categoria 1;Habilitado;GUILLERMO TOTONGI;;;GERNIMO HORTIGUERA 172;SAN MIGUEL DE TUCUMAN;Sin especificar;totongi@arnet.com.ar;Consumidor final;GUILLERMO TOTONGI;0;10708055;DNI;Pesos;0;;;;; ;
372;Categoria 1;Habilitado;Braian Meza;;;Campo Municipal de Golf 1582  (Entre colectora 12 de octubre y Golfers G.C );Pilar;Sin especificar;Mezabraian1996@gmail.com;Consumidor final;Braian Meza;0;0;Ninguno;Pesos;0;;;;; ;
373;Categoria 1;Habilitado;Luis Carlos Moreira;;;;Santa Lucia Lavalle;Sin especificar;Luisc_moreira@hotmail.com;Consumidor final;Luis Carlos Moreira;0;0;Ninguno;Pesos;0;;;;; ;
374;Categoria 1;Habilitado;BTC Graphic;Ariel BTC Graphic;;Eduardo Muniz 895;Ituzaingo;Sin especificar;Taver@hotmail.com;Consumidor final;BTC Graphic;0;0;Ninguno;Pesos;0;;;;; ;
375;Categoria 1;Habilitado;Mosconi Marcelo;;;Alsina 767;Junin;Sin especificar;marcelomosco71@hotmail.com;Consumidor final;Mosconi Marcelo;0;0;Ninguno;Pesos;0;;;;; ;
376;Categoria 1;Habilitado;Agustin Costas;;;Geordano bruno 727;Capital Federal;Sin especificar;designxagus@gmail.com;Consumidor final;Agustin Costas;0;28363058;DNI;Pesos;0;;;;; ;
377;Categoria 1;Habilitado;DB Graphics;Diego Foresi;;Juan B justo 7072;Capital Federal;Sin especificar;dieforesi@gmail.com;Consumidor final;DB Graphics;0;0;Ninguno;Pesos;0;;;;; ;
378;Categoria 1;Habilitado;Neumaticos Dippolito;Guillermo Dippolito;;Av. Monseñor Pablo Cabrera 3943;Cordoba capital;Sin especificar;;Consumidor final;Neumaticos Dippolito;0;0;Ninguno;Pesos;0;;;;; ;
379;Categoria 1;Habilitado;IGNACIO / MANUEL GIL SORIA;;;Calle 26 entre 491 y 493 N°4031;GONNET;Sin especificar;;Consumidor final;IGNACIO / MANUEL GIL SORIA;0;35611178;DNI;Pesos;0;;;;; ;
380;Categoria 1;Habilitado;OKIS SRL;;;EMILIO LAMARCA 1754;Capital Federal;Sin especificar;ventas@nuevosaires.com.ar;IVA Responsable Inscripto;OKIS SRL;30710981503;0;Ninguno;Pesos;0;;;;; ;
381;Categoria 1;Habilitado;CAMBARERI FERNANDO JOSE ANDRES;;;HOUSSAY 416;LOBOS;Sin especificar;ggcatriel@gmail.com;IVA Responsable Inscripto;CAMBARERI FERNANDO JOSE ANDRES;23186106539;0;Ninguno;Pesos;0;;;;; ;
382;Categoria 1;Habilitado;GASTON BLANCO NEYRA;;;GRAL ANGEL PACHECO 3230 2 P A;Olivos;Sin especificar;gastonblanconeyra@gmail.com;Consumidor final;GASTON BLANCO NEYRA;0;0;Ninguno;Pesos;0;;;;; ;
383;Categoria 1;Habilitado;MARCELO DAMIAN CASCO;;;PEDRO PERRIG 420;SAN JERONIMO;Sin especificar;;Consumidor final;MARCELO DAMIAN CASCO;0;35033770;DNI;Pesos;0;;;;; ;
384;Categoria 1;Habilitado;DH DECOR CONSTRUCCIONES SRL;;;ALSINA ADOLFO 1476 PISO 8 DPTO 31;Capital Federal;Sin especificar;;IVA Responsable Inscripto;DH DECOR CONSTRUCCIONES SRL;30714174572;0;Ninguno;Pesos;0;;;;; ;
385;Categoria 1;Habilitado;Sociedad propietarios de automoviles con taximetro asoc civi;;;Salguero Jeronimo 1212;Capital Federal;Sin especificar;daniel-j-g@outlook.com;IVA Responsable Inscripto;Sociedad propietarios de automoviles con taximetro asoc civil;30568118185;0;Ninguno;Pesos;0;;;;; ;
386;Categoria 1;Habilitado;MATIAS GRAFIMATT;;;Av Vergara 648 e/6 y 7 timbre 3;Berazategui;Sin especificar;;Consumidor final;MATIAS GRAFIMATT;0;0;Ninguno;Pesos;0;;;;; ;
387;Categoria 1;Habilitado;4 COLORES SA;Mary;;SANTA ELENA 948;Capital Federal;Sin especificar;administracion@imprenta4colores.com;IVA Responsable Inscripto;4 COLORES SA;30709397822;0;Ninguno;Pesos;0;;;;; ;
388;Categoria 1;Habilitado;DIEGO CINATRA;DAK;;GRAL PAZ 15200;Villa Madero;Sin especificar;dac.graficaintegral@gmail.com;Consumidor final;DIEGO CINATRA;0;0;Ninguno;Pesos;0;;;;; ;
389;Categoria 1;Habilitado;GONZALEZ TARABELLI SA;;;PELLEGRNI CARLOS 743 PISO PB DTO 3;Capital Federal;Sin especificar;mmari@viacorreo.com.ar;IVA Responsable Inscripto;GONZALEZ TARABELLI SA;30676114102;0;Ninguno;Pesos;0;;;;; ;
390;Categoria 1;Habilitado;MAURO FUSCA;;;Cuenca 4842 _ flores;Capital Federal;Sin especificar;info@mfdsign.com.ar;IVA Responsable Inscripto;MAURO FUSCA;20260251210;0;Ninguno;Pesos;0;;;;; ;
391;Categoria 1;Habilitado;MONICA CHAPETTO;;;;NORBERTO DE LA RIESTRA;Sin especificar;monicachapetto@gmail.com;Consumidor final;MONICA CHAPETTO;0;0;Ninguno;Pesos;0;;;;; ;
392;Categoria 1;Habilitado;BISTILLEIRO DAMIAN GONZALO;;;ALVAREZ JONTE 6193;Capital Federal;Sin especificar;dbistilleiro@yahoo.com.ar;IVA Responsable Inscripto;BISTILLEIRO DAMIAN GONZALO;23263527909;0;Ninguno;Pesos;0;;;;; ;
393;Categoria 1;Habilitado;MARTIN ELICEGUI;Martin elicegui;+54 9 11 2393-6648;Zarraga 3795;Capital Federal;Sin especificar;martin@dokan.com.ar;Consumidor final;MARTIN ELICEGUI;0;0;Ninguno;Pesos;0;;;;; ;
394;Categoria 1;Habilitado;ALEJANDRO TUCUMAN;;;;SAN MIGUEL DE TUCUMAN;Sin especificar;;Consumidor final;ALEJANDRO TUCUMAN;0;0;Ninguno;Pesos;0;;;;; ;
395;Categoria 1;Habilitado;GRAFICADIRECTA ;NICOLAS AMATO;;;Capital Federal;Sin especificar;;Consumidor final;GRAFICADIRECTA ;0;0;Ninguno;Pesos;0;;;;; ;
396;Categoria 1;Habilitado;OSTARA SOCIEDAD ANONIMA;;;URUGUAY 824;Capital Federal;Sin especificar;dtorres@ostara360.com.ar;IVA Responsable Inscripto;OSTARA SOCIEDAD ANONIMA;30709568120;0;Ninguno;Pesos;0;;;;; ;
397;Categoria 1;Habilitado;TALLER 1 SOCIEDAD DE RESPONSABILIDAD LIMITADA;;;RODRIGUEZ PEÑA 1775 PISO OB DPTO 2;Capital Federal;Sin especificar;administracion@printime.com.ar;IVA Responsable Inscripto;TALLER 1 SOCIEDAD DE RESPONSABILIDAD LIMITADA;30707293825;0;Ninguno;Pesos;0;;;;; ;
398;Categoria 1;Habilitado;FEDERICO VIVIANI;;;Emilio lamarca 1754;Capital Federal;Sin especificar;federicoarielviviani@gmail.com;Consumidor final;FEDERICO VIVIANI;0;0;Ninguno;Pesos;0;;;;; ;
399;Categoria 1;Habilitado;IARA KRIEGER;;;Calle 27 esquina 6 n°509;HAUANGUELEN;Sin especificar;iarakrieger@hotmail.com;Consumidor final;IARA KRIEGER;0;37380753;DNI;Pesos;0;;;;; ;
400;Categoria 1;Habilitado;NAHUEL SONNLEITNER;;;;Pilar;Sin especificar;;Consumidor final;NAHUEL SONNLEITNER;0;0;Ninguno;Pesos;0;;;;; ;
401;Categoria 1;Habilitado;CHRISTIAN GABRIEL OLEA;;;;SAN MIGUEL DE TUCUMAN;Sin especificar;;Consumidor final;CHRISTIAN GABRIEL OLEA;20307589983;0;Ninguno;Pesos;0;;;;; ;
402;Categoria 1;Habilitado;FERNANDO (PADDLE);;;Felipe Vallese 3115;Capital Federal;Sin especificar;;Consumidor final;FERNANDO (PADDLE);0;0;Ninguno;Pesos;0;;;;; ;
403;Categoria 1;Habilitado;CELESTE CASTRO;;;;RIO CUARTO;Sin especificar;;Consumidor final;CELESTE CASTRO;0;27545523;DNI;Pesos;0;;;;; ;
404;Categoria 1;Habilitado;RODRIGO ACQUISTI;;;;La Pampa;Sin especificar;;Consumidor final;RODRIGO ACQUISTI;0;0;Ninguno;Pesos;0;;;;; ;
405;Categoria 1;Habilitado;BORDOLI MARIA TATIANA;;;calle 142 n 1833;Berazategui;Sin especificar;rebellabelindumentaria@gmail.com;Responsable Monotributo;BORDOLI MARIA TATIANA;27341375512;0;Ninguno;Pesos;0;;;;; ;
406;Categoria 1;Habilitado;DE CESARE RODRIGO O, DE CESARE CARLA G. SOC. DE HECHO;;;ESTADOS UNIDOS 830;Villa Martelli;Sin especificar;administracion@rdprinterservice.com.ar;IVA Responsable Inscripto;DE CESARE RODRIGO O, DE CESARE CARLA G. SOC. DE HECHO;30714085464;0;Ninguno;Pesos;0;;;;; ;
407;Categoria 1;Habilitado;MAXIMILIANO BASCHUK;;;PAEZ 2802 Piso:1 Dpto:A;Ciudad Autónoma De Buenos Aires;CABA;maxibaschuk@hotmail.com;Responsable Monotributo;BASCHUK, MAXIMILIANO ADRIAN;20264359393;0;Ninguno;Pesos;0;;;;; ;
408;Categoria 1;Habilitado;EZEQUIEL ANDONIADIS;Ezequiel;+54 9 11 6182-8339;Bolivar 6296 esquina Lartigau;Wilde;Sin especificar;;Consumidor final;EZEQUIEL ANDONIADIS;0;0;Ninguno;Pesos;0;;;;; ;
409;Categoria 1;Habilitado;SOSA RODRIGO MARTIN;GRAFICA COMODORO;;CAGLIERO 42;Rincón de Milberg;Sin especificar;;Consumidor final;SOSA RODRIGO MARTIN;0;32099825;DNI;Pesos;0;;;;; ;
410;Categoria 1;Habilitado;ARIAS HERNAN DANIEL;;;OTAWA 1831;Jose C Paz;Sin especificar;hernan@letreros-lince.com.ar;IVA Responsable Inscripto;ARIAS HERNAN DANIEL;20208555074;0;Ninguno;Pesos;0;;;;; ;
411;Categoria 1;Habilitado;Dante Covino;;;Alsina 1835;Capital Federal;Sin especificar;;Consumidor final;Dante Covino;0;16453188;DNI;Pesos;0;;;;; ;
412;Categoria 1;Habilitado;JOSE MARIA, BRUNO ESQUER;;;Los Balseros 260;CHOELE CHOEL;Sin especificar;bardagrafica@gmail.com;Responsable Monotributo;JOSE MARIA, BRUNO ESQUER;23240956179;24095617;DNI;Pesos;0;;;;; ;
413;Categoria 1;Habilitado;GUSTAVO NAHUEL VELAZQUEZ;;;URUGUAY 1310;ESPERANZA;Sin especificar;gustavo1234nv@gmail.com;Consumidor final;GUSTAVO NAHUEL VELAZQUEZ;0;0;Ninguno;Pesos;0;;;;; ;
414;Categoria 1;Habilitado;DIEGO FORESI;Diego foresi;+54 9 11 5575-4656;;Ciudad Autónoma De Buenos Aires;CABA;;Consumidor final;DIEGO FORESI;0;0;Ninguno;Pesos;0;;;;; ;
415;Categoria 1;Habilitado;FERNANDO SAMOLUK;Fernando Samoluk;+54 9 11 5016-7525;PABLO GIORELLO 1556;Santos Lugares;Sin especificar;samo.fernando@gmail.com;Responsable Monotributo;FERNANDO SAMOLUK;20268366904;0;Ninguno;Pesos;0;;;;; ;
416;Categoria 1;Habilitado;VEO DENLANTALES;PABLO MIGUELEZ;;GUILLERMO BROWN 879;Ciudadela;Sin especificar;;Consumidor final;VEO DENLANTALES;0;0;Ninguno;Pesos;0;;;;; ;
417;Categoria 1;Habilitado;LEONEL MARTINEZ ;;;EDUARDO ARIA 618;San Ramon de la Nueva Oran;Sin especificar;leonel_mix_08@hotmail.com;Consumidor final;LEONEL MARTINEZ ;0;0;Ninguno;Pesos;0;;;;; ;
418;Categoria 1;Habilitado;DECALS SRL;;;URQUIZA 3160;Caseros;Sin especificar;info@decals-serigrafia.com;IVA Responsable Inscripto;DECALS SRL;30547469271;0;Ninguno;Pesos;0;;;;; ;
419;Categoria 1;Habilitado;GUSTAVO LOVAGNINI ;;;ROCHA 1586;Capital Federal;Sin especificar;nmg@live.com.ar;Consumidor final;GUSTAVO LOVAGNINI ;0;11111111;DNI;Pesos;0;;;;; ;
420;Categoria 1;Habilitado;JUAN MANUEL FERNANDEZ ;;;SAAVEDRA 375;GENERAL BELGRANO;Sin especificar;juan_mfernandez@hotmail.com;Consumidor final;JUAN MANUEL FERNANDEZ ;0;0;Ninguno;Pesos;0;;;;; ;
421;Categoria 1;Habilitado;PREATONI ALFREDO EDUARDO;;;CARLOS CALVO 4264;Capital Federal;Sin especificar;preatoni@gmail.com;IVA Responsable Inscripto;PREATONI ALFREDO EDUARDO;20130884807;0;Ninguno;Pesos;0;;;;; ;
422;Categoria 1;Habilitado;El politecnico SA;;;Atanasio Girardot 232;Capital Federal;Sin especificar;Admin@elpoli.com;IVA Responsable Inscripto;El politecnico SA;30558263101;0;Ninguno;Pesos;0;;;;; ;
423;Categoria 1;Habilitado;CLAUDIO BASCHUK;;;PAEZ 2802 1°A;Capital Federal;Sin especificar;cyccorporeas@outlook.com;IVA Responsable Inscripto;CLAUDIO BASCHUK;20076516783;0;Ninguno;Pesos;0;;;;; ;
424;Categoria 1;Habilitado;INGESYS SRL;;;ACUÑA DE FIGUEROA 544;Capital Federal;Sin especificar;Nikocarvalho09@gmail.com;IVA Responsable Inscripto;INGESYS SRL;30679038989;0;Ninguno;Pesos;0;;;;; ;
425;Categoria 1;Habilitado;CRISTINA ORQUERA;;;trejo y sanabria 144;CATAMARCA;Sin especificar;;Consumidor final;CRISTINA ORQUERA;0;28780738;DNI;Pesos;0;;;;; ;
426;Categoria 1;Habilitado;Locales y carteles;Carlos Gitlin;;Zanabria 1328;Capital Federal;Sin especificar;localesycarteles@gmail.com;IVA Responsable Inscripto;Locales y carteles;20120111710;0;Ninguno;Pesos;0;;;;; ;
427;Categoria 1;Habilitado;Facundo Barresi ;;;;Mendoza;Sin especificar;Facundobarresi@gmail.com;Consumidor final;Facundo Barresi ;0;0;Ninguno;Pesos;0;;;;; ;
428;Categoria 1;Habilitado;CR Electronika;;;Argerich 745;Capital Federal;Sin especificar;crelectronika@gmail.com;Consumidor final;CR Electronika;0;0;Ninguno;Pesos;0;;;;; ;
429;Categoria 1;Habilitado;ISCARO NATALIA ANDREA;;;DEL PINO VIRREY 3402 PISO 6;Capital Federal;Sin especificar;Iscaro.natalia@gmail.com;IVA Responsable Inscripto;ISCARO NATALIA ANDREA;27283077638;0;Ninguno;Pesos;0;;;;; ;
430;Categoria 1;Habilitado;PATRICIA BILINSKY;;;;Rincón de Milberg;Sin especificar;;Consumidor final;PATRICIA BILINSKY;0;0;Ninguno;Pesos;0;;;;; ;
431;Categoria 1;Habilitado;RIVERA MONGUE LUIS JAVIER;;;TACUARI 79;Capital Federal;Sin especificar;info@coprint.com.ar;IVA Responsable Inscripto;RIVERA MONGUE LUIS JAVIER;20244480935;0;Ninguno;Pesos;0;;;;; ;
432;Categoria 1;Habilitado;HERRERA LUCAS MARTIN;LAURA;;CHACABUCO 355;RIO GALLEGOS;Sin especificar;vinilpolper@hotmail.com;IVA Responsable Inscripto;HERRERA LUCAS MARTIN;20288594512;0;Ninguno;Pesos;0;;;;; ;
433;Categoria 1;Habilitado;ROBERTO CASTRO;;;;Rincón de Milberg;Sin especificar;;Consumidor final;ROBERTO CASTRO;0;29585670;DNI;Pesos;0;;;;; ;
434;Categoria 1;Habilitado;CASTRO ARIEL GUSTAVO;Ariel;+54 9 11 6097-8244;BEIRO FRANCISCO AV. 4954;Capital Federal;Sin especificar;info@newxz.com.ar;IVA Responsable Inscripto;CASTRO ARIEL GUSTAVO;20263634757;0;Ninguno;Pesos;0;;;;; ;
435;Categoria 1;Habilitado;MATIAS ARTOLA;MATIAS VILLA DEVOTO;;Amoretti 3863;Ciudadela;Sin especificar;matiasartola32@gmail.com;Consumidor final;MATIAS ARTOLA;0;0;Ninguno;Pesos;0;;;;; ;
436;Categoria 1;Habilitado;SANDRA LAFRATTA;;;ALBERDI 1699;Capital Federal;Sin especificar;digital@mgcalcos.com;IVA Responsable Inscripto;SANDRA LAFRATTA;27148662628;0;Ninguno;Pesos;0;;;;; ;
437;Categoria 1;Habilitado;BRUNO SCHILLIG SA;;;ARENALES 4030;Capital Federal;Sin especificar;;IVA Responsable Inscripto;BRUNO SCHILLIG SA;30708161566;0;Ninguno;Pesos;0;;;;; ;
438;Categoria 1;Habilitado;OVOLATINA SA;;;CASTROBARROS 1330;CARRODILLA;Sin especificar;;IVA Responsable Inscripto;OVOLATINA SA;30710402953;0;Ninguno;Pesos;0;;;;; ;
439;Categoria 1;Habilitado;JAVIER GIMENEZ;;;SANTA MAGDALENA 412;Barracas;Sin especificar;;Consumidor final;JAVIER GIMENEZ;0;0;Ninguno;Pesos;0;;;;; ;
440;Categoria 1;Habilitado;FRANCO PONTONI;Caro;+54 9 2215 54-0442;AV 520 ENTRE 143 Y 144 N° 4871;La plata;Sin especificar;;Consumidor final;FRANCO PONTONI;0;0;Ninguno;Pesos;0;;;;; ;
441;Categoria 1;Habilitado;PERSICO LUCAS NAHUEL;Marcos GLISTEN CAR;+54 9 11 6274-3618;Mendoza 4368 Villa Urquiza;Capital Federal;Sin especificar;;IVA Responsable Inscripto;PERSICO LUCAS NAHUEL;20363988777;0;Ninguno;Pesos;0;;;;; ;
442;Categoria 1;Habilitado;MORE TELEVISION SA;;;HONDURAS 5767;Capital Federal;Sin especificar;;IVA Responsable Inscripto;MORE TELEVISION SA;30714007579;0;Ninguno;Pesos;0;;;;; ;
443;Categoria 1;Habilitado;EMILIANO COLLO;;;9 DE JULIO 1421;MONTE MAIZ;Sin especificar;emilianocollo5@hotmail.com;Consumidor final;EMILIANO COLLO;0;32081135;DNI;Pesos;0;;;;; ;
444;Categoria 1;Habilitado;G FLOW SA;;;;Avellaneda;Sin especificar;;IVA Responsable Inscripto;G FLOW SA;30708395729;0;Ninguno;Pesos;0;;;;; ;
445;Categoria 1;Habilitado;SERGIO CALLERO;;;Diag. Lacroze 1447 (timbre puerta azul fabrica de ladrillos);SAN MARTIN;Sin especificar;;Consumidor final;SERGIO CALLERO;0;0;Ninguno;Pesos;0;;;;; ;
446;Categoria 1;Habilitado;GUSTAVO LARRIBE;CYNTHIA;;MUÑOZ 2649;San Miguel;Sin especificar;;Consumidor final;GUSTAVO LARRIBE;0;20855130;DNI;Pesos;0;;;;; ;
447;Categoria 1;Habilitado;YANINA FABIO;;42249797;PERU 359 PISO 5 OFICINA 501;Capital Federal;Sin especificar;;Consumidor final;YANINA FABIO;0;0;Ninguno;Pesos;0;;;;; ;
448;Categoria 1;Habilitado;LILY ETCHEVERRY;;;AV EL CANO 4000 (ESTACION DE SERVICIO);Capital Federal;Sin especificar;;Consumidor final;LILY ETCHEVERRY;0;0;Ninguno;Pesos;0;;;;; ;
449;Categoria 1;Habilitado;PABLO DEL CORSO;TANDA GRAFICA;;Miller 3391;Capital Federal;Sin especificar;pablodelcorso@gmail.com;Responsable Monotributo;PABLO DEL CORSO;20240435455;0;Ninguno;Pesos;0;;;;; ;
450;Categoria 1;Habilitado;ALEJANDRO MANSILLA;;;;Capital Federal;Sin especificar;;Consumidor final;ALEJANDRO MANSILLA;0;0;Ninguno;Pesos;0;;;;; ;
451;Categoria 1;Habilitado;EMANUEL QUIROGA;;;B° REMEDIO ESCALADA MANZANA G CASA 14;COQUIMBITO ;Sin especificar;;Consumidor final;EMANUEL QUIROGA;0;35552153;DNI;Pesos;0;;;;; ;
452;Categoria 1;Habilitado;IGNACIO CERDA ;Ignacio;+54 9 2216 41-4933;Calle 57 n 406 entre diag 79 y 3  dpto B;La plata;Sin especificar;Paltainfo@gmail.com;Consumidor final;IGNACIO CERDA ;20259010641;0;Ninguno;Pesos;0;;;;; ;
453;Categoria 1;Habilitado;MARCELO ORTIGOZA;;;barrio illia 1mz 14 casa 33;Formosa;Sin especificar;;Consumidor final;MARCELO ORTIGOZA;0;0;Ninguno;Pesos;0;;;;; ;
454;Categoria 1;Habilitado;EMILIO BORDALEJO;;;CALLE MITRE 1363 escalera 5 segundo piso F;GENERAL MADARIAGA ;Sin especificar;;Consumidor final;EMILIO BORDALEJO;0;0;Ninguno;Pesos;0;;;;; ;
455;Categoria 1;Habilitado;EXTRA GAS;;;;Rincón de Milberg;Sin especificar;comprastecnica@extragas.com.ar;Consumidor final;EXTRA GAS;0;0;Ninguno;Pesos;0;;;;; ;
456;Categoria 1;Habilitado;JOSE LUIS TEXIDOR;;;;RIO GALLEGOS;Sin especificar;;Consumidor final;JOSE LUIS TEXIDOR;0;34525092;DNI;Pesos;0;;;;; ;
457;Categoria 1;Habilitado;FABIAN KAIP;;;pablo areguati 1545;GRAND BOURG;Sin especificar;tefita_89@live.com.ar;Consumidor final;FABIAN KAIP;0;0;Ninguno;Pesos;0;;;;; ;
458;Categoria 1;Habilitado;FERNANDO LUNA;;;;Capital Federal;Sin especificar;;Consumidor final;FERNANDO LUNA;0;0;Ninguno;Pesos;0;;;;; ;
459;Categoria 1;Habilitado;ANAHI RAMELLA;;;25 DE MAYO 1571;San Andres de Giles;Sin especificar;DG.ENTRETINTAS@GMAIL.COM;IVA Responsable Inscripto;ANAHI RAMELLA;27363425548;0;Ninguno;Pesos;0;;;;; ;
460;Categoria 1;Habilitado;COMERCI GASTON;;;granaderos 311;Capital Federal;Sin especificar;estamperiababilonia@gmail.com;IVA Responsable Inscripto;COMERCI GASTON;20293049956;0;Ninguno;Pesos;0;;;;; ;
461;Categoria 1;Habilitado;Jp Indumentaria SRL;;2994969609;Irigoyen 220;Cutral - Co;Sin especificar;jpindumentaria@yahoo.com.ar;IVA Responsable Inscripto;Jp Indumentaria SRL;30716006685;0;Ninguno;Pesos;0;;;;; ;
462;Categoria 1;Habilitado;Emiliano Agustín Gómez;;;Barrio empleados de comercio casa 107 (samiento y pasteur);Las Flores;Sin especificar;Customstyle@outlook.es;Consumidor final;Emiliano Agustín Gómez;0;0;Ninguno;Pesos;0;;;;; ;
463;Categoria 1;Habilitado;RIPOLI MARIA VICTORIA;Belen Chiappe;;Riobamba 480 plaza 2;BECCAR;Sin especificar;vickyripoli@hotmail.com;Responsable Monotributo;RIPOLI MARIA VICTORIA;27335452033;0;Ninguno;Pesos;0;;;;; ;
464;Categoria 1;Habilitado;JOSE ALBERTO ESCALADA;;;;GOBERNADOR VIRASORO;Sin especificar;Escjose356@gmail.com;Consumidor final;JOSE ALBERTO ESCALADA;0;36192916;DNI;Pesos;0;;;;; ;
465;Categoria 1;Habilitado;RAIJMAN GABRIEL ALEJANDRO;;;TERRADA 411;Capital Federal;Sin especificar;impresoragr@gmail.com;IVA Responsable Inscripto;RAIJMAN GABRIEL ALEJANDRO;23179985519;0;Ninguno;Pesos;0;;;;; ;
466;Categoria 1;Habilitado;RUIZ MAURO HERNAN;;;JOSE I RUCCI 2195;CURUZU CUATIA;Sin especificar;;IVA Responsable Inscripto;RUIZ MAURO HERNAN;20283690556;0;Ninguno;Pesos;0;;;;; ;
467;Categoria 1;Habilitado;SANCHEZ ALONSO FERNANDO ADRIAN;;;RUTA 2 KM 91600;CORONEL BRANDSEN;Sin especificar;fernando.sanchezalonso@hotmail.com;IVA Responsable Inscripto;SANCHEZ ALONSO FERNANDO ADRIAN;20130220380;0;Ninguno;Pesos;0;;;;; ;
468;Categoria 1;Deshabilitado;MARINA RUIZ;;;BILLINGHURST 60;Capital Federal;Sin especificar;lacopiaveloz@gmail.com;IVA Responsable Inscripto;MARINA RUIZ;27268245427;0;Ninguno;Pesos;0;;;;; ;
469;Categoria 1;Habilitado;SWISS MEDICAL SA;;;SAN MARTIN 323 PISO 18;Capital Federal;Sin especificar;;IVA Responsable Inscripto;SWISS MEDICAL SA;30654855168;0;Ninguno;Pesos;0;;;;; ;
470;Categoria 1;Habilitado;ALBERTO SARETZKY;;;CAMARONES 2184;Capital Federal;Sin especificar;AYCGRAFICA@GMAIL.COM;IVA Responsable Inscripto;ALBERTO SARETZKY;23124727049;0;Ninguno;Pesos;0;;;;; ;
471;Categoria 1;Habilitado;ENLAZE 3 LATAM SRL;;;AZCUENAGA 812;Vicente lopez;Sin especificar;;IVA Responsable Inscripto;ENLAZE 3 LATAM SRL;30709462764;0;Ninguno;Pesos;0;;;;; ;
472;Categoria 1;Habilitado;GERBINO NANCY MARIA;;;AURELIANO PAZ 126;RIO PRIMERO;Sin especificar;collageartes@hotmail.com;IVA Responsable Inscripto;GERBINO NANCY MARIA;27142519483;0;Ninguno;Pesos;0;;;;; ;
473;Categoria 1;Habilitado;MARIANO FLAHERTY;;;MAIPU 685;MONTE BUEY;Sin especificar;;Consumidor final;MARIANO FLAHERTY;0;0;Ninguno;Pesos;0;;;;; ;
474;Categoria 1;Habilitado;ALEJANDRO ALEXIS MANRIQUEZ;;;Santa cruz 249-BARRIO 9 DE JULIO(C.P:9000);Comodoro Rivadavia;Sin especificar;impactografico.cr@gmail.com;Consumidor final;ALEJANDRO ALEXIS MANRIQUEZ;0;25619275;DNI;Pesos;0;;;;; ;
475;Categoria 1;Habilitado;FERNANDEZ ANDREA VERONICA;;;TORNQUIST 3466;ISIDRO CASANOVA;Sin especificar;fernando@fmegaservice.com;IVA Responsable Inscripto;FERNANDEZ ANDREA VERONICA;27225918754;0;Ninguno;Pesos;0;;;;; ;
476;Categoria 1;Habilitado;CANAVIRE RICARDO DOMINGO;;;Cristobal Colon 304 - BARRIO : 25 de Mayo;PALPALA;Sin especificar;Ricardo0282@hotmail.com;Responsable Monotributo;CANAVIRE RICARDO DOMINGO;20290924406;0;Ninguno;Pesos;0;;;;; ;
477;Categoria 1;Habilitado;Jiménez Gustavo;;;Pringles 765 ;Yerba Buena;Sin especificar;gustavo_jimenez03@hotmail.com;Consumidor final;Jiménez Gustavo;0;0;Ninguno;Pesos;0;;;;; ;
478;Categoria 1;Habilitado;MUÑOA NAZARENO CRUZ;;;MALABIA 2224;Boulogne / San isidro;Sin especificar;ncmdesign@hotmail.com;Responsable Monotributo;MUÑOA NAZARENO CRUZ;20324802291;0;Ninguno;Pesos;0;;;;; ;
479;Categoria 1;Habilitado;Saretzky Alan Ezequiel;;;Palestina 1063 9C;Capital Federal;Sin especificar;kevsaretzky@gmail.com;IVA Responsable Inscripto;Saretzky Alan Ezequiel;20304961571;0;Ninguno;Pesos;0;;;;; ;
480;Categoria 1;Habilitado;SANTAMARIA MARCELA FERNANDA;;48119476;Avenida Santa Fe 1670 Depto 44;Capital Federal;Sin especificar;marcesanta15@gmail.com;IVA Responsable Inscripto;SANTAMARIA MARCELA FERNANDA;27229642079;0;Ninguno;Pesos;0;;;;; ;
481;Categoria 1;Habilitado;LAQUIDARA EMILIO;;+54 9 2215 40-2416;calle 46 n° 972 entre 14 y 15 dto 4A;La plata;Sin especificar;emilio.laquidara@gmail.com;Responsable Monotributo;LAQUIDARA EMILIO;20310730484;0;Ninguno;Pesos;0;;;;; ;
482;Categoria 1;Habilitado;CATEDRAL ALTA PATAGONIA;;;VIAMONTE 965 PISO 4;Capital Federal;Sin especificar;;IVA Responsable Inscripto;CATEDRAL ALTA PATAGONIA;30678539712;0;Ninguno;Pesos;0;;;;; ;
483;Categoria 1;Habilitado;DUARTE MIRIAM ROSA;;;GALICIA 435;Capital Federal;Sin especificar;aru.cattaneo@gmail.com;IVA Responsable Inscripto;DUARTE MIRIAM ROSA;27170652792;0;Ninguno;Pesos;0;;;;; ;
484;Categoria 1;Habilitado;STEP SERVICIOS SA;;;Gral Hornos 1181;Capital Federal;Sin especificar;proveedores@stepservicios.com.ar;IVA Responsable Inscripto;STEP SERVICIOS SA;30714456373;0;Ninguno;Pesos;0;;;;; ;
485;Categoria 1;Habilitado;RUARTE MARIA;;; Caleta Olivia_ Santa Cruz;Caleta Olivia;Sin especificar;;Consumidor final;RUARTE MARIA;0;29848184;DNI;Pesos;0;;;;; ;
486;Categoria 1;Habilitado;YANINA CACCIOLA;;;IRIGOYEN 1580 TIMBRE PA (ENTRE ALICIA MOREAUX Y ROQUE SAENZ PEÑA);Lomas de mirador;Sin especificar;cptallergrafico@hotmail.com;Consumidor final;YANINA CACCIOLA;0;0;Ninguno;Pesos;0;;;;; ;
487;Categoria 1;Habilitado;LUCIA ALGAÑARAS;;;;Buenos Aires;Sin especificar;lucia.alganaras@hotmail.com;Consumidor final;LUCIA ALGAÑARAS;0;0;Ninguno;Pesos;0;;;;; ;
488;Categoria 1;Habilitado;MOLINER ENRIQUE SEBASTIAN;;;;Mendoza;Sin especificar;;Consumidor final;MOLINER ENRIQUE SEBASTIAN;0;0;Ninguno;Pesos;0;;;;; ;
489;Categoria 1;Habilitado;ALEJANDRA ADVANCE STREET ;;;Chile 2577;Pilar;Sin especificar;;Consumidor final;ALEJANDRA ADVANCE STREET ;0;0;Ninguno;Pesos;0;;;;; ;
490;Categoria 1;Habilitado;TECNODEM SOCIEDAD ANONIMA;;;VICENTE ZAPATA 335;GUAYMALLEN;Sin especificar;gprieto@tecnodem.com.ar;IVA Responsable Inscripto;TECNODEM SOCIEDAD ANONIMA;30711817081;0;Ninguno;Pesos;0;;;;; ;
491;Categoria 1;Habilitado;SUCESION DE POLIZZI HORACIO DOMINGO;;;REPUBLICA DEL BRASIL 1075;CONCORDIA;Sin especificar;pluralaparatos@arnet.com.ar;IVA Responsable Inscripto;SUCESION DE POLIZZI HORACIO DOMINGO;20045858066;0;Ninguno;Pesos;0;;;;; ;
492;Categoria 1;Habilitado;JAVIER GALIANA;;;ENCISO 1481;Tigre;Sin especificar;;Consumidor final;JAVIER GALIANA;0;0;Ninguno;Pesos;0;;;;; ;
493;Categoria 1;Habilitado;ISG-ALEXA SRL;;;PARAGUAY 4618 PISO 8 DEPTO A;Capital Federal;Sin especificar;diego@isg-alexa.com;IVA Responsable Inscripto;ISG-ALEXA SRL;33711564239;0;Ninguno;Pesos;0;;;;; ;
494;Categoria 1;Habilitado;FERNANDEZ MARCELO GABRIEL;;;B LOS LAPACHOS M 3- C 13 O M:3;CIUDAD DE LA PUNTA (CAPITAL);Sin especificar;exografica@gmail.com;IVA Responsable Inscripto;FERNANDEZ MARCELO GABRIEL;20239473815;0;Ninguno;Pesos;0;;;;; ;
495;Categoria 1;Habilitado;TRECARICHI GUSTAVO ARIEL;;;BERMUDEZ 2718;Capital Federal;Sin especificar;devotopentaindustriagrafica@gmail.com;IVA Responsable Inscripto;TRECARICHI GUSTAVO ARIEL;20288575429;0;Ninguno;Pesos;0;;;;; ;
496;Categoria 1;Habilitado;MARCO ANTONIO ACUÑA;;; forestieri 1630 Jujuy capital;JUJUY;Sin especificar;zmaia_1286@hotmail.com;Consumidor final;MARCO ANTONIO ACUÑA;20310368548;31036854;DNI;Pesos;0;;;;; ;
497;Categoria 1;Habilitado;INDUMET SRL;;;RUTA 40 Y CALLEJON PADILLA CHIMBAS;SAN JUAN;Sin especificar;jmartonez@indumet.com.ar;IVA Responsable Inscripto;INDUMET SRL;30709960845;0;Ninguno;Pesos;0;;;;; ;
498;Categoria 1;Habilitado;JONATHAN VEGA;;;CHARCAS 4697;Lomas de mirador;Sin especificar;jvega@conexiongrafica.com.ar;Consumidor final;JONATHAN VEGA;0;0;Ninguno;Pesos;0;;;;; ;
499;Categoria 1;Habilitado;CANEVARI JUAN IGNACIO;;;Coronel Suárez 59;JUNIN DE LOS ANDES;Sin especificar;posdatagrafica@gmail.com;Responsable Monotributo;CANEVARI JUAN IGNACIO;20310093182;0;Ninguno;Pesos;0;;;;; ;
500;Categoria 1;Habilitado;Marcelo Mohamed;Mohamed diseños;;Cabildo 4160;Capital Federal;Sin especificar;marcelo@mohamed.com.ar;IVA Responsable Inscripto;Marcelo Mohamed;20179986117;0;Ninguno;Pesos;0;;;;; ;
501;Categoria 1;Habilitado;Rodrigo Ini Luis;Estudio Ini;+54 9 11 6295-6971;Jeanjaures 361 PB 1 ;Capital Federal;Sin especificar;info@estudioini.com;IVA Responsable Inscripto;Rodrigo Ini Luis;20249215962;0;Ninguno;Pesos;0;;;;; ;
502;Categoria 1;Habilitado;LOGIX SA;; (+5411) 5222-0700;Arias 1639 - 18º Floor;Capital Federal;Sin especificar;recepcion@robinson.com.ar;IVA Responsable Inscripto;LOGIX SA;30647715083;0;Ninguno;Pesos;0;;;;; ;
503;Categoria 1;Habilitado;Intra Office SRL;;;Paraguay 866 Piso 9 Depto D;Capital Federal;Sin especificar;joselyn.acevedo@gmail.com;IVA Responsable Inscripto;Intra Office SRL;30711308349;0;Ninguno;Pesos;0;;;;; ;
504;Categoria 1;Habilitado;Andrea Rodriguez;Tienda Beacon;;Rivadavia 5283 Local 19;Rincón de Milberg;Sin especificar;tiendabeacon@gmail.com;Consumidor final;Andrea Rodriguez;0;11111111;DNI;Pesos;0;;;;; ;
505;Categoria 1;Habilitado;Santiago Termotransferible ;Tintografica;;Manuela pedraza 2250;Capital Federal;Sin especificar;santi.yonamine@gmail.com;Consumidor final;Santiago Termotransferible ;0;11111111;DNI;Pesos;0;;;;; ;
506;Categoria 1;Habilitado;MOLAR SRL;;;R S PEÑA 432;Junin;Sin especificar;;IVA Responsable Inscripto;MOLAR SRL;30665619768;0;Ninguno;Pesos;0;;;;; ;
507;Categoria 1;Habilitado;CARLOS VICTOR SOLIS Y ASOCIADOS SRL;;;José Marmol 989.;Capital Federal;Sin especificar;Gd.cvsyasoc@gmail.com;IVA Responsable Inscripto;CARLOS VICTOR SOLIS Y ASOCIADOS SRL;30601767720;0;Ninguno;Pesos;0;;;;; ;
508;Categoria 1;Habilitado;RUBEN GUSTAVO BOTTINI;;;CALLE RIVADAVIA 1858;CORONEL PRINGLES;Sin especificar;;Consumidor final;RUBEN GUSTAVO BOTTINI;0;16873969;DNI;Pesos;0;;;;; ;
509;Categoria 1;Habilitado;GUSTAVO LOPEZ;EPICSHINE;;MIRALLA 548;Capital Federal;Sin especificar;lopezgtvo@gmail.com;Consumidor final;GUSTAVO LOPEZ;0;0;Ninguno;Pesos;0;;;;; ;
510;Categoria 1;Habilitado;Luciana Londero;Grafica Baradero;;Gascon 65;Baradero;Sin especificar;lucianalondero@yahoo.com.ar;Consumidor final;Luciana Londero;0;27070818;DNI;Pesos;0;;;;; ;
511;Categoria 1;Habilitado;LIBRERIA TECNICA ARGENTINA S.A;;;Avenida Cabildo 1577;Capital Federal;Sin especificar;Admin@elpoli.com;IVA Responsable Inscripto;LIBRERIA TECNICA ARGENTINA S.A;33715240209;0;Ninguno;Pesos;0;;;;; ;
512;Categoria 1;Habilitado;BETINA CAVALLERO;;;;Rincón de Milberg;Sin especificar;betinacavallero@hotmail.com;Consumidor final;BETINA CAVALLERO;0;27526483;DNI;Pesos;0;;;;; ;
513;Categoria 1;Habilitado;HERNAN LISJAK;;;;Capital Federal;Sin especificar;;Consumidor final;HERNAN LISJAK;0;0;Ninguno;Pesos;0;;;;; ;
514;Categoria 1;Habilitado;EXPRESO RIVADAVIA SRL;;;RUTA NAC N°- KM 1285-0;PACARA PÍNTADO;Sin especificar;;IVA Responsable Inscripto;EXPRESO RIVADAVIA SRL;30626009618;0;Ninguno;Pesos;0;;;;; ;
515;Categoria 1;Habilitado;TAVERNA CECILIA LILIANA;;;;CONCEPCION DEL URUGUAY;Sin especificar;;Consumidor final;TAVERNA CECILIA LILIANA;0;10380514;DNI;Pesos;0;;;;; ;
516;Categoria 1;Habilitado;MATIAS BIANCHINI;BUNKER TALLER GRAFICO;;GUARUMBA 3364;CHAJARI;Sin especificar;bunkergrafica@gmail.com;Responsable Monotributo;MATIAS BIANCHINI;23281961349;0;Ninguno;Pesos;0;;;;; ;
517;Categoria 1;Habilitado;LEO ARALDI;Leo Araldi;+54 9 2344 54-4454;Belgrano 3331 local 3;SALADILLO;Sin especificar;;Consumidor final;LEO ARALDI;0;28150387;DNI;Pesos;0;;;;; ;
518;Categoria 1;Habilitado;ARIEL LO VISCOVO;ariel lovisco;+54 9 11 5954-8207;;Capital Federal;Sin especificar;;Consumidor final;ARIEL LO VISCOVO;0;0;Ninguno;Pesos;0;;;;; ;
519;Categoria 1;Habilitado;Didier gonzalez;;;YERUA 2790;San justo;Sin especificar;;Consumidor final;Didier gonzalez;0;0;Ninguno;Pesos;0;;;;; ;
520;Categoria 1;Habilitado;PRINTEGRAL SA;Melina;+54 9 11 6937-7427;Av Ricardo balbin 3270;Capital Federal;Sin especificar;Fernando@printegral.com.ar;IVA Responsable Inscripto;PRINTEGRAL SA;30714569585;0;Ninguno;Pesos;0;;;;; ;
521;Categoria 1;Habilitado;SANCRICCA DIEGO MAXIMILIANO;;;PELLIZA 3375;Olivos;Sin especificar;unamagraphics@hotmail.com;IVA Responsable Inscripto;SANCRICCA DIEGO MAXIMILIANO;20276225325;0;Ninguno;Pesos;0;;;;; ;
522;Categoria 1;Habilitado;LUCAS MAGOLINI;;;;CORRAL DE BUSTOS;Sin especificar;;Consumidor final;LUCAS MAGOLINI;0;0;Ninguno;Pesos;0;;;;; ;
523;Categoria 1;Habilitado;ENRIQUE CHAME;;;;PICHANAL;Sin especificar;;Consumidor final;ENRIQUE CHAME;0;40629024;DNI;Pesos;0;;;;; ;
524;Categoria 1;Habilitado;SPEED CUBING SA;;;CARLOS TEJEDOR 1637;Lomas de mirador;Sin especificar;;IVA Responsable Inscripto;SPEED CUBING SA;30715314866;0;Ninguno;Pesos;0;;;;; ;
525;Categoria 1;Habilitado;ALICE HORACIO DANIEL;;;PEDRO SUAREZ 554;MONTE GRANDE;Sin especificar;;IVA Responsable Inscripto;ALICE HORACIO DANIEL;20165960832;0;Ninguno;Pesos;0;;;;; ;
526;Categoria 1;Habilitado;TE DIGO QUE PRODUCCIONES SRL;;;MONSEÑOR MARCON 3289;San justo;Sin especificar;;IVA Responsable Inscripto;TE DIGO QUE PRODUCCIONES SRL;30715098438;0;Ninguno;Pesos;0;;;;; ;
527;Categoria 1;Habilitado;Morkin Paula;todo pizarra;;;Capital Federal;Sin especificar;ventas@todopizarras.com.ar;IVA Responsable Inscripto;Morkin Paula;27231203120;0;Ninguno;Pesos;0;;;;; ;
528;Categoria 1;Habilitado;FEDERICO MURGUIONDO;;;corrientes y Maipu;Ciudad Autónoma De Buenos Aires;CABA;;IVA Responsable Inscripto;LEAO FERNANDEZ, ALBERTO;20929583095;0;Ninguno;Pesos;0;;;;; ;
529;Categoria 1;Habilitado;ARGOSCOM;EDMUNDO;;JUAN AGUSTIN GARCIA 1729;Capital Federal;Sin especificar;argoscom@gmail.com;IVA Responsable Inscripto;ARGOSCOM;20168273216;0;Ninguno;Pesos;0;;;;; ;
530;Categoria 1;Habilitado;VARAS EVA MARCELA;;;ALMIRANTE BROWN 594;Comodoro Rivadavia ;Sin especificar;Gaston_andre@hotmail.com;IVA Responsable Inscripto;VARAS EVA MARCELA;27149658330;0;Ninguno;Pesos;0;;;;; ;
531;Categoria 1;Habilitado;Acciona marketing SRL;;;Humboldt 2389 5B;Capital Federal;Sin especificar;hcides@accionamarketing.com.ar;IVA Responsable Inscripto;Acciona marketing SRL;30715242199;0;Ninguno;Pesos;0;;;;; ;
532;Categoria 1;Habilitado;Damian (Nuñez);;;Amenabar 3211 1a;Capital Federal;Sin especificar;Estudiocitrino@gmail.com;Consumidor final;Damian (Nuñez);0;11111111;DNI;Pesos;0;;;;; ;
533;Categoria 1;Habilitado;SERGIO SGANGA;4 DOMENSIONES;;LAS FLORES 728;Wilde;Sin especificar;Cuatrodimensiones@gmail.com;Consumidor final;SERGIO SGANGA;0;0;Ninguno;Pesos;0;;;;; ;
534;Categoria 1;Habilitado;FABRIZIO MARANGELLI;;;;Capital;Sin especificar;;Consumidor final;FABRIZIO MARANGELLI;0;0;Ninguno;Pesos;0;;;;; ;
535;Categoria 1;Habilitado;MARTIN ULIVI;;;JOAQUIN V GONZALEZ 1788;Villa Adelina;Sin especificar;;Consumidor final;MARTIN ULIVI;0;0;Ninguno;Pesos;0;;;;; ;
536;Categoria 1;Habilitado;PABLO FORESTIERO;;;AV JUAN B JUSTO 4255;Capital Federal;Sin especificar;info@customworks.com.ar;Consumidor final;PABLO FORESTIERO;0;0;Ninguno;Pesos;0;;;;; ;
537;Categoria 1;Habilitado;SORIA CRISTIAN GABRIEL;;;AV VICTORIA AGUIRRE 642;PUERTO IGUAZU ;Sin especificar;Cristiansound_@hotmail.com;IVA Responsable Inscripto;SORIA CRISTIAN GABRIEL;23229481339;0;Ninguno;Pesos;0;;;;; ;
538;Categoria 1;Habilitado;FRANCO MONTIEL;;;;Rincón de Milberg;Sin especificar;;Consumidor final;FRANCO MONTIEL;0;0;Ninguno;Pesos;0;;;;; ;
539;Categoria 1;Habilitado;MORENO NOELIA BELEN;;;PUEYRREDON 1799;GODOY CRUZ;Sin especificar;sellovinilos@gmail.com;Responsable Monotributo;MORENO NOELIA BELEN;23330512024;0;Ninguno;Pesos;0;;;;; ;
540;Categoria 1;Habilitado;ARIEL HERNAN MORAN;;;POLA 2199;Capital Federal;Sin especificar;;Consumidor final;ARIEL HERNAN MORAN;0;38991752;DNI;Pesos;0;;;;; ;
541;Categoria 1;Habilitado;MARIANO ALVAREZ CORTINA;;;11 de abril 404 local 1;Bahia Blanca;Buenos Aires;copymacbb@gmail.com;Consumidor final;MARIANO ALVAREZ CORTINA;0;32253520;DNI;Pesos;0;;;;; ;
542;Categoria 1;Habilitado;AUTOBUS S.A;;;Av. Juan B. Alberdi  7334;Capital Federal;Sin especificar;coordinacioncompras@autobussa.com.ar;IVA Responsable Inscripto;AUTOBUS S.A;30631481856;0;Ninguno;Pesos;0;;;;; ;
543;Categoria 1;Habilitado;SOSA RAMIRO;;;Apolinario Figeroa 1243 timbre 3;Capital Federal;Sin especificar;RSIMAGEN@GMAIL.COM;Responsable Monotributo;SOSA RAMIRO;20173457449;0;Ninguno;Pesos;0;;;;; ;
544;Categoria 1;Habilitado;COOPERATIVA DE TRABAJO EL TANQUE CULTURAL LIMITADA;;;AV RIVADAVIA 10850 PISO 6 DEPTO A;Capital Federal;Sin especificar;mariavictoria.severson@gmail.com;IVA Responsable Inscripto;COOPERATIVA DE TRABAJO EL TANQUE CULTURAL LIMITADA;33716194499;0;Ninguno;Pesos;0;;;;; ;
545;Categoria 1;Habilitado;MICAELA AHUAMADA;;;LAZCANO 3680 DEPTO 4;Capital Federal;Sin especificar;;Consumidor final;MICAELA AHUAMADA;0;0;Ninguno;Pesos;0;;;;; ;
546;Categoria 1;Habilitado;Un toque creativo;Vanesa;+54 9 11 4031-6972;Honorio Pueyrredon 449 Depto A;Capital Federal;Sin especificar;info@untoquecreativo.com.ar;Responsable Monotributo;Un toque creativo;20299501060;29950106;DNI;Pesos;0;;;;; ;
547;Categoria 1;Habilitado;JULIO C. PICCIRILLI - PABLO N. RUEDA SH;Nicolas papirus;+54 9 11 6353-5751 / 48167024;PARAGUAY 1511;Capital Federal;Sin especificar;papyrusimpresiones@gmail.com;IVA Responsable Inscripto;JULIO C. PICCIRILLI - PABLO N. RUEDA SH;30710388330;0;Ninguno;Pesos;0;;;;; ;
548;Categoria 1;Habilitado;DEL TORO FILMS SRL;;;AV CORRIENTES 4601 PISO 10 DTOA;Capital Federal;Sin especificar;PABLOSAREDO@GMAIL.COM;IVA Responsable Inscripto;DEL TORO FILMS SRL;30714789038;0;Ninguno;Pesos;0;;;;; ;
549;Categoria 1;Habilitado;MUNICIPALIDAD DE PAMPA DE LOS GUANACOS;;;SAN JOSE DE CALAZANS 0;PAMPA DE LOS GUANACOS;Sin especificar;germanmoline@hotmail.com;IVA Responsable Inscripto;MUNICIPALIDAD DE PAMPA DE LOS GUANACOS;30999089689;0;Ninguno;Pesos;0;;;;; ;
550;Categoria 1;Habilitado;RUSSO JUAN HORACIO LUIS;;;ZELARRAYAN 5261 ;Capital Federal;Sin especificar;juanhrusso@hotmail.com;IVA Responsable Inscripto;RUSSO JUAN HORACIO LUIS;20183739248;0;Ninguno;Pesos;0;;;;; ;
551;Categoria 1;Habilitado;BONIFACIO HERNAN DIEGO;;;JUNCAL 2067 7MOB;Capital Federal;Sin especificar;info@carteleriacic.com.ar;IVA Responsable Inscripto;BONIFACIO HERNAN DIEGO;20216791127;0;Ninguno;Pesos;0;;;;; ;
552;Categoria 1;Habilitado;TALLERES DANY CAR SRL;;;SAN MARTIN 2839;Capital Federal;Sin especificar;;IVA Responsable Inscripto;TALLERES DANY CAR SRL;30715377280;0;Ninguno;Pesos;0;;;;; ;
553;Categoria 1;Habilitado;PIEHL HERNAN PABLO;;;ELORDI 470;SAN MARTIN DE LOS ANDES;Sin especificar;manolovic16@hotmail.com;IVA Responsable Inscripto;PIEHL HERNAN PABLO;20234712056;0;Ninguno;Pesos;0;;;;; ;
554;Categoria 1;Habilitado;LORENA MARCELA VITTOR;;;ENTRE RIOS 127;Quilmes;Sin especificar;arq_lorenavittor@yahoo.com.ar;IVA Responsable Inscripto;LORENA MARCELA VITTOR;27240934499;0;Ninguno;Pesos;0;;;;; ;
555;Categoria 1;Habilitado;HUGO JOSE ZUCATTI;ZUCATTI LETREROS;;ALBERDI 680 ;RIO TERCERO;Sin especificar;hugozucatti@riotel.com.ar;Consumidor final;HUGO JOSE ZUCATTI;0;11111111;DNI;Pesos;0;;;;; ;
556;Categoria 1;Habilitado;KARTOS PUBLICIDAD SRL;;;COLECTORA 12 DE OCTUBRE 1469;DEL VISO;Sin especificar;;IVA Responsable Inscripto;KARTOS PUBLICIDAD SRL;30714375098;0;Ninguno;Pesos;0;;;;; ;
557;Categoria 1;Habilitado;MISTURA;;;ARGERICH 543;Capital Federal;Sin especificar;misturaimagen@gmail.com;Consumidor final;MISTURA;0;0;Ninguno;Pesos;0;;;;; ;
558;Categoria 1;Habilitado;JAZMIN POLLOLA;Lucia o Jazmin;+54 9 2216 69-2706;CALLE 28 ENTRE 526 Y 527 N°564;La plata;Sin especificar;;Consumidor final;JAZMIN POLLOLA;0;0;Ninguno;Pesos;0;;;;; ;
559;Categoria 1;Habilitado;MEZA ALEJANDRO GASTON;;;AGUAS BUENAS 3119 PISO 1  DEPTO 1;Capital Federal;Sin especificar;routeados@hotmail.com.ar;IVA Responsable Inscripto;MEZA ALEJANDRO GASTON;20273084143;0;Ninguno;Pesos;0;;;;; ;
560;Categoria 1;Deshabilitado;FRANCO BALCARCE;;;Diag 73 nro 2340 plaza y 45;La plata;Sin especificar;franco@basho.com.ar;Consumidor final;FRANCO BALCARCE;0;0;Ninguno;Pesos;0;;;;; ;
561;Categoria 1;Habilitado;MAURICIO MEDINA;Mauricio;+54 9 2215 65-6833;Calle 33 nro 843, entre 11 y 12;La plata;Sin especificar;buhodcv@gmail.com;Consumidor final;MAURICIO MEDINA;0;0;Ninguno;Pesos;0;;;;; ;
562;Categoria 1;Habilitado;GUILLERMO ANTONIO DIPPOLITO;;;MONSEÑOR PABLO CABRERA 3943;Cordoba capital;Sin especificar;guilledippolito@gmail.com;IVA Responsable Inscripto;GUILLERMO ANTONIO DIPPOLITO;20288534862;0;Ninguno;Pesos;0;;;;; ;
563;Categoria 1;Habilitado;MDA CONSULTORA SA;;;AGUSTIN ALVAREZ 331;Mendoza;Sin especificar;jv__design@hotmail.com;IVA Responsable Inscripto;MDA CONSULTORA SA;30709207675;0;Ninguno;Pesos;0;;;;; ;
564;Categoria 1;Habilitado;dds polarizados;;;Mariscal Antonio Sucre 4794;Capital Federal;Sin especificar;floren_stoll@hotmail.com;Consumidor final;dds polarizados;0;11111111;DNI;Pesos;0;;;;; ;
565;Categoria 1;Habilitado;SLAVEN ADRIANA ELSA;ELIPOL pablo;+54 9 11 3778-7171;PTE LUIS SAENZ PEÑA 296;Capital Federal;Sin especificar;elipol296@hotmail.com;IVA Responsable Inscripto;SLAVEN ADRIANA ELSA;27135739842;0;Ninguno;Pesos;0;;;;; ;
566;Categoria 1;Habilitado;EZEQUIEL GONZALEZ;;;SAAVEDRA 2710 COMPLEJO NUEVO DEL VISO DEPTO 101;DEL VISO;Sin especificar;Ferezegon@hotmail.com.ar;Consumidor final;EZEQUIEL GONZALEZ;0;0;Ninguno;Pesos;0;;;;; ;
567;Categoria 1;Habilitado;FZERO SRL;;;TRONADOR 671;Capital Federal;Sin especificar;info@barcodigital.com;IVA Responsable Inscripto;FZERO SRL;30710295839;0;Ninguno;Pesos;0;;;;; ;
568;Categoria 1;Habilitado;GONZALEZ JUAN RAMON;;;JACINTO DIAZ 261;San Isidro;Sin especificar;dobleggrafica@gmail.com;IVA Responsable Inscripto;GONZALEZ JUAN RAMON;23270108059;0;Ninguno;Pesos;0;;;;; ;
569;Categoria 1;Habilitado;JOAQUIN comfort car ;Joaquin;+54 9 2213 50-7747;Calle 24 entre 525 y 526;La plata;Sin especificar;comfortcarlaplata@gmail.com;Consumidor final;JOAQUIN comfort car ;0;0;Ninguno;Pesos;0;;;;; ;
570;Categoria 1;Habilitado;AGUSTINA SACHETTI;;;CONCEPCION ARENAL 4244 DEPTO 135;Capital Federal;Sin especificar;agustinasachetti@gmail.com;Consumidor final;AGUSTINA SACHETTI;0;0;Ninguno;Pesos;0;;;;; ;
571;Categoria 1;Habilitado;EXPRESO TIGRE IGUAZU SRL;;;VIAMONTE 965 4°PISO;Capital Federal;Sin especificar;mmari@viacorreo.com.ar;IVA Responsable Inscripto;EXPRESO TIGRE IGUAZU SRL;30562382085;0;Ninguno;Pesos;0;;;;; ;
572;Categoria 1;Habilitado;FREAK VINILOS;MARCELO O JUAN;;pEDRO gOYENA 59;Capital Federal;Sin especificar;MFTVINILOS@GMAIL.COM;Consumidor final;FREAK VINILOS;0;0;Ninguno;Pesos;0;;;;; ;
573;Categoria 1;Habilitado;NEXO SRL;;;SAN JUAN 645;Mendoza;Sin especificar;;IVA Responsable Inscripto;NEXO SRL;30679786853;0;Ninguno;Pesos;0;;;;; ;
574;Categoria 1;Habilitado;DOPICO MARTIN GABRIEL;;;CHARLONE 1633;Capital Federal;Sin especificar;plottgrafika@gmail.com;IVA Responsable Inscripto;DOPICO MARTIN GABRIEL;20228768651;0;Ninguno;Pesos;0;;;;; ;
575;Categoria 1;Habilitado;LUCIANO NOTARISTEFANO;;;JUANB ALBERDI 349 ;Tigre;Sin especificar;luianonot75@gmail.com;Consumidor final;LUCIANO NOTARISTEFANO;0;0;Ninguno;Pesos;0;;;;; ;
576;Categoria 1;Habilitado;PARADYSE BTL SRL;;;VIELA 1825 PISO 1 DEPTO B;Capital Federal;Sin especificar;peoniaveloz@yahoo.com.ar;IVA Responsable Inscripto;PARADYSE BTL SRL;30710867778;0;Ninguno;Pesos;0;;;;; ;
577;Categoria 1;Habilitado;DECUISAMA SRL;;;MURILLO 836;Capital Federal;Sin especificar;produccion@tensocable.com.ar;IVA Responsable Inscripto;DECUISAMA SRL;30707428771;0;Ninguno;Pesos;0;;;;; ;
578;Categoria 1;Habilitado;LIBRE COMUNICACION;;;;Capital Federal;Sin especificar;martin@librecomunicacion.net;Consumidor final;LIBRE COMUNICACION;0;0;Ninguno;Pesos;0;;;;; ;
579;Categoria 1;Habilitado;ALEJANDRO LUTOTOVICH;;;VIDT 1923;Capital Federal;Sin especificar;dj.luto@gmail.com;Consumidor final;ALEJANDRO LUTOTOVICH;0;0;Ninguno;Pesos;0;;;;; ;
580;Categoria 1;Habilitado;ALEJANDRO MAESTRI ADRIANA MAESTRI SH;;;ANDRES LAMA 1454;Capital Federal;Sin especificar;rcmessa@hotmail.com;IVA Responsable Inscripto;ALEJANDRO MAESTRI ADRIANA MAESTRI SH;30714490377;0;Ninguno;Pesos;0;;;;; ;
581;Categoria 1;Habilitado;SIEBENHART GUSTAVO RAUL;;;LAS FUCSIAS 331 LOCAL 3;VILLA LA ANGOSTURA;Sin especificar;gspublicidad@graficarucahuiri.com.ar;IVA Responsable Inscripto;SIEBENHART GUSTAVO RAUL;20210109472;0;Ninguno;Pesos;0;;;;; ;
582;Categoria 1;Habilitado;MARTIN RODRIGUEZ;Libre Comunicacion ;;;Capital Federal;Sin especificar;martin@librecomunicacion.net;IVA Responsable Inscripto;MARTIN RODRIGUEZ;20269492822;0;Ninguno;Pesos;0;;;;; ;
583;Categoria 1;Habilitado;LEANDRO PAEZ ;Leandro;+54 9 2214 18-7461;;La plata;Sin especificar;;Consumidor final;LEANDRO PAEZ ;0;0;Ninguno;Pesos;0;;;;; ;
584;Categoria 1;Habilitado;PROYECTO MAS TRES SRL;Guillermo;+54 9 11 5515-2699;COLPAYO 486;Capital Federal;Sin especificar;info@proyectomastres.com.ar;IVA Responsable Inscripto;PROYECTO MAS TRES SRL;30715614959;0;Ninguno;Pesos;0;;;;; ;
585;Categoria 1;Habilitado;ANDRADE HECTOR ARMANDO;;;VELEZ SARFIEL 692;RIO GALLEGOS;Sin especificar;HAA.SEGURO24@GMAIL.COM;IVA Responsable Inscripto;ANDRADE HECTOR ARMANDO;20175498622;0;Ninguno;Pesos;0;;;;; ;
586;Categoria 1;Habilitado;ROMERO DAMIAN ARIEL;;;GALLO 1225 5°B;Capital Federal;Sin especificar;damianromero1973@gmail.com;IVA Responsable Inscripto;ROMERO DAMIAN ARIEL;20234539540;0;Ninguno;Pesos;0;;;;; ;
587;Categoria 1;Habilitado;GMB CONTENIDOS SRL;;;GORRITI 4180;Capital Federal;Sin especificar;aguilejulia@gmail.com;IVA Responsable Inscripto;GMB CONTENIDOS SRL;30711284210;0;Ninguno;Pesos;0;;;;; ;
588;Categoria 1;Habilitado;Julieta Cursach;;;rosario 170 3b;Capital Federal;Sin especificar;julicursach@hotmail.com;Responsable Monotributo;Julieta Cursach;27278609478;0;Ninguno;Pesos;0;;;;; ;
589;Categoria 1;Habilitado;SUSANA MAURICE ;;;ESTEBAN BONORINO 126;Capital Federal;Sin especificar;SUSANABMAURICE@HOTMAIL.COM;Consumidor final;SUSANA MAURICE ;0;0;Ninguno;Pesos;0;;;;; ;
590;Categoria 1;Habilitado;CARTELLE GUSTAVO ALFREDO;;;GENERAL SAVIO 3547;Los polvorines;Sin especificar;gustavocartelle@gmail.com;IVA Responsable Inscripto;CARTELLE GUSTAVO ALFREDO;20249514080;0;Ninguno;Pesos;0;;;;; ;
591;Categoria 1;Habilitado;Jorge A. Trejo Servicios S.R.L.;Jorge Trejo;;Castagnino 1050;ROSARIO;Santa Fe;;IVA Responsable Inscripto;Jorge A. Trejo Servicios S.R.L.;30715098462;0;Ninguno;Pesos;0;;;;; ;
592;Categoria 1;Habilitado;PABLO TORELLI;;;Batalla de caseros 350 del viso;DEL VISO;Sin especificar;torelli_pablo@hotmail.com;Consumidor final;PABLO TORELLI;0;26363555;DNI;Pesos;0;;;;; ;
593;Categoria 1;Habilitado;Gmart foto video;;;basualdo 2875 piso 8D;Capital Federal;Sin especificar;gmart@live.com.ar;Consumidor final;Gmart foto video;0;11111111;DNI;Pesos;0;;;;; ;
594;Categoria 1;Habilitado;Damian Rearte;;;Oliden 1544;Mataderos;Sin especificar;damianrearte@gmail.com;Consumidor final;Damian Rearte;0;36494554;DNI;Pesos;0;;;;; ;
595;Categoria 1;Habilitado;Nicolas Urbieta;;3489535769;Mozo 2612;Campana;Sin especificar;niosur91@hotmail.com;Consumidor final;Nicolas Urbieta;0;0;Ninguno;Pesos;0;;;;; ;
596;Categoria 1;Habilitado;Ulloa Jorge Manuel;;;Libertad 1097 - Esquina: Onelli;RIO GALLEGOS;Sin especificar;;Responsable Monotributo;Ulloa Jorge Manuel;20291092897;0;Ninguno;Pesos;0;;;;; ;
597;Categoria 1;Habilitado;juan manuel groppo;Juan Groppo (colegiales);+54 9 11 5592-4848;AV ALVAREZ THOMAS 772;Capital Federal;Sin especificar;info@looma.com.ar;IVA Responsable Inscripto;juan manuel groppo;20352023494;0;Ninguno;Pesos;0;;;;; ;
598;Categoria 1;Habilitado;ADRIAN FOSCO;Adrian;+54 9 2344 40-1574;Moreno 2056;SALADILLO;Sin especificar;adrianfosco@gmail.com;Consumidor final;ADRIAN FOSCO;20334799353;33479935;DNI;Pesos;0;;;;; ;
599;Categoria 1;Habilitado;Fabian Schunk;Chemagraf;;Tucuman 2165;SAN MARTIN;Sin especificar;chemagraf@hotmail.com;Consumidor final;Fabian Schunk;0;0;Ninguno;Pesos;0;;;;; ;
600;Categoria 1;Habilitado;Santiago Montiel;;;Rafaela 5053 - piso 8;Buenos Aires;Sin especificar;tecnografic.ar@gmail.com;Consumidor final;Santiago Montiel;0;0;Ninguno;Pesos;0;;;;; ;
601;Categoria 1;Habilitado;BIBLIOTECA DEL CONGRESO DE LA NACION ;;;ALSINA 1835;Capital Federal;Sin especificar;dsc@bcn.gob.ar;IVA Sujeto Exento;BIBLIOTECA DEL CONGRESO DE LA NACION ;30586759198;0;Ninguno;Pesos;0;;;;; ;
602;Categoria 1;Habilitado;Luis casella;;;Paraguay 1148 6A;Capital Federal;Sin especificar;luis@lasurquiza.com.ar;Consumidor final;Luis casella;0;0;Ninguno;Pesos;0;;;;; ;
603;Categoria 1;Habilitado;Claudio Marcelo Alvarez;CHEMAGRAF;47534754;2165 Tucuman;Buenos Aires;Sin especificar;alegoribar@hotmail.com;Responsable Monotributo;Claudio Marcelo Alvarez;20204429643;0;Ninguno;Pesos;0;;;;; ;
604;Categoria 1;Habilitado;CLEANOSOL ARGENTINA S.A.I.C.F.I.;;41357200;MENDOZA 1674;Avellaneda;Sin especificar;;IVA Responsable Inscripto;CLEANOSOL ARGENTINA S.A.I.C.F.I.;30504912899;0;Ninguno;Pesos;0;;;;; ;
605;Categoria 1;Habilitado;Guillermo Avancini;;;Urquiza 3206;Federacion;Sin especificar;;Consumidor final;Guillermo Avancini;0;0;Ninguno;Pesos;0;;;;; ;
606;Categoria 1;Habilitado;VICTOR ALCARAZ;;;POETA RISSO 2517 ;HURLINGHAM ;Sin especificar;anjoviro@hotmail.com.ar;Consumidor final;VICTOR ALCARAZ;0;11111111;DNI;Pesos;0;;;;; ;
607;Categoria 1;Habilitado;Juan Pablo Jecke;;;Cortejarena 2943;Capital Federal;Sin especificar;ventas@grafisur.net;IVA Responsable Inscripto;Juan Pablo Jecke;20342696113;0;Ninguno;Pesos;0;;;;; ;
608;Categoria 1;Habilitado;Federico Teceyra;;;Hipolito yrigoyen 7751;Sin especificar;Sin especificar;Estilobanfield2018@gmail.com;Consumidor final;Federico Teceyra;0;11111111;DNI;Pesos;0;;;;; ;
609;Categoria 1;Habilitado;NICOLAS MORCILLO;;;ARANGUREN 268;Capital Federal;Sin especificar;;Consumidor final;NICOLAS MORCILLO;0;0;Ninguno;Pesos;0;;;;; ;
610;Categoria 1;Habilitado;ZAMBOSCHI FRANCISCO MARTIN;;;MORENO 872;Rincón de Milberg;Sin especificar;franzamboschi@hotmail.com;IVA Responsable Inscripto;ZAMBOSCHI FRANCISCO MARTIN;20318921718;0;Ninguno;Pesos;0;;;;; ;
611;Categoria 1;Habilitado;ALEJANDRO ALBINO;;;AV. DE MAYO 2372;RAMOS MEJIA;Buenos Aires;plotter7argentina@gmail.com;IVA Responsable Inscripto;ALBINO, ALEJANDRO;20267256196;0;Ninguno;Pesos;0;;;;; ;
612;Categoria 1;Habilitado;MARCO CARPEDIEM;Marco;+54 9 2215 03-2416;38 n187 e 116 y 117 porton negro;La plata;Sin especificar;Carpediemcd@live.com.ar;Consumidor final;MARCO CARPEDIEM;0;0;Ninguno;Pesos;0;;;;; ;
613;Categoria 1;Habilitado;LILIAN CASTELLANOS;DAGO PUBLICIDAD;;Arenales 2708 6°C;Capital Federal;Sin especificar;dagopublicidad@gmail.com;Consumidor final;LILIAN CASTELLANOS;0;0;Ninguno;Pesos;0;;;;; ;
614;Categoria 1;Habilitado;miriam patricia oyarzo;;;punta maria 660;Rio Grande;Sin especificar;pattry43@gmail.com;Consumidor final;miriam patricia oyarzo;0;0;Ninguno;Pesos;0;;;;; ;
615;Categoria 1;Habilitado;Candelaria Canedo Peró;;;2576 melian Piso 11 Depto 1;Capital Federal;Sin especificar;candelaria.pvdg@gmail.com;Consumidor final;Candelaria Canedo Peró;0;0;Ninguno;Pesos;0;;;;; ;
616;Categoria 1;Habilitado;CRISTIAN ANTUNES;;;;SALADILLO;Sin especificar;;Consumidor final;CRISTIAN ANTUNES;0;28623886;DNI;Pesos;0;;;;; ;
617;Categoria 1;Habilitado;TRANSPORTE DON OTTO SA;;;AV GALE 35;Trelew;Sin especificar;mmari@viacorreo.com.ar;IVA Responsable Inscripto;TRANSPORTE DON OTTO SA;30546416808;0;Ninguno;Pesos;0;;;;; ;
618;Categoria 1;Habilitado;FRANKY ROSARIO SRL;;;;ROSARIO;Santa Fe;;IVA Responsable Inscripto;FRANKY ROSARIO SRL;30715553151;0;Ninguno;Pesos;0;;;;; ;
619;Categoria 1;Habilitado;QUINTIERO DARIO ESTEBAN;;45219848;PACHECO 2950 PISO 1 DPTO C;Capital Federal;Sin especificar;darioquintiero@hotmail.com;IVA Responsable Inscripto;QUINTIERO DARIO ESTEBAN;20260790286;0;Ninguno;Pesos;0;;;;; ;
620;Categoria 1;Habilitado;GASTON GODOY;;;;MORON;Sin especificar;;Consumidor final;GASTON GODOY;0;0;Ninguno;Pesos;0;;;;; ;
621;Categoria 1;Habilitado;ANA DE LEONE;;;CAMPICHUELO 690 2A;Capital Federal;Sin especificar;anapauladeleone@gmail.com;Consumidor final;ANA DE LEONE;0;0;Ninguno;Pesos;0;;;;; ;
622;Categoria 1;Habilitado;ABEL CALLEJAS;;461350039;CUENCA 193 ;Capital Federal;Sin especificar;;Consumidor final;ABEL CALLEJAS;0;0;Ninguno;Pesos;0;;;;; ;
623;Categoria 1;Habilitado;TABENI DIEGO JOSE;;;SAN JOSE 2057;Santa Fe;Sin especificar;Ideasgraficasarchivos@gmail.com;IVA Responsable Inscripto;TABENI DIEGO JOSE;20247225200;0;Ninguno;Pesos;0;;;;; ;
624;Categoria 1;Habilitado;PAOLA BENITEZ;;;;Capital Federal;Sin especificar;;Consumidor final;PAOLA BENITEZ;0;0;Ninguno;Pesos;0;;;;; ;
625;Categoria 1;Habilitado;NERI SAVOIARDO;;;warnes 815;Capital Federal;Sin especificar;;Consumidor final;NERI SAVOIARDO;0;0;Ninguno;Pesos;0;;;;; ;
626;Categoria 1;Habilitado;MARTIN FISCHBACH;;;PROPERO BOVINO 1448;CONCORDIA;Sin especificar;martin_fischbach@hotmail.com;Consumidor final;MARTIN FISCHBACH;0;33863885;DNI;Pesos;0;;;;; ;
627;Categoria 1;Habilitado;LAGUNA DEL SUR SA;;;AV CORDOBA 807 5° PISO;Capital Federal;Sin especificar;;IVA Responsable Inscripto;LAGUNA DEL SUR SA;30710439717;0;Ninguno;Pesos;0;;;;; ;
628;Categoria 1;Habilitado;EZEQUIEL REMINE;;;Rodríguez 2905;Merlo;Sin especificar;;Consumidor final;EZEQUIEL REMINE;0;0;Ninguno;Pesos;0;;;;; ;
629;Categoria 1;Habilitado;BGH SOCIEDAD ANONIMA;;11-43092000;Brasil 731;Capital Federal;Sin especificar;Sanchez.Luciana@bgh.com.ar;IVA Responsable Inscripto;BGH SOCIEDAD ANONIMA;30503612891;0;Ninguno;Pesos;0;;;;; ;
630;Categoria 1;Habilitado;Tejada Augusto;;;Paraguay 4238 Piso:7 Depto:A;Capital Federal;Sin especificar;;IVA Responsable Inscripto;Tejada Augusto;20310605221;0;Ninguno;Pesos;0;;;;; ;
631;Categoria 1;Habilitado;GONZALO DAGOSTINO;;;Urquiza 835;LA PAZ;Sin especificar;;Consumidor final;GONZALO DAGOSTINO;0;0;Ninguno;Pesos;0;;;;; ;
632;Categoria 1;Habilitado;LEANDRO DAMASO;;;LARAÑAGA 602 3C;Capital Federal;Sin especificar;;Consumidor final;LEANDRO DAMASO;0;0;Ninguno;Pesos;0;;;;; ;
633;Categoria 1;Habilitado;ALEXIS MATTEODA;;;;VIALE;Sin especificar;;Consumidor final;ALEXIS MATTEODA;0;24260566;DNI;Pesos;0;;;;; ;
634;Categoria 1;Habilitado;ADRIAN GENOUD ;;;;San Pedro;Sin especificar;;Consumidor final;ADRIAN GENOUD ;0;0;Ninguno;Pesos;0;;;;; ;
635;Categoria 1;Habilitado;STEALING SOULS;;;BERTRES 540 entre Valle y Pedro Goyena.;Capital Federal;Sin especificar;;Responsable Monotributo;STEALING SOULS;20327600940;0;Ninguno;Pesos;0;;;;; ;
636;Categoria 1;Habilitado;CANEVARI TERESA;;;EPULAFQUEN 30;JUNIN DE LOS ANDES;Sin especificar;posdatagrafica@gmail.com;Responsable Monotributo;CANEVARI TERESA;27267698452;0;Ninguno;Pesos;0;;;;; ;
637;Categoria 1;Habilitado;NICOLAS IGLESIAS;;;Soldado de Malvinas 1620;Villa Adelina;Sin especificar;nico_trainner@hotmail.com;Consumidor final;NICOLAS IGLESIAS;0;0;Ninguno;Pesos;0;;;;; ;
638;Categoria 1;Habilitado;A FULL DESIGN ;GABRIEL VILLAR;;BASILIO CITTADINI 2379;Capital Federal;Sin especificar;;Consumidor final;A FULL DESIGN ;0;0;Ninguno;Pesos;0;;;;; ;
639;Categoria 1;Habilitado;CRISTIAN MACHADO;Cristian machado;+54 9 2214 28-5073;137 n 1817 e 69 y 70;La plata;Sin especificar;bizual.d@gmail.com;Consumidor final;CRISTIAN MACHADO;0;0;Ninguno;Pesos;0;;;;; ;
640;Categoria 1;Habilitado;MARCELO GARCIA;Marcelo Mikcalcos ( Solano);+54 9 11 4069-2446;CALLE 898 N°4239 ENTRE 842 Y 843;SAN FRANCISCO SOLANO;Sin especificar;;Consumidor final;MARCELO GARCIA;0;0;Ninguno;Pesos;0;;;;; ;
641;Categoria 1;Habilitado;FEDERICO MARENCO BARRIOS;DS CALCOS;;SARMIENTO 643 OF 130;Capital Federal;Sin especificar;;Consumidor final;FEDERICO MARENCO BARRIOS;20308320910;0;Ninguno;Pesos;0;;;;; ;
642;Categoria 1;Habilitado;OMAR ADRIAN PEREZ ;;;ALMAGRO 26;SAN FERNANDO DEL VALLE DE CATAMARCA;Catamarca;;IVA Responsable Inscripto;PEREZ, OMAR ADRIAN;20272129291;0;Ninguno;Pesos;0;;;;; ;
643;Categoria 1;Habilitado;RODRIGO RIOS;;;AV GRAL PAZ 13929;Lomas de mirador;Sin especificar;;Consumidor final;RODRIGO RIOS;0;26966773;DNI;Pesos;0;;;;; ;
644;Categoria 1;Habilitado;SERGIO BARBERO;VL INSUMOS GRAFICOS;;;Junin;Sin especificar;VENTAS@VLINSUMOSGRAFICOS.COM;IVA Responsable Inscripto;SERGIO BARBERO;20231686879;0;Ninguno;Pesos;0;;;;; ;
645;Categoria 1;Habilitado;SINTIENDO DISEÑO SRL;Alejo ;+54 9 11 3757-1375;AV DORREGO 294;Capital Federal;Sin especificar;alejo@sintiendo.com.ar;IVA Responsable Inscripto;SINTIENDO DISEÑO SRL;30714537780;0;Ninguno;Pesos;0;;;;; ;
646;Categoria 1;Habilitado;CAMPO CINE SRL;;;MONTALVO 150;Capital Federal;Sin especificar;sofiasosa.e@gmail.com;IVA Responsable Inscripto;CAMPO CINE SRL;30710844468;0;Ninguno;Pesos;0;;;;; ;
647;Categoria 1;Habilitado;POP IN SRL;;;MOSCONI 627;Lomas de mirador;Sin especificar;daianaschwint@popingenieria.com;IVA Responsable Inscripto;POP IN SRL;30714518778;0;Ninguno;Pesos;0;;;;; ;
648;Categoria 1;Deshabilitado;FRANZ CALLEJAS;;49199498;NAZCA 407;Capital Federal;Sin especificar;;Consumidor final;FRANZ CALLEJAS;0;0;Ninguno;Pesos;0;;;;; ;
649;Categoria 1;Habilitado;MATERIA PIXEL SA;;;TAPALQUE 7474;Capital Federal;Sin especificar;;IVA Responsable Inscripto;MATERIA PIXEL SA;33711033179;0;Ninguno;Pesos;0;;;;; ;
650;Categoria 1;Habilitado;GABRIELA GONZALEZ;;;Homero mansi 3402;Lomas de Zamora;Sin especificar;;Consumidor final;GABRIELA GONZALEZ;0;0;Ninguno;Pesos;0;;;;; ;
651;Categoria 1;Habilitado;SAMUEL ALI;;;;JUJUY;Sin especificar;;Consumidor final;SAMUEL ALI;0;38164183;DNI;Pesos;0;;;;; ;
652;Categoria 1;Habilitado;PANOZZO MARIA GISELA;DEMENTECREATIVA;;SIMBRON 5359 PB 2;Capital Federal;Sin especificar;dmcreativa@hotmail.com;IVA Responsable Inscripto;PANOZZO MARIA GISELA;27244970155;0;Ninguno;Pesos;0;;;;; ;
653;Categoria 1;Habilitado;VALERIA VERGARA;;;;TANDIL;Sin especificar;;Consumidor final;VALERIA VERGARA;0;21504845;DNI;Pesos;0;;;;; ;
654;Categoria 1;Habilitado;MARVASSIO JUAN MARCELO;;;TRISTE 110;EZEIZA;Sin especificar;info@zonaurbanapublicidad.com.ar;IVA Responsable Inscripto;MARVASSIO JUAN MARCELO;20310802752;0;Ninguno;Pesos;0;;;;; ;
655;Categoria 1;Habilitado;FERNANDEZ JORGE NESTOR;;;BARRIO BALBIN CASA 30;Carlos Casares;Sin especificar;ecospropagandas@gmail.com;Responsable Monotributo;FERNANDEZ JORGE NESTOR;20103689393;0;Ninguno;Pesos;0;;;;; ;
656;Categoria 1;Habilitado;JULIAN COSTA;DELTA AUTOESTETICA;;LIBERTAD 16 ENTRE PUCHEU Y AV ARGENTINA;Merlo;Sin especificar;;Consumidor final;JULIAN COSTA;0;0;Ninguno;Pesos;0;;;;; ;
657;Categoria 1;Habilitado;PUBLIGRAF;DIEGO FANELLO;;VIRASORO VALENTIN 1304;Ciudad Autónoma De Buenos Aires;CABA;publigraf10@yahoo.com.ar;Responsable Monotributo;FANELLO, DIEGO HERNAN;20233765970;0;Ninguno;Pesos;0;;;;; ;
658;Categoria 1;Habilitado;DOCMA SUPPLIES SA;;;GRAL. JOSE G. ARTIGAS 330;Capital Federal;Sin especificar;gerardoperrin@gmail.com;IVA Responsable Inscripto;DOCMA SUPPLIES SA;30712241361;0;Ninguno;Pesos;0;;;;; ;
659;Categoria 1;Habilitado;DECERO GRAFICA S.A.;Pablo Plitman;+54 9 11 4993-2065;ARISTOBULO DEL VALLE 3263;Merlo;Sin especificar;decero-grafica@hotmail.com;IVA Responsable Inscripto;DECERO GRAFICA S.A.;30715636138;0;Ninguno;Pesos;0;;;;; ;
660;Categoria 1;Habilitado;Pablo Rubinsztein;;;Barrio el Molino;Pilar;Sin especificar;prubinsztein@gmail.com;Consumidor final;Pablo Rubinsztein;0;18285995;DNI;Pesos;0;;;;; ;
661;Categoria 1;Habilitado;LUCENTE CARLOS ALEJANDRO;;;RIVADAVIA 199;VIEDMA;Sin especificar;;IVA Responsable Inscripto;LUCENTE CARLOS ALEJANDRO;23134771119;0;Ninguno;Pesos;0;;;;; ;
662;Categoria 1;Habilitado;Fernando Daniel Narvaez;;;altamirano 2913 manzana 18 lote 2 - 94 ;JUJUY;Sin especificar;fdtota@yahoo.com.ar;Consumidor final;Fernando Daniel Narvaez;0;0;Ninguno;Pesos;0;;;;; ;
663;Categoria 1;Habilitado;Marina Agustini;;;ALBERDI JUAN B. AV. 599;Capital Federal;Sin especificar;palermo@pekken.com.ar;IVA Responsable Inscripto;Marina Agustini;27295440460;0;Ninguno;Pesos;0;;;;; ;
664;Categoria 1;Habilitado;SAFE TAG;;;;Rincón de Milberg;Sin especificar;ventas@safetag.com.ar;Consumidor final;SAFE TAG;0;0;Ninguno;Pesos;0;;;;; ;
665;Categoria 1;Habilitado;CHROMA DESIGN SRL;;;Cnel Uzal 3502;Capital Federal;Sin especificar;info@chromadesign.com.ar;IVA Responsable Inscripto;CHROMA DESIGN SRL;30715990985;0;Ninguno;Pesos;0;;;;; ;
666;Categoria 1;Habilitado;P I S R L;;;RIGOLLEAU  4253;Berazategui;Sin especificar;;IVA Responsable Inscripto;P I S R L;30708699744;0;Ninguno;Pesos;0;;;;; ;
667;Categoria 1;Habilitado;DIAZ COLODRERO BRAULIO MANUEL;;;RIVADAVIA AV. 3772 Piso:7 Dpto:N;Capital Federal;Sin especificar;BMDCOLODRERO@GMAIL.COM;Responsable Monotributo;DIAZ COLODRERO BRAULIO MANUEL;23331888559;0;Ninguno;Pesos;0;;;;; ;
668;Categoria 1;Habilitado;IOSFA;;;;Buenos Aires;Sin especificar;comprasgenerales@iosfacompras.com.ar;Consumidor final;IOSFA;0;0;Ninguno;Pesos;0;;;;; ;
669;Categoria 1;Habilitado;ESPERON JOSE LUIS;Jose Luis Esperon;+54 9 11 6051-1727;CARABOBO AV. 54 Piso:9 Dpto:A;Capital Federal;Sin especificar;joseluisesperon@gmail.com;IVA Responsable Inscripto;ESPERON JOSE LUIS;20222002479;0;Ninguno;Pesos;0;;;;; ;
670;Categoria 1;Habilitado;MARCELO SAN JUSTO;;;;San justo;Sin especificar;;Consumidor final;MARCELO SAN JUSTO;0;0;Ninguno;Pesos;0;;;;; ;
671;Categoria 1;Habilitado;DRIFTER S.A.;;;RUTA 88 701;Mar del plata;Sin especificar;msmena90@hotmail.com;IVA Responsable Inscripto;DRIFTER S.A.;30714839493;0;Ninguno;Pesos;0;;;;; ;
672;Categoria 1;Habilitado;DI BLASIO CARLOS DANIEL;;;INDEPENDENCIA AV. 2987;Capital Federal;Sin especificar;graficadiblasio@gmail.com;IVA Responsable Inscripto;DI BLASIO CARLOS DANIEL;20184094526;0;Ninguno;Pesos;0;;;;; ;
673;Categoria 1;Habilitado;LOPEZ RODRIGUEZ JUAN PABLO EZEQUIEL;;;J. J. Paso 117;Federacion;Sin especificar;;Responsable Monotributo;LOPEZ RODRIGUEZ JUAN PABLO EZEQUIEL;20270174664;0;Ninguno;Pesos;0;;;;; ;
674;Categoria 1;Deshabilitado;JUAN CARLOS SAVINO;;;AVALOS 1198;Capital Federal;Sin especificar;juancsavino@hotmail.com;IVA Responsable Inscripto;JUAN CARLOS SAVINO;20120138961;0;Ninguno;Pesos;0;;;;; ;
675;Categoria 1;Habilitado;GRAFICA TRES SRL;;;San martin 4462;Mar del plata;Sin especificar;;IVA Responsable Inscripto;GRAFICA TRES SRL;30709617725;0;Ninguno;Pesos;0;;;;; ;
676;Categoria 1;Habilitado;CRISTIAN PARIS;;;;RIO GALLEGOS;Sin especificar;Cacheparis@hotmail.com;Consumidor final;CRISTIAN PARIS;0;29754013;DNI;Pesos;0;;;;; ;
677;Categoria 1;Habilitado;MARIANO SISCA;;;;Capital Federal;Sin especificar;;Consumidor final;MARIANO SISCA;0;0;Ninguno;Pesos;0;;;;; ;
678;Categoria 1;Habilitado;GABRIEL LOPEZ;;;;LA COLONIA JUNIN;Sin especificar;gabriellopeza@speedy.com.ar;Consumidor final;GABRIEL LOPEZ;0;0;Ninguno;Pesos;0;;;;; ;
679;Categoria 1;Habilitado;ENCHIEME PABLO IGNACIO;CREARMULTIMEDIA;;AV SAN MARTIN 336 1°P LOCAL 9;Rio Grande;Sin especificar;pablo@crearmultimedia.com.ar;IVA Sujeto Exento;ENCHIEME PABLO IGNACIO;20236952410;0;Ninguno;Pesos;0;;;;; ;
680;Categoria 1;Habilitado;NET WORD 153 ADVERTISING SRL;;;FERNANDEZ DE ENCISO 3949 ;Capital Federal;Sin especificar;cristian@153adv.com;IVA Responsable Inscripto;NET WORD 153 ADVERTISING SRL;33709299749;0;Ninguno;Pesos;0;;;;; ;
681;Categoria 1;Habilitado;MARUHAK FEDERICO;;;ALMIRANTE BROWN 1056;Quilmes;Sin especificar;Ploteoscopypress@gmail.com;IVA Responsable Inscripto;MARUHAK FEDERICO;20244524150;0;Ninguno;Pesos;0;;;;; ;
682;Categoria 1;Habilitado;CRISTIAN;;;;Santa Fe;Sin especificar;;Consumidor final;CRISTIAN;0;0;Ninguno;Pesos;0;;;;; ;
683;Categoria 1;Habilitado;ALEJANDRO SCHMIDT;;;ALTE BROWN 456;Pilar;Sin especificar;;Consumidor final;ALEJANDRO SCHMIDT;0;0;Ninguno;Pesos;0;;;;; ;
684;Categoria 1;Habilitado;LUCAS LEONEL MARTINEZ;;;Eduardo aria 618;San Ramon de la Nueva Oran;Sin especificar;;Consumidor final;LUCAS LEONEL MARTINEZ;0;0;Ninguno;Pesos;0;;;;; ;
685;Categoria 1;Habilitado;BROPRINTER;;;;Capital Federal;Sin especificar;;Consumidor final;BROPRINTER;0;0;Ninguno;Pesos;0;;;;; ;
686;Categoria 1;Habilitado;IGNACIO GONZALEZ;DETAIL FACTORY;;AV FLENING 1422;MARTINEZ;Sin especificar;;Consumidor final;IGNACIO GONZALEZ;0;0;Ninguno;Pesos;0;;;;; ;
687;Categoria 1;Habilitado;GONZALEZ PABLO DANIEL;Pablo Skyline;+54 9 11 6805-7070;AMENABAR 1314 Piso:PB;Ciudad Autónoma De Buenos Aires;CABA;askyline908@gmail.com;IVA Responsable Inscripto;SKYLINE MERCHANDISING S.R.L.;30717985571;0;Ninguno;Pesos;0;;;;; ;
688;Categoria 1;Habilitado;MAXI ARLEKIN;;;Av. del Libertador 403;MORENO;Sin especificar;;Consumidor final;MAXI ARLEKIN;0;0;Ninguno;Pesos;0;;;;; ;
689;Categoria 1;Habilitado;MARCELO CARREIRA;;;Almafuerte 3416;San justo;Sin especificar;;Consumidor final;MARCELO CARREIRA;0;0;Ninguno;Pesos;0;;;;; ;
690;Categoria 1;Habilitado;PEDRO FERNANDEZ;;2.664.643.866;212 VIVIENDAS PRODUCTIVAS MNZ 88 LOCAL 5;SAN LUIS;Sin especificar;;Consumidor final;PEDRO FERNANDEZ;0;0;Ninguno;Pesos;0;;;;; ;
691;Categoria 1;Habilitado;CENTRO ACTIVO DISEÑO;;;27#462 e/527/528 Tolosa la.plata;La plata;Sin especificar;centroactivo1@gmail.com;Consumidor final;CENTRO ACTIVO DISEÑO;0;0;Ninguno;Pesos;0;;;;; ;
692;Categoria 1;Habilitado;CARLOS  ESPO;;;19 N° 4711;Berisso;Sin especificar;esposerigraf@gmail.com;Consumidor final;CARLOS  ESPO;0;0;Ninguno;Pesos;0;;;;; ;
693;Categoria 1;Habilitado;Juan Bianchi;;3.49E+16;9 de Julio 931;Campana;Sin especificar;a3gigantograficas@gmail.com;Consumidor final;Juan Bianchi;0;0;Ninguno;Pesos;0;;;;; ;
694;Categoria 1;Habilitado;CREANDO IMAGEN SA;;45816923;DEAN FUNES 5194;Capital Federal;Sin especificar;administracion@kromatek.net;IVA Responsable Inscripto;CREANDO IMAGEN SA;30715399896;0;Ninguno;Pesos;0;;;;; ;
695;Categoria 1;Habilitado;MEMOTEC SA;Javier;+54 9 11 6886-9045;MAZA 313 entre Av Belgrano y Moreno;Capital Federal;Sin especificar;javier@cdmarket.com.ar;IVA Responsable Inscripto;MEMOTEC SA;30608398445;0;Ninguno;Pesos;0;;;;; ;
696;Categoria 1;Habilitado;Alejandro Castro;;;Cerrito 4556;La Tablada;Sin especificar;ramiro-nicolas-castro@outlook.com.ar;Consumidor final;Alejandro Castro;0;0;Ninguno;Pesos;0;;;;; ;
697;Categoria 1;Habilitado;SILVANA TORRES;;;A.G. BELL 1257. CARLOS SPEGAZZINI;EZEIZA;Sin especificar;2014fausti@gmail.com;Consumidor final;SILVANA TORRES;0;0;Ninguno;Pesos;0;;;;; ;
698;Categoria 1;Habilitado;LAURIA MARIA SILVANA;Alejandro Concordia;;LA RIOJA 1660;CONCORDIA;Sin especificar;Ale_paco_10@outlook.com;Responsable Monotributo;LAURIA MARIA SILVANA;27163608699;0;Ninguno;Pesos;0;;;;; ;
699;Categoria 1;Habilitado;CABRERA ARGAÑA IGNACIO;;;NEUQUEN 1032 Piso:3 Dpto:D;Buenos Aires;Sin especificar;ignaciocabrera@gmail.com;Responsable Monotributo;CABRERA ARGAÑA IGNACIO;20328676134;0;Ninguno;Pesos;0;;;;; ;
700;Categoria 1;Habilitado;LA EMILIA SA;;;;Rincón de Milberg;Sin especificar;COMPRAS@MOTOMEL.COM.AR;Consumidor final;LA EMILIA SA;0;0;Ninguno;Pesos;0;;;;; ;
701;Categoria 1;Habilitado;LEANDRO COSSU;;;CALLE 33 N° 1122 DEPTO 3;La plata;Sin especificar;;Consumidor final;LEANDRO COSSU;0;0;Ninguno;Pesos;0;;;;; ;
702;Categoria 1;Habilitado;SECRETARIA DE GOBIERNO DE AGROINDUSTRIA;;;PASEO COLON 982;Capital Federal;Sin especificar;cdangelo@magyp.gob.ar;IVA Sujeto Exento;SECRETARIA DE GOBIERNO DE AGROINDUSTRIA;30711213054;0;Ninguno;Pesos;0;;;;; ;
703;Categoria 1;Habilitado;Lucas Obregon;;+54 9 299 603-0384;La Pampa 256;Neuquen;Sin especificar;luucas.obregon@hotmail.com;Consumidor final;Lucas Obregon;0;35157712;DNI;Pesos;0;;;;; ;
704;Categoria 1;Habilitado;María Paula Meizoso;;;CESPEDES 3572 Piso:1;Capital Federal;Sin especificar;info@cristalfilms.com;IVA Responsable Inscripto;María Paula Meizoso;27295064299;0;Ninguno;Pesos;0;;;;; ;
705;Categoria 1;Habilitado;COOPERATIVA DE TRABAJO AUTENTIKA LIMITADA;;;8 ENTRE 147 Y 148 2133;Berisso;Sin especificar;;IVA Responsable Inscripto;COOPERATIVA DE TRABAJO AUTENTIKA LIMITADA;30714237760;0;Ninguno;Pesos;0;;;;; ;
706;Categoria 1;Habilitado;Jose Maria Ojeda;;;Dr. Landa N°772;Magdalena;Sin especificar;Jose_nop@hotmail.com;Consumidor final;Jose Maria Ojeda;0;26755887;DNI;Pesos;0;;;;; ;
707;Categoria 1;Habilitado;KINGDOM GRAPHICS S.A.;Daniel Kingdom;+54 9 11 3360-2083;LAMARCA EMILIO 1754;Capital Federal;Sin especificar;sebastian@kingdomgraphics.com.ar;IVA Responsable Inscripto;KINGDOM GRAPHICS S.A.;30711145687;0;Ninguno;Pesos;0;;;;; ;
708;Categoria 1;Habilitado;Gustavo Fileccia;Zairpublicidad;;Pilcomayo 635;Ciudad Evita, La Matanza;Sin especificar;zairpublicidad@gmail.com;Consumidor final;Gustavo Fileccia;0;0;Ninguno;Pesos;0;;;;; ;
709;Categoria 1;Habilitado;Andres Nuggets Impresion;;;;Rincón de Milberg;Sin especificar;;Consumidor final;Andres Nuggets Impresion;0;0;Ninguno;Pesos;0;;;;; ;
710;Categoria 1;Habilitado;MEDRANO CRISTALES SRL;Dimas;+54 9 11 6649-2740;AV MEDRANO 669;Capital Federal;Sin especificar;administracion@medranocristales.com.ar;IVA Responsable Inscripto;MEDRANO CRISTALES SRL;30716112906;0;Ninguno;Pesos;0;;;;; ;
711;Categoria 1;Habilitado;IMPULSO;;;;La plata;Sin especificar;;Consumidor final;IMPULSO;0;0;Ninguno;Pesos;0;;;;; ;
712;Categoria 1;Habilitado;Lucas Ezequiel Vachetti;;2324587068;Mercedes 106 n 33;Capital Federal;Sin especificar;Lucas_vache@hotmail.com;Consumidor final;Lucas Ezequiel Vachetti;0;0;Ninguno;Pesos;0;;;;; ;
713;Categoria 1;Habilitado;NICOLAS LAMUEDRA;;;AV LURO 1140;Santa Rosa;Sin especificar;;Consumidor final;NICOLAS LAMUEDRA;0;0;Ninguno;Pesos;0;;;;; ;
714;Categoria 1;Habilitado;Octavio Toranzos;;;63 1785 entre 30 y av 31;Ciudad Autónoma De Buenos Aires;CABA;stinformes@gmail.com;IVA Responsable Inscripto;TORANZOS, OCTAVIO ENRIQUE LEONEL;24273111634;0;Ninguno;Pesos;0;;;;; ;
715;Categoria 1;Habilitado;KARTSUR S.R.L.;;;CONSTITUCION 749;Ramos Mejia;Sin especificar;rmgraphs@gmail.com;IVA Responsable Inscripto;KARTSUR S.R.L.;30715617958;0;Ninguno;Pesos;0;;;;; ;
716;Categoria 1;Habilitado;MILANESA OUTDOORS SRL;;;PRESIDENTE PERON 8685;Ituzaingo;Sin especificar;maxi@lejano-oeste.com.ar;IVA Responsable Inscripto;MILANESA OUTDOORS SRL;30715849808;0;Ninguno;Pesos;0;;;;; ;
717;Categoria 1;Habilitado;Dante Machado;;;J.G. ARTIGAS 129;CONCORDIA;Sin especificar;Dantemsl94@gmail.com;Consumidor final;Dante Machado;0;0;Ninguno;Pesos;0;;;;; ;
718;Categoria 1;Habilitado;COOPERATIVA DE PROVISION DE SERVICIOS PARA TECNICOS EN SEGUR;;;MOLDES 4451 PISO PB;Capital Federal;Sin especificar;emilcefernandez@sab5.com.ar;IVA Responsable Inscripto;COOPERATIVA DE PROVISION DE SERVICIOS PARA TECNICOS EN SEGURIDAD PRIVADA SAB 5 LIMITADA;30710839979;0;Ninguno;Pesos;0;;;;; ;
719;Categoria 1;Habilitado;Pablo Perez;pablo Perez;+54 9 3585 18-7974;Pedro Goyena 1415;RIO CUARTO;Sin especificar;;Consumidor final;Pablo Perez;0;35915051;DNI;Pesos;0;;;;; ;
720;Categoria 1;Habilitado;BORLA SRL;Felipe (Borla);+54 9 11 6873-4272;TUCUMAN 3391 TIMBRE 2;Capital Federal;Sin especificar;felipe@borlaobjetos.com.ar;IVA Responsable Inscripto;BORLA SRL;30714948225;0;Ninguno;Pesos;0;;;;; ;
721;Categoria 1;Habilitado;PEREZ LEONARDO DAMIAN;;;J B JUSTO 4433 PB ;Capital Federal;Sin especificar;Info@planpez.com.ar;IVA Responsable Inscripto;PEREZ LEONARDO DAMIAN;20275348652;0;Ninguno;Pesos;0;;;;; ;
722;Categoria 1;Habilitado;Gustavo Gonzalez;;2227473679;Houssay;LOBOS;Sin especificar;graficagege@gmail.com;Consumidor final;Gustavo Gonzalez;0;0;Ninguno;Pesos;0;;;;; ;
723;Categoria 1;Habilitado;MARCELA LATORRE;;;RIGLOS 320;Capital Federal;Sin especificar;mecordo@gmail.com;IVA Responsable Inscripto;MARCELA LATORRE;27140268556;0;Ninguno;Pesos;0;;;;; ;
724;Categoria 1;Habilitado;Maxx Herr Fixermix;;;;Capital Federal;Sin especificar;consultas@fixermix.com;Consumidor final;Maxx Herr Fixermix;20277100585;0;Ninguno;Pesos;0;;;;; ;
725;Categoria 1;Deshabilitado;Cello Gastón Gráfica Soul;;; calle 62 nro 2153 esquina 138;La plata;Sin especificar;grafica.soul@gmail.com;Consumidor final;Cello Gastón Gráfica Soul;0;0;Ninguno;Pesos;0;;;;; ;
726;Categoria 1;Habilitado;Carlos Perez;;;;Capital Federal;Sin especificar;;Consumidor final;Carlos Perez;0;0;Ninguno;Pesos;0;;;;; ;
727;Categoria 1;Habilitado;Sebastian Sueldo;;;;Capital Federal;Sin especificar;;Consumidor final;Sebastian Sueldo;0;0;Ninguno;Pesos;0;;;;; ;
728;Categoria 1;Habilitado;KODIAK TEX S.A.S.;Mariano de Kodiak Tex;+54 9 11 6543-8515;thames 1031;Capital Federal;Sin especificar;mhrandes@hotmail.com;IVA Responsable Inscripto;KODIAK TEX S.A.S.;30716086298;0;Ninguno;Pesos;0;;;;; ;
729;Categoria 1;Habilitado;Uraná Sociedad Anonima;;;Gutierrez Juan Maria 2760 Piso:4 Depto:13;Capital Federal;Sin especificar;info@grafica08.com.ar;IVA Responsable Inscripto;Uraná Sociedad Anonima;30711271046;0;Ninguno;Pesos;0;;;;; ;
730;Categoria 1;Habilitado;GRAPHISCHER S.R.L;Soledad;+54 9 11 3129-7211;PELUFFO ANGEL PJE. 3999 Piso:PB Dpto:3;Capital Federal;Sin especificar;graphischer@gmail.com;IVA Responsable Inscripto;GRAPHISCHER S.R.L;30716103729;0;Ninguno;Pesos;0;;;;; ;
731;Categoria 1;Habilitado;Maximiliano Shortrede;mas diseño;;calle 50 N°1034 entre 15 y 16;La plata;Sin especificar;info@masdisegno.com.ar;Responsable Monotributo;Maximiliano Shortrede;20221387695;0;Ninguno;Pesos;0;;;;; ;
732;Categoria 1;Habilitado;AGROFINA;;;Camino Santa Ana S/N;Zarate;Sin especificar;ealbornoz@agrofina.com.ar;Consumidor final;AGROFINA;0;0;Ninguno;Pesos;0;;;;; ;
733;Categoria 1;Habilitado;Hector Sanchez;;;Enrique Ochoa 110 ;Capital Federal;Sin especificar;vavinilo@gmail.com;Consumidor final;Hector Sanchez;0;0;Ninguno;Pesos;0;;;;; ;
734;Categoria 1;Habilitado;MARTINEZ ROBERTO FABIAN;;;Romulo Parra 235;Capital Federal;Sin especificar;top-rotulos@hotmail.com;Responsable Monotributo;MARTINEZ ROBERTO FABIAN;20223831452;0;Ninguno;Pesos;0;;;;; ;
735;Categoria 1;Habilitado;PADRETINTA S.A.;;;Cuenca 53 ;Villa Lynch;Sin especificar;ruizpalacios@padretinta.com;IVA Responsable Inscripto;PADRETINTA S.A.;33714644039;0;Ninguno;Pesos;0;;;;; ;
736;Categoria 1;Habilitado;ALMAZAN CESAR GERARDO;;;ALEM 163;Pico Truncado;Sin especificar;Cesageo@yahoo.com.ar;IVA Responsable Inscripto;ALMAZAN CESAR GERARDO;20300326901;0;Ninguno;Pesos;0;;;;; ;
737;Categoria 1;Habilitado;MASSARIOLI ADRIAN MARCELO;;;LA BLANQUEADA 5121 Piso:P.B;Capital Federal;Sin especificar;info@octoplot.com.ar;IVA Responsable Inscripto;MASSARIOLI ADRIAN MARCELO;20247967959;0;Ninguno;Pesos;0;;;;; ;
738;Categoria 1;Habilitado;Florencia Esposito;;;Ortiguera 1483;Capital Federal;Sin especificar;floor.es@hotmail.com;Consumidor final;Florencia Esposito;0;0;Ninguno;Pesos;0;;;;; ;
739;Categoria 1;Habilitado;MAX;;;;Rincón de Milberg;Sin especificar;;Consumidor final;MAX;0;0;Ninguno;Pesos;0;;;;; ;
740;Categoria 1;Habilitado;RODRIGUEZ PABLO ALFREDO;+54 9 2345 65-2557;;AV MITRE 1497 - provincia de buenos aires;9 de julio;Sin especificar;grafica355@gmail.com;IVA Responsable Inscripto;RODRIGUEZ PABLO ALFREDO;23226303669;0;Ninguno;Pesos;0;;;;;6500;
741;Categoria 1;Deshabilitado;CONTIGLI LUCIANO;;;CAMPICHUELO 279;Capital Federal;Sin especificar;luciano@contigli.com;IVA Responsable Inscripto;CONTIGLI LUCIANO;20263638361;0;Ninguno;Pesos;0;;;;; ;
742;Categoria 1;Habilitado;JUNIOR GRAFICA;Giuliana;+54 9 11 6229-0739;SALVADOR MELO 275;Escobar;Sin especificar;juniorgrafica@gmail.com;IVA Responsable Inscripto;JUNIOR GRAFICA;30716267454;0;Ninguno;Pesos;0;;;;; ;
743;Categoria 1;Habilitado;COOPERATIVA DE TRABAJO PROYECTO COOPAR LIMITADA;;;BELGRANO AV. 1915 Piso:2 Dpto:E ;Capital Federal;Sin especificar;ADMINISTRACION@PROYECTOCOOPAR.ORG.AR;IVA Responsable Inscripto;COOPERATIVA DE TRABAJO PROYECTO COOPAR LIMITADA;30711516278;0;Ninguno;Pesos;0;;;;; ;
744;Categoria 1;Habilitado;BONILLA VALERIA MARIA DOLORES;;0381-4381340;LAVALLE 2630;SAN MIGUEL DE TUCUMAN;Sin especificar;ADMINISTRACION@PUBLISITE-SIC.COM.AR;IVA Responsable Inscripto;BONILLA VALERIA MARIA DOLORES;27258446947;0;Ninguno;Pesos;0;;;;; ;
745;Categoria 1;Habilitado;MASCOPIES SRL;;;AV SANTA FE 2653 LOC 3 SUBSUELO;Capital Federal;Sin especificar;ADMINISTRACION@MASCOPIES.COM.AR;IVA Responsable Inscripto;MASCOPIES SRL;33714531099;0;Ninguno;Pesos;0;;;;; ;
746;Categoria 1;Habilitado;MODULTEC SRL ;;;PJE CUATRO ESQUINAS;CARMEN DEL SAUCE;Sin especificar;modultec.arg@gmail.com;IVA Responsable Inscripto;MODULTEC SRL ;30714497975;0;Ninguno;Pesos;0;;;;; ;
747;Categoria 1;Habilitado;ROSSI HERNAN MARCELO;Hernan Rossi (CABA);+54 9 11 5499-0028;SALTA 333;Capital Federal;Sin especificar;;IVA Responsable Inscripto;ROSSI HERNAN MARCELO;20243343756;0;Ninguno;Pesos;0;;;;; ;
748;Categoria 1;Habilitado;ALFONSO;;;TUCUMAN 1757;Capital Federal;Sin especificar;;Consumidor final;ALFONSO;0;0;Ninguno;Pesos;0;;;;; ;
749;Categoria 1;Habilitado;BLENDING ARL;;;GUALEGUAYCHU GOLF CLUB 2247;DEL VISO;Sin especificar;;IVA Responsable Inscripto;BLENDING ARL;30715220608;0;Ninguno;Pesos;0;;;;; ;
750;Categoria 1;Habilitado;AGOSTINA SACCO;;;LOYOLA 1481;Capital Federal;Sin especificar;;Consumidor final;AGOSTINA SACCO;0;0;Ninguno;Pesos;0;;;;; ;
751;Categoria 1;Habilitado;MANUEL SAN MARTIN VAZQUEZ;;;;Mercedes;Sin especificar;;Consumidor final;MANUEL SAN MARTIN VAZQUEZ;0;38361917;DNI;Pesos;0;;;;; ;
752;Categoria 1;Habilitado;Dora Recalde;;;9 de julio 345;Rio Colorado;Sin especificar;javitoa_10@hotmail.com;Consumidor final;Dora Recalde;0;0;Ninguno;Pesos;0;;;;; ;
753;Categoria 1;Habilitado;Walter Berazategui;;;Berazategui calle 111 n1041 Entre 10y11;Berazategui;Sin especificar;;Consumidor final;Walter Berazategui;0;0;Ninguno;Pesos;0;;;;; ;
754;Categoria 1;Habilitado;DARIO HUENTEN ;;;CEPEDA 698;RIO GALLEGOS;Sin especificar;;Consumidor final;DARIO HUENTEN ;0;28748574;DNI;Pesos;0;;;;; ;
755;Categoria 1;Habilitado;DARIO LAGORIA;;;ENRIQUE SANTAMARINA 936 (entre Ortega y Redondo);MONTE GRANDE;Sin especificar;Tranfer653@hitmail.com;Consumidor final;DARIO LAGORIA;0;0;Ninguno;Pesos;0;;;;; ;
756;Categoria 1;Habilitado;AGRO-DISTRIBUIDORA METAURO SRL;;;Pinto 51;TANDIL;Sin especificar;Info@agrometauro.com.ar;IVA Responsable Inscripto;AGRO-DISTRIBUIDORA METAURO SRL;30708593334;0;Ninguno;Pesos;0;;;;; ;
757;Categoria 1;Habilitado;SEBASTIAN VANINI;Sebastian Vanini;+54 9 2215 02-0423;calle 61 Nro. 393 depto 4 C entre 2 y 3;La plata;Sin especificar;;Consumidor final;SEBASTIAN VANINI;0;0;Ninguno;Pesos;0;;;;; ;
758;Categoria 1;Habilitado;PANOS SA;;;GALVEZ 5444;ROSARIO;Santa Fe;info@panos.com.ar;IVA Responsable Inscripto;PANOS SA;30707183817;0;Ninguno;Pesos;0;;;;; ;
759;Categoria 1;Habilitado;ROSITO NICOLAS;;;LAMADRID 1490;Villa Ballester;Sin especificar;rositoescenografia@gmail.com;IVA Responsable Inscripto;ROSITO NICOLAS;20222771715;0;Ninguno;Pesos;0;;;;; ;
760;Categoria 1;Habilitado;Elian Ortiz Manías;EDsign;;Carlos Pellegrini 1006;VILLA MARÍA;Sin especificar;elianortiz97@gmail.com;IVA Responsable Inscripto;Elian Ortiz Manías;20396124573;0;Ninguno;Pesos;0;;;;; ;
761;Categoria 1;Habilitado;CASTRO DIEGO JULIAN;;;YERBAL 2546 Piso:7 Dpto:A;Capital Federal;Sin especificar;diego_2611@hotmail.com;IVA Responsable Inscripto;CASTRO DIEGO JULIAN;23231256059;0;Ninguno;Pesos;0;;;;; ;
762;Categoria 1;Habilitado;Lucas Modarelli;;;Felipe Boero 115 ;Lomas de Zamora;Sin especificar;Lucasmoda@hotmail.com;Consumidor final;Lucas Modarelli;0;0;Ninguno;Pesos;0;;;;; ;
763;Categoria 1;Habilitado;JUAN PABLO LANCIANI;Gráfica Coral;;Av ricardo balbin 5488;SAN MARTIN;Sin especificar;Deptograficocoral@gmail.com;IVA Responsable Inscripto;JUAN PABLO LANCIANI;20280802477;0;Ninguno;Pesos;0;;;;; ;
764;Categoria 1;Habilitado;NAHUEL QUIROGA;;;HERNANDARIAS 3327;Lanus Oeste;Sin especificar;nahuel_rayo@hotmail.com;Consumidor final;NAHUEL QUIROGA;0;0;Ninguno;Pesos;0;;;;; ;
765;Categoria 1;Habilitado;JUANJO CASTIÑEIRAS;Juanjo;+54 9 11 3478-1087;Goleta rio de la plata 1530;Quilmes;Sin especificar;;Consumidor final;JUANJO CASTIÑEIRAS;0;0;Ninguno;Pesos;0;;;;; ;
766;Categoria 1;Habilitado;Manuel Alujes;Manuel adujes;+54 9 3492 61-7820;Maipu 288;RAFAELA;Sin especificar;manuelalujes@gmail.com;Consumidor final;Manuel Alujes;0;0;Ninguno;Pesos;0;;;;; ;
767;Categoria 1;Habilitado;NESTOR MENA;;3731422156;LINIERS 1040;Charata;Sin especificar;nestor.mena@hotmail.com;Consumidor final;NESTOR MENA;0;0;Ninguno;Pesos;0;;;;; ;
768;Categoria 1;Habilitado;GARCIA LOZA MARIA EVANGELINA;;;JUAN E. MARTINEZ 539;GOYA;Sin especificar;evange.gloza@gmail.com;Responsable Monotributo;GARCIA LOZA MARIA EVANGELINA;27342248417;0;Ninguno;Pesos;0;;;;; ;
769;Categoria 1;Habilitado;Leo Pescio;;;;Rincón de Milberg;Sin especificar;leopescio@gmail.com;Consumidor final;Leo Pescio;0;0;Ninguno;Pesos;0;;;;; ;
770;Categoria 1;Habilitado;Felipe Ibarra;Felipe;+54 9 2216 19-1138;;CHASCOMUS;Buenos Aires;;Consumidor final;Felipe Ibarra;0;0;Ninguno;Pesos;0;;;;; ;
771;Categoria 1;Habilitado;Btf media SA;;;Carranza 2235;Capital Federal;Sin especificar;s.owenvarela@gmail.com;IVA Responsable Inscripto;Btf media SA;30715829912;0;Ninguno;Pesos;0;;;;; ;
772;Categoria 1;Habilitado;TUKO SRL;;;CORRIENTES AV. 6271;Capital Federal;Sin especificar;;IVA Responsable Inscripto;TUKO SRL;30716075776;0;Ninguno;Pesos;0;;;;; ;
773;Categoria 1;Habilitado;JORGE REPETTO ;;;;ACEVAL;Sin especificar;;Consumidor final;JORGE REPETTO ;0;0;Ninguno;Pesos;0;;;;; ;
774;Categoria 1;Habilitado;COPYSALTA S.R.L.;;;MITRE 424;SALTA;Sin especificar;jllaje@copyshowsalta.com.ar;IVA Responsable Inscripto;COPYSALTA S.R.L.;30708180285;0;Ninguno;Pesos;0;;;;; ;
775;Categoria 1;Habilitado;SARN FERNANDO JULIAN;;;ESTEBAN GOMEZ 1635;GRAND BOURG;Sin especificar;;IVA Responsable Inscripto;SARN FERNANDO JULIAN;20225457973;0;Ninguno;Pesos;0;;;;; ;
776;Categoria 1;Habilitado;BUGLIOLO ERIKA;GRAFICA TOTAL;;MORENO 408;SAN FRANCISCO;Sin especificar;graficatotalsf@gmail.com;IVA Responsable Inscripto;BUGLIOLO ERIKA;27307051198;0;Ninguno;Pesos;0;;;;; ;
777;Categoria 1;Habilitado;GENERO PRODUCCIONES SRL;;;MANSILLA 2814 1°6;Capital Federal;Sin especificar;pecoccari@generoproducciones.com.ar;IVA Responsable Inscripto;GENERO PRODUCCIONES SRL;30712257942;0;Ninguno;Pesos;0;;;;; ;
778;Categoria 1;Habilitado;Luis Alberto Calcagno;;0220 4840548;Aguilar 1268;Merlo;Sin especificar;;Consumidor final;Luis Alberto Calcagno;0;24053342;DNI;Pesos;0;;;;; ;
779;Categoria 1;Habilitado;BECCARI ERWIN FEDERICO;;;GALVAN 3448 Dpto:4;Capital Federal;Sin especificar;info@testabrava.com;IVA Responsable Inscripto;BECCARI ERWIN FEDERICO;23290399319;0;Ninguno;Pesos;0;;;;; ;
780;Categoria 1;Habilitado;Nelson Borke;;;Belgrano 185 ;Coronel Du Graty;Sin especificar;idearestudiografico@gmail.com;Consumidor final;Nelson Borke;0;0;Ninguno;Pesos;0;;;;; ;
781;Categoria 1;Habilitado;Macias Lionel;;;Calle 201 bis #58 e/42 y 43;La plata;Sin especificar;plotartgraficaadhesiva@gmail.com;Responsable Monotributo;Macias Lionel;20240422337;0;Ninguno;Pesos;0;;;;; ;
782;Categoria 1;Deshabilitado;VITOPEL ARGENTINA SA;JUAN ZARATE;;RUTA NAC N°9 KM 783;VILLA DEL TOTORAL;Sin especificar;jzarate@vitopelargentina.com;IVA Responsable Inscripto;VITOPEL ARGENTINA SA;30572147084;0;Ninguno;Pesos;0;;;;; ;
783;Categoria 1;Habilitado;Daniel Habib;;;República del Líbano 4395 villa Lynch;Capital Federal;Sin especificar;;Consumidor final;Daniel Habib;0;0;Ninguno;Pesos;0;;;;; ;
785;Categoria 1;Habilitado;HAPPY KIDS SA;Ignacio Miranda Temperley;+54 9 11 3575-6852;TACUARI 342 Piso:PB;Capital Federal;Sin especificar;info@lomasvinilos.com.ar;IVA Responsable Inscripto;HAPPY KIDS SA;30649405375;0;Ninguno;Pesos;0;;;;; ;
786;Categoria 1;Habilitado; Martin Besada;;;Gavilan 2548 (Entre Lascano y Carranza);Capital Federal;Sin especificar;;Consumidor final; Martin Besada;0;0;Ninguno;Pesos;0;;;;; ;
787;Categoria 1;Habilitado;Cutbusters ;;;Corrientes 4770;Capital Federal;Sin especificar;cutbusters@gmail.com;IVA Responsable Inscripto;Cutbusters ;20955532911;0;Ninguno;Pesos;0;;;;; ;
788;Categoria 1;Habilitado;Victor Casella;;;Armando Vidal 1660;Neuquen;Sin especificar;victor.e.casella@gmail.com;Consumidor final;Victor Casella;0;0;Ninguno;Pesos;0;;;;; ;
789;Categoria 1;Habilitado;Ariel Quilmes;;;calle 469 bis n 5157 ezpeleta (Entre Nicaragua y republica de cuba);Quilmes;Sin especificar;;Consumidor final;Ariel Quilmes;0;0;Ninguno;Pesos;0;;;;; ;
790;Categoria 1;Habilitado;Daniel Buratti;;;Emilio Lamarca 1754;Capital Federal;Sin especificar;florencia.kutasz@gmail.com;Consumidor final;Daniel Buratti;0;0;Ninguno;Pesos;0;;;;; ;
791;Categoria 1;Habilitado;NUEVO ESTUDIO S.A.;;;PADILLA 346 Piso:PB Dpto:A;Capital Federal;Sin especificar;camila@dumboestudio.com;IVA Responsable Inscripto;NUEVO ESTUDIO S.A.;30715571281;0;Ninguno;Pesos;0;;;;; ;
792;Categoria 1;Habilitado;Juan Andres Cordoba;Juan andres;+54 9 3815 88-7259;Calle Corrientes 2da cuadra /barrio:Nueva Baviera/ PROV. TUCUMAN(localidad - Famailla);FAMAILLA;Sin especificar;andres08-09@hotmail.com;Consumidor final;Juan Andres Cordoba;0;38060502;DNI;Pesos;0;;<p>x TRANSPORTE GOMEZ</p>;;;4132;
793;Categoria 1;Habilitado;EDUARDO VERONESE;Eduardo Veronese;+54 9 3534 13-2156;junin 2258;VILLA MARÍA;Sin especificar;evcarteles@hotmail.com;Consumidor final;EDUARDO VERONESE;0;0;Ninguno;Pesos;0;;;;; ;
794;Categoria 1;Habilitado;CRISTINA BURGOS;;;SARRACHAGA 6620;ISIDRO CASANOVA;Sin especificar;IMAGINA@HOTMAIL.COM.AR;Responsable Monotributo;CRISTINA BURGOS;27299010096;0;Ninguno;Pesos;0;;;;; ;
795;Categoria 1;Habilitado;NORBERTO CARNERO;;;PROFESOR DOMINGUEZ 332;Salto;Sin especificar;romi_rq@hotmail.com;Consumidor final;NORBERTO CARNERO;0;0;Ninguno;Pesos;0;;;;; ;
796;Categoria 1;Habilitado;FUNDACION HOSPITAL DE PEDIATRIA \\\\\\\\ PROF. JUAN P. GARRA;;;COMBATE DE LOS POZOS 1881 Piso:2;Capital Federal;Sin especificar;;IVA Sujeto Exento;FUNDACION HOSPITAL DE PEDIATRIA \\\\\\\\ PROF. JUAN P. GARRAHAN;30626219043;0;Ninguno;Pesos;0;;;;; ;
797;Categoria 1;Habilitado;Raul Roberto Pensel;;;Monseñor Larumbe 551;Capital Federal;Sin especificar;ag.asociados02@gmail.com;IVA Responsable Inscripto;Raul Roberto Pensel;23043991329;0;Ninguno;Pesos;0;;;;; ;
798;Categoria 1;Habilitado;LOPEZ RUBEN ALBERTO;;;RIVADAVIA 856;RECONQUISTA;Sin especificar;fotolopezrivadavia@yahoo.com.ar;IVA Responsable Inscripto;LOPEZ RUBEN ALBERTO;20063043231;0;Ninguno;Pesos;0;;;;; ;
799;Categoria 1;Habilitado;PATAGONIA EXTREMA SA;;;AV DEL LIBERTADOR 1215 PISO 1 DPTO B;CALAFATE;Sin especificar;;IVA Responsable Inscripto;PATAGONIA EXTREMA SA;30709085219;0;Ninguno;Pesos;0;;;;; ;
800;Categoria 1;Habilitado;CAVENAGHI HERNAN MAURICIO;;;GOBERNADOR RAMON FEBRE 1143;Paraná;Sin especificar;cavelux@arnetbiz.com.ar;IVA Responsable Inscripto;CAVENAGHI HERNAN MAURICIO;20221184824;0;Ninguno;Pesos;0;;;;; ;
801;Categoria 1;Habilitado;HIGA MARTA GRACIELA;;;MORENO JOSE MARIA AV 825 Piso:08 Dpto:B;Capital Federal;Sin especificar;grafsurvisual@gmail.com;IVA Responsable Inscripto;HIGA MARTA GRACIELA;27144332380;0;Ninguno;Pesos;0;;;;; ;
802;Categoria 1;Habilitado;INTEGRA EVENTOS SRL;;;LASCANO 2564;Capital Federal;Sin especificar;marcela.integrados@gmail.com;IVA Responsable Inscripto;INTEGRA EVENTOS SRL;30709966835;0;Ninguno;Pesos;0;;;;; ;
803;Categoria 1;Habilitado;Gabriela Vanesa Vázquez;JANTO;;Estanislao zeballos 4821;Capital Federal;Sin especificar;info@jantotienda.com.ar;Consumidor final;Gabriela Vanesa Vázquez;0;0;Ninguno;Pesos;0;;;;; ;
804;Categoria 1;Habilitado;Aguero Carlos Eduardo;Facundo Ezequiel Aguero;2964443879;Pasaje Campannela 884 (Chacra 2);Rio Grande;Sin especificar;charlya55@hotmail.com;Consumidor final;Aguero Carlos Eduardo;20171688958;17168895;DNI;Pesos;0;;;;; ;
805;Categoria 1;Habilitado;CARLOS BENI;;;;VENADO TUERTO;Sin especificar;;Consumidor final;CARLOS BENI;0;0;Ninguno;Pesos;0;;;;; ;
806;Categoria 1;Habilitado;ALMAPRINT SRL;;;AZOPARDO 199 ;Remedios de Escalada;Sin especificar;info@grupotauro.com.ar;IVA Responsable Inscripto;ALMAPRINT SRL;30715719173;0;Ninguno;Pesos;0;;;;; ;
807;Categoria 1;Habilitado;SAMMARTINO MATIAS OSCAR;;;AZOPARDO 199;Remedios de Escalada;Sin especificar;INFO@GRUPOTAURO.COM.AR;IVA Responsable Inscripto;SAMMARTINO MATIAS OSCAR;20337874097;0;Ninguno;Pesos;0;;;;; ;
808;Categoria 1;Habilitado;MARIA EUGENIA BARROZO;;;AV. ASAMBLEA 1543;Capital Federal;Sin especificar;;Consumidor final;MARIA EUGENIA BARROZO;0;0;Ninguno;Pesos;0;;;;; ;
809;Categoria 1;Habilitado;FRANCO MARIANO LEONEL;;;LAVALLE 3848;Capital Federal;Sin especificar;Mariano@suref.com.ar;IVA Responsable Inscripto;FRANCO MARIANO LEONEL;20351220369;0;Ninguno;Pesos;0;;;;; ;
810;Categoria 1;Habilitado;Matias Gabriel Collazo;Moonky Creations;;Hilario Ascasubi 1067;Luis Guillon Esteban de Echeverría;Sin especificar;moonkycreations@gmail.com;Consumidor final;Matias Gabriel Collazo;0;0;Ninguno;Pesos;0;;;;; ;
811;Categoria 1;Habilitado;SANTINI FRANCISCO ANDRES;AS VISUAL (ANDRES);;pringles 3618;Lomas de mirador;Sin especificar;andres@asvisual.com.ar;IVA Responsable Inscripto;SANTINI FRANCISCO ANDRES;23287358539;0;Ninguno;Pesos;0;;;;; ;
812;Categoria 1;Habilitado;TRESA S.R.L.;Alfredo de Neuquen;;ARBOL DE CATEDRALES 2947 - ENTRE LAS CALLES : RAQUI-PIFARRE;Neuquen;Sin especificar;abas@novagroup.com.ar;IVA Responsable Inscripto;TRESA S.R.L.;30714832154;0;Ninguno;Pesos;0;;;;; ;
813;Categoria 1;Habilitado;JUAN MANUEL BUSTAMANTE;;;;Capital Federal;Sin especificar;;Consumidor final;JUAN MANUEL BUSTAMANTE;0;28541308;DNI;Pesos;0;;;;; ;
814;Categoria 1;Habilitado;CHICO ALEJANDRO;;;3 DE FEBRERO 4599;Capital Federal;Sin especificar;alejandro@forum.com.ar;IVA Responsable Inscripto;CHICO ALEJANDRO;20148841722;0;Ninguno;Pesos;0;;;;; ;
815;Categoria 1;Habilitado;ROSKYN ADRIAN GUSTAVO;;;SAN MARTIN AV. 1926;Capital Federal;Sin especificar;consultas@impresionate.com.ar;IVA Responsable Inscripto;ROSKYN ADRIAN GUSTAVO;20313037062;0;Ninguno;Pesos;0;;;;; ;
816;Categoria 1;Habilitado;IGNACIO MIRANDA;mariela maiulini;;DORREGO 20;TEMPERLEY;Buenos Aires;;Responsable Monotributo;MIRANDA, JUAN IGNACIO;24328527169;0;Ninguno;Pesos;0;;;;; ;
817;Categoria 1;Habilitado;CARDOSO DANIEL MAURICIO;Daniel Cardoso;+54 9 3876 31-5508;;SALTA;Sin especificar;;Consumidor final;CARDOSO DANIEL MAURICIO;0;29335779;DNI;Pesos;0;;<p>mandar por TRANSPORTE EL CERRILLANO&nbsp <br></p><p>DIRECCION: AV VARELA 3652 CABA</p>;;; ;
818;Categoria 1;Habilitado;MIGUEL ANGEL DI PASQUALE;leo araldi;;POSADAS 3042;SALADILLO;Sin especificar;info@grafica08.com.ar;IVA Responsable Inscripto;MIGUEL ANGEL DI PASQUALE;20183788079;0;Ninguno;Pesos;0;;;;; ;
819;Categoria 1;Habilitado;Rodolfo Rivero;Rodolfo Rivero;+54 9 11 3917-3374;Av. Belgrano 2561 8A;Capital Federal;Sin especificar;graficamatienso@gmail.com;Consumidor final;Rodolfo Rivero;0;0;Ninguno;Pesos;0;;;;; ;
820;Categoria 1;Habilitado;UNIBIND ARGENTINA S.A;sake print;;SCALABRINI ORTIZ AV. 974;Capital Federal;Sin especificar;;IVA Responsable Inscripto;UNIBIND ARGENTINA S.A;33714424829;0;Ninguno;Pesos;0;;;;; ;
821;Categoria 1;Habilitado;Macrini Comunicacion S.A.;Juan Manuel;+54 9 11 5228-1819;Tres Arroyos 2442 Piso:PB;Capital Federal;Sin especificar;Juan@macrinicomunicacion.com;IVA Responsable Inscripto;Macrini Comunicacion S.A.;30712212523;0;Ninguno;Pesos;0;;;;; ;
822;Categoria 1;Habilitado;Maribel Segovia;;;20 de Junio 1020;VILLA ELOISA;Santa Fe;bagheeradesign@hotmail.com;Consumidor final;;0;38600074;DNI;Pesos;0;;;;;2503;
823;Categoria 1;Habilitado;Leonardo Puric;;;Acceso centenario sin numero ;Santa Fe;Sin especificar;leosapo47@gmail.com;Consumidor final;Leonardo Puric;0;0;Ninguno;Pesos;0;;;;; ;
824;Categoria 1;Habilitado;VANESA SALAZAR;;;AV SANTA FE 4938 2C;Capital Federal;Sin especificar;;Consumidor final;VANESA SALAZAR;0;0;Ninguno;Pesos;0;;;;; ;
825;Categoria 1;Habilitado;GOMEZ RODRIGO ARIEL;;;SIMBRON 4991;Capital Federal;Sin especificar;ventas@glasscolor.com.ar;IVA Responsable Inscripto;GOMEZ RODRIGO ARIEL;20227066661;0;Ninguno;Pesos;0;;;;; ;
826;Categoria 1;Habilitado;COLUCCI JUAN PABLO;;;Pedernera 205;Mendoza;Sin especificar;mauricioolivera33@gmail.com;IVA Responsable Inscripto;COLUCCI JUAN PABLO;20277664268;0;Ninguno;Pesos;0;;;;; ;
827;Categoria 1;Habilitado;Alex Saori Grafica;Alex;+54 9 11 5718-4491; miranda 4609 piso 11 depto B- bernaldez y marcos paz-Floresta;Capital Federal;Sin especificar;;Consumidor final;Alex Saori Grafica;0;0;Ninguno;Pesos;0;;;;; ;
828;Categoria 1;Habilitado;PENNELLA MARCELO GABRIEL;;;IBERA 3292;Capital Federal;Sin especificar;lautaropennella@gmail.com;IVA Responsable Inscripto;PENNELLA MARCELO GABRIEL;20165834276;0;Ninguno;Pesos;0;;;;; ;
829;Categoria 1;Habilitado;PABLO BRUNO ;TECNICO DISGRAF;;;ROSARIO;Santa Fe;;Consumidor final;PABLO BRUNO ;0;25648964;DNI;Pesos;0;;;;; ;
830;Categoria 1;Habilitado;MIGUEL SCHNEIDER;;;LAPRIDA 1770 7B;Capital Federal;Sin especificar;;Consumidor final;MIGUEL SCHNEIDER;0;0;Ninguno;Pesos;0;;;;; ;
831;Categoria 1;Habilitado;SCHNITT SRL;;4753-4511;POSTA 4654;Capital Federal;Sin especificar;schnitt@schnitt.com.ar;IVA Responsable Inscripto;SCHNITT SRL;30715760645;0;Ninguno;Pesos;0;;;;; ;
832;Categoria 1;Habilitado;GUZVISUAL SRL;;;AVELLANEDA 315 - BARRIO : CENTRO;SANTIAGO DEL ESTERO;Sin especificar;guzmanjoaquin@gmail.com;IVA Responsable Inscripto;GUZVISUAL SRL;33712398049;0;Ninguno;Pesos;0;;;;; ;
833;Categoria 1;Habilitado;MASSEY GRAFICA;;;;Capital Federal;Sin especificar;diego@masseygrafica.com;Consumidor final;MASSEY GRAFICA;0;0;Ninguno;Pesos;0;;;;; ;
834;Categoria 1;Habilitado;ADMINISTRACION DE PARQUES NACIONALES ;;;CARLOS PELLEGRINI 657;Capital Federal;Sin especificar;;IVA Sujeto Exento;ADMINISTRACION DE PARQUES NACIONALES ;30571910833;0;Ninguno;Pesos;0;;;;; ;
835;Categoria 1;Habilitado;Neil Miguel Angel;;2966 409467;Barrio Docente Casa 102;RIO GALLEGOS;Sin especificar;claudiacelina65@hotmail.com;Consumidor final;Neil Miguel Angel;0;12174658;DNI;Pesos;0;;;;; ;
836;Categoria 1;Habilitado;DIRECCION GENERAL DE INTELIGENCIA- ESTADO MAYOR GENERAL DEL ;;;AZOPARDO 250 Piso:7 Dpto:111;Capital Federal;Sin especificar;;IVA Sujeto Exento;DIRECCION GENERAL DE INTELIGENCIA- ESTADO MAYOR GENERAL DEL EJERCITO;30999270286;0;Ninguno;Pesos;0;;;;; ;
837;Categoria 1;Habilitado;Fernando Perez;;;;Mataderos;Sin especificar;;Consumidor final;Fernando Perez;0;0;Ninguno;Pesos;0;;;;; ;
838;Categoria 1;Habilitado;MARIA BELEN OVEJERO;MARU OVEJERO;;Calle 144 N°1125 entre 54 y 55;La plata;Sin especificar;Maruovejero.mbo@gmail.com;Consumidor final;MARIA BELEN OVEJERO;0;0;Ninguno;Pesos;0;;;;; ;
839;Categoria 1;Habilitado;FLORENCIA DEUS;;;CONDARCO 1634 2°B;Capital Federal;Sin especificar;florenciadeus@gmail.com;Consumidor final;FLORENCIA DEUS;0;0;Ninguno;Pesos;0;;;;; ;
840;Categoria 1;Habilitado;Juan Contreras;JP Detailing RG;;;Rio Grande;Sin especificar;;Consumidor final;Juan Contreras;0;0;Ninguno;Pesos;0;;;;; ;
841;Categoria 1;Habilitado;CARLOS MIGHERA;;;CONTURBI 733;Coronel Suarez;Sin especificar;;Consumidor final;CARLOS MIGHERA;0;0;Ninguno;Pesos;0;;;;; ;
842;Categoria 1;Habilitado;David Santos;;;Diaginal laquiaca 5736 ;Liniers;Sin especificar;davidsantos468@gmail.com;Consumidor final;David Santos;0;94236323;DNI;Pesos;0;;;;; ;
843;Categoria 1;Habilitado;MAXI ESTEVEZ;Maxi Estevez;+54 9 2920 27-0058;;VIEDMA;Sin especificar;;Consumidor final;MAXI ESTEVEZ;0;0;Ninguno;Pesos;0;;;;; ;
844;Categoria 1;Habilitado;JAVIER SANDOVAL;CREA MEDIOS;;Esmeralda 3039 ;Vicente lopez;Sin especificar;javier@creamedios.com.ar;IVA Responsable Inscripto;JAVIER SANDOVAL;27063614039;0;Ninguno;Pesos;0;;;;; ;
845;Categoria 1;Habilitado;ELECTROGRAFICA SRL;Iris electrografica;+54 9 11 5695-2075;AV BELGRANO 4739;VILLA DOMINICO;Sin especificar;;IVA Responsable Inscripto;ELECTROGRAFICA SRL;33651573659;0;Ninguno;Pesos;0;;;;; ;
846;Categoria 1;Habilitado;Perez Elena Rosana;;;;Paraná;Sin especificar;;Consumidor final;Perez Elena Rosana;0;28145712;DNI;Pesos;0;;;;; ;
847;Categoria 1;Habilitado;Maximiliano Mastrantonio;Maximiliano mastrantonio;+54 9 11 5795-1397;CAMPICHUELO 534 Piso:pb Dpto:2;Ciudad Autónoma De Buenos Aires;CABA;maximilianomastrantonio@gmail.com;IVA Responsable Inscripto;MASTRANTONIO, MAXIMILIANO MARCOS;23314709519;0;Ninguno;Pesos;0;;;;; ;
848;Categoria 1;Habilitado;MARTIN MIRTA NOEMI;;;COLON 548;Puerto Madryn;Sin especificar;luis@remolquescolon.com.ar;IVA Responsable Inscripto;MARTIN MIRTA NOEMI;27130872951;0;Ninguno;Pesos;0;;;;; ;
849;Categoria 1;Habilitado;Plotear Colo;;; Italia 1341;ROSARIO;Santa Fe;hola@ploteardeco.com;Consumidor final;Plotear Colo;0;0;Ninguno;Pesos;0;;;;; ;
850;Categoria 1;Habilitado;Tiago;;;GUARDIA VIEJA 3948 - 7A;Capital Federal;Sin especificar;;Consumidor final;Tiago;0;0;Ninguno;Pesos;0;;;;; ;
851;Categoria 1;Habilitado;Claudio M. Angeleri;Cobra Equipamientos;;;Rincón de Milberg;Sin especificar;;Consumidor final;Claudio M. Angeleri;0;0;Ninguno;Pesos;0;;;;; ;
852;Categoria 1;Habilitado;OMAR BOADA;;;SANTA FE 1554 LOC 28;Capital Federal;Sin especificar;;Consumidor final;OMAR BOADA;0;0;Ninguno;Pesos;0;;;;; ;
853;Categoria 1;Habilitado;UGARTE EZEQUIEL LEONEL;;;JURAMENTO 4169 Piso:2 Dpto:A;Capital Federal;Sin especificar;comunicacionvisual2.0@hotmail.com;IVA Responsable Inscripto;UGARTE EZEQUIEL LEONEL;20270835652;0;Ninguno;Pesos;0;;;;; ;
854;Categoria 1;Habilitado;VISIONE PUBLICIDAD S.R.L.;Enzo ;+54 9 11 2885-7964;TRIUNVIRATO AV. 3686 Piso:0 Dpto:0;Capital Federal;Sin especificar;Cotizaciones@visione.com.ar;IVA Responsable Inscripto;VISIONE PUBLICIDAD S.R.L.;30716146940;0;Ninguno;Pesos;0;;;;; ;
855;Categoria 1;Habilitado;Juan Barreto;;;Calle 16 y 69 nro 1048;La plata;Sin especificar;Puntograflp@gmail.com;Consumidor final;Juan Barreto;0;0;Ninguno;Pesos;0;;;;; ;
856;Categoria 1;Deshabilitado;Elbis Callejas ;;;Avellaneda 3549;Capital Federal;Sin especificar;;Consumidor final;Elbis Callejas ;0;0;Ninguno;Pesos;0;;;;; ;
857;Categoria 1;Habilitado;Claudio M. Angeleri;;;;Rincón de Milberg;Sin especificar;cangeleri@cobraequipamientos.com.ar;Consumidor final;Claudio M. Angeleri;0;0;Ninguno;Pesos;0;;;;; ;
858;Categoria 1;Habilitado;Gisella Rimaites;;;Echeverria 1380;Coronel Dorrego;Sin especificar;Gisedgo@gmail.com;Consumidor final;Gisella Rimaites;0;0;Ninguno;Pesos;0;;;;; ;
859;Categoria 1;Habilitado;JUAN VIVIANO ;;;;DOLORES;Sin especificar;;Consumidor final;JUAN VIVIANO ;0;0;Ninguno;Pesos;0;;;;; ;
860;Categoria 1;Habilitado;Alan Noya;;;Marcos sastre 2425;San Miguel;Sin especificar;;Consumidor final;Alan Noya;0;0;Ninguno;Pesos;0;;;;; ;
861;Categoria 1;Habilitado;PABLO BRUNO SERVICIO TECNICO;;;;ROSARIO;Santa Fe;;Consumidor final;PABLO BRUNO SERVICIO TECNICO;0;0;Ninguno;Pesos;0;;;;; ;
862;Categoria 1;Habilitado;Ponce Juan Patricio;;;CHORROARIN AV. 938;Capital Federal;Sin especificar;patrioponce@hotmail.com.ar;IVA Responsable Inscripto;Ponce Juan Patricio;20270715002;0;Ninguno;Pesos;0;;;;; ;
863;Categoria 1;Habilitado;Carlos Global Plotter;Carlos;+54 9 11 5805-0200;Warnes 1249/51;Capital Federal;Sin especificar;;Consumidor final;Carlos Global Plotter;0;0;Ninguno;Pesos;0;;;;; ;
864;Categoria 1;Habilitado;Lucas Grafica Heimer;;;Calle 63 N 2002;NECOCHEA;Sin especificar;graficaheimer@gmail.com;Consumidor final;Lucas Grafica Heimer;0;0;Ninguno;Pesos;0;;;;; ;
865;Categoria 1;Habilitado;IRIS ELECTROGRAFICA;Iris electrografica;+54 9 11 5695-2075;;Capital Federal;Sin especificar;;Consumidor final;IRIS ELECTROGRAFICA;0;0;Ninguno;Pesos;0;;;;; ;
866;Categoria 1;Habilitado;MARITIMA HEINLEIN SA;;;PERU 359 Piso:13 Dpto:1301 - ENTRE LAS CALLES : AV BELGRANO Y MORENO;Capital Federal;Sin especificar;jorgefloxo@hotmail.com;IVA Responsable Inscripto;MARITIMA HEINLEIN SA;30590162279;0;Ninguno;Pesos;0;;;;; ;
867;Categoria 1;Habilitado;Marcos Damiam Ibañez;;;Av Cordoba 1666 (interno 85088);Capital Federal;Sin especificar;;Consumidor final;Marcos Damiam Ibañez;0;0;Ninguno;Pesos;0;;;;; ;
868;Categoria 1;Habilitado;E.F. EMPRENDIMIENTOS S.R.L.;;;SAN MARTIN 2370 Dpto:1;Mendoza;Sin especificar;ventas@mobeli.com.ar;IVA Responsable Inscripto;E.F. EMPRENDIMIENTOS S.R.L.;30715382306;0;Ninguno;Pesos;0;;;;; ;
869;Categoria 1;Habilitado;Federico Varone;;;;Rincón de Milberg;Sin especificar;varonefederico@gmail.com;Consumidor final;Federico Varone;0;0;Ninguno;Pesos;0;;;;; ;
870;Categoria 1;Habilitado;CONTIGLI J CONTIGLI S SH;;15-6027-5799;Colectora Acceso a Tigre 2151   - SAN FERNANDO - Zona norte. entre calles Jose hernandez y ruta 197;San Fernando;Sin especificar;cristian@graficacontigli.com.ar;IVA Responsable Inscripto;CONTIGLI J CONTIGLI S SH;30694577829;0;Ninguno;Pesos;0;;;;; ;
871;Categoria 1;Habilitado;Juan MArtin La Plata;;;61 nro 1989 dpto 3 planta alta.. entre 134 y 135;La plata;Sin especificar;;Consumidor final;Juan MArtin La Plata;0;0;Ninguno;Pesos;0;;;;; ;
872;Categoria 1;Habilitado;Amparo Uranga;;;43 n 588 piso 6. la plata;La plata;Sin especificar;;Consumidor final;Amparo Uranga;0;0;Ninguno;Pesos;0;;;;; ;
873;Categoria 1;Habilitado;NEWATER ARGENTINA S R L;;;CHARLONE 516;Capital Federal;Sin especificar;info@filtrar.net;IVA Responsable Inscripto;NEWATER ARGENTINA S R L;30698937684;0;Ninguno;Pesos;0;;;;; ;
874;Categoria 1;Habilitado;LA AZOTEA DE TANDIL SA;;;ROQUE SAENZ PEÑA 852 2°PISO;Capital Federal;Sin especificar;;IVA Responsable Inscripto;LA AZOTEA DE TANDIL SA;30691588072;0;Ninguno;Pesos;0;;;;; ;
875;Categoria 1;Habilitado;GATO STORE S.A;;;CANARD BENJAMIN DR. 1188;Capital Federal;Sin especificar;matias@gatostore.com;IVA Responsable Inscripto;GATO STORE S.A;30711266824;0;Ninguno;Pesos;0;;;;; ;
876;Categoria 1;Habilitado;EQUIPMENT S. A.;;;;Rincón de Milberg;Sin especificar;cotizaciones2@equipmentsa.com;Consumidor final;EQUIPMENT S. A.;0;0;Ninguno;Pesos;0;;;;; ;
877;Categoria 1;Habilitado;All Drill Argentina S.A.;;;Castro Barros 1330 ;Mendoza;Sin especificar;;Consumidor final;All Drill Argentina S.A.;0;0;Ninguno;Pesos;0;;;;; ;
878;Categoria 1;Habilitado;MAZALAN CARLOS ALBERTO;;;CAMPOS LUIS MARIA AV 96 PISO 1 DPTO D;Capital Federal;Sin especificar;;IVA Responsable Inscripto;MAZALAN CARLOS ALBERTO;20171085811;0;Ninguno;Pesos;0;;;;; ;
879;Categoria 1;Habilitado;NUÑEZ FERNANDO MATIAS;;;Patricias Argentinas 575;Pilar;Sin especificar;;IVA Responsable Inscripto;NUÑEZ FERNANDO MATIAS;23278607429;0;Ninguno;Pesos;0;;;;; ;
880;Categoria 1;Habilitado;REAL PLANNING SA;;;MONTEVIDEO 456 PISO 1 ;Capital Federal;Sin especificar;matias.lamn@realplanning.com.ar;IVA Responsable Inscripto;REAL PLANNING SA;30714381004;0;Ninguno;Pesos;0;;;;; ;
881;Categoria 1;Habilitado;QUEIROZ MARIO DANIEL;La Mutual Holografica;;GUIRALDES INTENDENTE 0 PISO PB PAB:3;Capital Federal;Sin especificar;LAMUTUAL.GRANFORMATO@GMAIL.COM;IVA Responsable Inscripto;QUEIROZ MARIO DANIEL;20120794613;0;Ninguno;Pesos;0;;;;; ;
882;Categoria 1;Habilitado;Rocio Pelayes;;;12 de julio 348;Neuquen;Sin especificar;ro.pelayes@hotmail.com;Consumidor final;Rocio Pelayes;0;0;Ninguno;Pesos;0;;;;; ;
883;Categoria 1;Habilitado;Carlos Romiglia;juan Carlos;+54 9 2342 54-5776;NECOCHEA 367;BRAGADO;Buenos Aires;carlosromiglia@gmail.com;Responsable Monotributo;ROMIGLIA, JUAN CARLOS;20050603386;5060338;DNI;Pesos;0;;;;; ;
884;Categoria 1;Habilitado;Rubeo ;;;;ROSARIO;Santa Fe;;Consumidor final;Rubeo ;0;0;Ninguno;Pesos;0;;;;; ;
885;Categoria 1;Habilitado;Javier Bolsan;;;;RECONQUISTA;Sin especificar;;Consumidor final;Javier Bolsan;0;0;Ninguno;Pesos;0;;;;; ;
886;Categoria 1;Habilitado;Ariel Czerwieg;;;Azara 1337;Capital Federal;Sin especificar;;Consumidor final;Ariel Czerwieg;0;0;Ninguno;Pesos;0;;;;; ;
887;Categoria 1;Habilitado;PLOTTERMANIA SRL;;45437689;GARCIA DEL RIO AV. 3709;Capital Federal;Sin especificar;PROVEEDORES@PESGRAFICA.COM.AR;IVA Responsable Inscripto;PLOTTERMANIA SRL;30714172677;0;Ninguno;Pesos;0;;;;; ;
888;Categoria 1;Habilitado;MERTL VANESA BETIANA;;;AV SAN MARTIN 325;Rawson;Sin especificar;contacto@grabartimpresiones.com;IVA Responsable Inscripto;MERTL VANESA BETIANA;27291156830;0;Ninguno;Pesos;0;;;;; ;
889;Categoria 1;Habilitado;Javier Castelani;Javier castellano;+54 9 2216 00-4266;Calle 10 e/ 156 y 156 norte N°3218 (Mano izq. a mitad de cuadra);Berisso;Sin especificar;;Consumidor final;Javier Castelani;0;0;Ninguno;Pesos;0;;;;; ;
890;Categoria 1;Habilitado;FABRICIO FERNANDO PELAEZ;;;UQUIA 83;JUJUY;Sin especificar;;Consumidor final;FABRICIO FERNANDO PELAEZ;0;0;Ninguno;Pesos;0;;;;; ;
891;Categoria 1;Habilitado;JORGE CAFFER ;;03472 - 426488;CHACABUCO 875;MARCOS JUAREZ;Sin especificar;jorgecaffer@gmail.com;IVA Responsable Inscripto;JORGE CAFFER ;20184852889;0;Ninguno;Pesos;0;;;;; ;
892;Categoria 1;Habilitado;Alejandro Conte;;;Udahondo 915 ;Ituzaingo;Sin especificar;;Consumidor final;Alejandro Conte;0;0;Ninguno;Pesos;0;;;;; ;
893;Categoria 1;Habilitado;NICOLAS LAFUENTE;AEROPUERTOS ARGENTINA 2000;;HONDURAS 5663;Capital Federal;Sin especificar;;Consumidor final;NICOLAS LAFUENTE;0;0;Ninguno;Pesos;0;;;;; ;
894;Categoria 1;Habilitado;STACHIOTTI GONZALO SEBASTIAN;;;LA PLATA SUDESTE CALLE 50 AMBAS VEREDAS;La plata;Sin especificar;Gonzalostachiotti@gmail.com;IVA Responsable Inscripto;STACHIOTTI GONZALO SEBASTIAN;20297649451;0;Ninguno;Pesos;0;;;;; ;
895;Categoria 1;Habilitado;GM Grafica;;;Av Alberdi 4393 caba esq medina;Capital Federal;Sin especificar;;Consumidor final;GM Grafica;0;0;Ninguno;Pesos;0;;;;; ;
896;Categoria 1;Habilitado;COMISION PROVINCIAL POR LA MEMORIA;;221 4262942;54 Nº 487 SUDESTE DE LA CALLE 50 AMBAS VEREDAS ;La plata;Sin especificar;ecastagnasso@comisionporlamemoria.org;IVA Sujeto Exento;COMISION PROVINCIAL POR LA MEMORIA;30707487441;0;Ninguno;Pesos;0;;;;; ;
897;Categoria 1;Habilitado;Mariano Scheli;;;Irigoyen 171 ;Buenos Aires;Sin especificar;marianocheli@gmail.com;Consumidor final;Mariano Scheli;0;0;Ninguno;Pesos;0;;;;; ;
898;Categoria 1;Habilitado;MARIA LAURA SOUTO;;;ASAMBLEA 1755;Capital Federal;Sin especificar;;Consumidor final;MARIA LAURA SOUTO;0;0;Ninguno;Pesos;0;;;;; ;
899;Categoria 1;Habilitado;MONKEY CREATIVOS;;;;Florencio Varela;Sin especificar;;Consumidor final;MONKEY CREATIVOS;0;0;Ninguno;Pesos;0;;;;; ;
900;Categoria 1;Habilitado;CENTELEGHE LUCAS;;;CALLE RAWSON 226;San Andres de Giles;Sin especificar;;Consumidor final;CENTELEGHE LUCAS;0;0;Ninguno;Pesos;0;;;;; ;
901;Categoria 1;Habilitado;JONATAN MAGNO;;;;TAPALQUE;Sin especificar;;Consumidor final;JONATAN MAGNO;0;33452377;DNI;Pesos;0;;;;; ;
902;Categoria 1;Habilitado;GOMEZ LUCINDO EDUARDO;;;GUATEMALA 4468;Capital Federal;Sin especificar;;IVA Responsable Inscripto;GOMEZ LUCINDO EDUARDO;20165838875;0;Ninguno;Pesos;0;;;;; ;
903;Categoria 1;Habilitado;MATIAS JAVIER GOTTE;;;santiago avendaño 984;Azul;Sin especificar;matiasgotte87@hotmail.com;Consumidor final;MATIAS JAVIER GOTTE;0;0;Ninguno;Pesos;0;;;;; ;
904;Categoria 1;Habilitado;PABLO DANIEL ARCE;ALTA REMERA;;Dr Rojas 1890;San Pedro;Sin especificar;pablo@altaremera.com.ar;Consumidor final;PABLO DANIEL ARCE;0;17754497;DNI;Pesos;0;;;;; ;
905;Categoria 1;Habilitado;SOCIEDAD LEGENDARIA S.R.L.;;;ALVAREZ JULIAN 548 Piso:4 Dpto:B;Capital Federal;Sin especificar;spanomariana@gmail.com;IVA Responsable Inscripto;SOCIEDAD LEGENDARIA S.R.L.;30716101211;0;Ninguno;Pesos;0;;;;; ;
906;Categoria 1;Habilitado;Pulgar Creativo;;;;Sunchales;Sin especificar;;Consumidor final;Pulgar Creativo;0;11111111;DNI;Pesos;0;;;;; ;
907;Categoria 1;Habilitado;Ezequiel Sabater;;;;RAFAELA;Sin especificar;;Consumidor final;Ezequiel Sabater;0;11111111;DNI;Pesos;0;;;;; ;
908;Categoria 1;Habilitado;German Berisvil;;;;ROSARIO;Santa Fe;;Consumidor final;German Berisvil;0;11111111;DNI;Pesos;0;;;;; ;
909;Categoria 1;Habilitado;Sebastian Perez;Tratamiento Wax;;Macacha Guemes 307 Estacionamiento Hotel Hilton Primer subsuelo sector 5;Capital Federal;Sin especificar;info@tratamientowax.com;Consumidor final;Sebastian Perez;0;0;Ninguno;Pesos;0;;;;; ;
910;Categoria 1;Habilitado;GERACI PABLO SEBASTIAN;;;MAURE 2874 OF 4;Capital Federal;Sin especificar;sebastian.geraci@fibertel.com.ar;IVA Responsable Inscripto;GERACI PABLO SEBASTIAN;20307209994;0;Ninguno;Pesos;0;;;;; ;
911;Categoria 1;Habilitado;PINO HUGO JAVIER;;;LANIN 548;CENTENARIO;Sin especificar;;Consumidor final;PINO HUGO JAVIER;0;24487675;DNI;Pesos;0;;;;; ;
912;Categoria 1;Habilitado;Matias Fernandes Heck;;;Rivadavia 5474 3B;Capital Federal;Sin especificar;;Consumidor final;Matias Fernandes Heck;0;0;Ninguno;Pesos;0;;;;; ;
913;Categoria 1;Habilitado;NUBE PICTURES SRL;;;PERON JUAN TTE.GRAL. 328 Piso:1;Capital Federal;Sin especificar;cmacielcomejo@gmail.com;IVA Responsable Inscripto;NUBE PICTURES SRL;33710284399;0;Ninguno;Pesos;0;;;;; ;
914;Categoria 1;Habilitado;AZUBEL ROBERTO;;;AMENABAR 1615 P7;Capital Federal;Sin especificar;INFO@AZUBEL.COM;IVA Responsable Inscripto;AZUBEL ROBERTO;20173536756;0;Ninguno;Pesos;0;;;;; ;
915;Categoria 1;Habilitado;ARIEL RODRIGUEZ TERCEIRO;;;AV GAONA 4809;Capital Federal;Sin especificar;arielterceiro@hotmail.com;IVA Responsable Inscripto;ARIEL RODRIGUEZ TERCEIRO;20272172987;0;Ninguno;Pesos;0;;;;; ;
916;Categoria 1;Habilitado;MONCAYO MATIAS JULIAN;;;JOSE MARMOL 921 PISO 8 DPTO B/ ALBARRACIN 1725;Capital Federal;Sin especificar;frinks.studio@gmail.com;IVA Responsable Inscripto;MONCAYO MATIAS JULIAN;20331109348;0;Ninguno;Pesos;0;;;;; ;
917;Categoria 1;Habilitado;BARTOLONI WALTER REINALDO;;;1 Y 30 1102 25 DE MAYO ;Buenos Aires;Sin especificar;info@grafica08.com.ar;IVA Responsable Inscripto;BARTOLONI WALTER REINALDO;20133990411;0;Ninguno;Pesos;0;;;;; ;
918;Categoria 1;Habilitado;Diego Romero ;Diego Tigre;;Espejo 381 gral pacheco;Tigre;Sin especificar;Romerodiego0755@gmail.com;Consumidor final;Universecar;0;33633013;DNI;Pesos;0;;;;; ;
919;Categoria 1;Habilitado;GRACIELA MORE;;;;Capital Federal;Sin especificar;;Consumidor final;GRACIELA MORE;0;0;Ninguno;Pesos;0;;;;; ;
920;Categoria 1;Habilitado;WTF ADVERTISING SA;;;NICANOR MENDEZ 2551;Capital Federal;Sin especificar;justamusso@gmail.com;IVA Responsable Inscripto;WTF ADVERTISING SA;30711309027;0;Ninguno;Pesos;0;;;;; ;
921;Categoria 1;Habilitado;BANDA S.R.L.;;;LAVALLEJA 746 Piso:PB Dpto:D;Capital Federal;Sin especificar;;IVA Responsable Inscripto;BANDA S.R.L.;30714233773;0;Ninguno;Pesos;0;;;;; ;
922;Categoria 1;Habilitado;Maria Suarez;;;Barrio juan b justo. Manzana 510;Puerto Madryn;Sin especificar;suarez.freelance@gmail.com;Consumidor final;Maria Suarez;0;0;Ninguno;Pesos;0;;;;; ;
923;Categoria 1;Habilitado;SP2 GROUP SA;Martin ;+54 9 11 2211-0157- 0800-888-8763;Catamarca 2291 box 5;MARTINEZ;Sin especificar;flota@elevatodo.com;IVA Responsable Inscripto;SP2 GROUP SA;30710509782;0;Ninguno;Pesos;0;;;;; ;
924;Categoria 1;Habilitado;Marita Perez;;;Brandsen 4269 Entre Asunción y Sta Marina;Ciudadela;Sin especificar;;Consumidor final;Marita Perez;0;0;Ninguno;Pesos;0;;;;; ;
925;Categoria 1;Habilitado;Emmanuel Sanchez;;; Mendoza 1625 Sur;SAN JUAN;Sin especificar;;Consumidor final;Emmanuel Sanchez;0;36;DNI;Pesos;0;;;;; ;
926;Categoria 1;Habilitado;BEHR-NEZ SRL;;;VIYTES 1555;Capital Federal;Sin especificar;damianbehrnez@gmail.com;IVA Responsable Inscripto;BEHR-NEZ SRL;30712296824;0;Ninguno;Pesos;0;;;;; ;
927;Categoria 1;Habilitado;Guillermo Moran;Guillermo;+54 9 11 5004-2402;Ortega 1080;MONTE GRANDE;Sin especificar;;Consumidor final;Guillermo Moran;0;0;Ninguno;Pesos;0;;;;; ;
928;Categoria 1;Habilitado;DALIS SRL;;;ALSINA 669;Buenos Aires;Sin especificar;;IVA Responsable Inscripto;DALIS SRL;30693049101;0;Ninguno;Pesos;0;;;;; ;
929;Categoria 1;Habilitado;Los Novillos S.A.;Franco;+54 9 11 6789-4185;Av. Roque Saenz Peña 740. Piso 7;Capital Federal;Sin especificar;proveedores@losnovillos.com.ar;IVA Responsable Inscripto;Los Novillos S.A.;30652589215;0;Ninguno;Pesos;0;;;;; ;
930;Categoria 1;Habilitado;GONZALEZ MARTIN ;DOBLE G GRAFICA;;Catamarca 2291 box 5;MARTINEZ;Sin especificar;;Consumidor final;GONZALEZ MARTIN ;0;0;Ninguno;Pesos;0;;;;; ;
931;Categoria 1;Habilitado;RUIZ HOLGADO ANDRES GUSTAVO;;;LA RIOJA 121 - BARRIO : CENTRO;SANTIAGO DEL ESTERO;Sin especificar;andresrh@hotmail.com;IVA Responsable Inscripto;RUIZ HOLGADO ANDRES GUSTAVO;23184649039;0;Ninguno;Pesos;0;;;;; ;
932;Categoria 1;Habilitado;Guillermina Arellano;Juar Impresiones;;Italia 34;Capital Federal;Sin especificar;juar_impresiones@hotmail.com;Consumidor final;Guillermina Arellano;0;0;Ninguno;Pesos;0;;;;; ;
933;Categoria 1;Habilitado;DARIO CAGNOTTI;;;CALLE 57 N°78;VILLA CAÑAS;Sin especificar;dariocagnotti89@hotmail.com;Consumidor final;DARIO CAGNOTTI;0;35032037;DNI;Pesos;0;;;;; ;
934;Categoria 1;Habilitado;GUIDO ROJAS;;;ANTARTIDA ARGENTINA N°999;EL MAITEN;Sin especificar;;Consumidor final;GUIDO ROJAS;0;33;DNI;Pesos;0;;;;; ;
935;Categoria 1;Habilitado;MARCELO DANIEL COLEDANI;;;;SALTA;Sin especificar;;Consumidor final;MARCELO DANIEL COLEDANI;0;14489854;DNI;Pesos;0;;;;; ;
936;Categoria 1;Habilitado;MARCELO PAZ;;;mza c lote 19 barrio ampliacion sta Lucia;SANTIAGO DEL ESTERO;Sin especificar;;Consumidor final;MARCELO PAZ;0;31120026;DNI;Pesos;0;;;;; ;
937;Categoria 1;Habilitado;Alejandro Pan;;;Manuel Rodriguez 1437;Capital Federal;Sin especificar;;Consumidor final;Alejandro Pan;0;0;Ninguno;Pesos;0;;;;; ;
938;Categoria 1;Habilitado;Maximiliano García Tellechea;;;;Capital Federal;Sin especificar;;Consumidor final;Maximiliano García Tellechea;0;0;Ninguno;Pesos;0;;;;; ;
939;Categoria 1;Habilitado;LAURA CHIRINOS;;;;ISIDRO CASANOVA;Sin especificar;;Consumidor final;LAURA CHIRINOS;0;0;Ninguno;Pesos;0;;;;; ;
940;Categoria 1;Habilitado;Lucas Roldan;;;Azara 65 oficina 6;Capital Federal;Sin especificar;;Consumidor final;Lucas Roldan;0;0;Ninguno;Pesos;0;;;;; ;
941;Categoria 1;Habilitado;Ana Paleari;imagen directa;;;Corrientes;Sin especificar;;Consumidor final;Ana Paleari;0;0;Ninguno;Pesos;0;;;;; ;
942;Categoria 1;Habilitado;DALMAO ALAN RUBEN;;;;Rio Grande;Sin especificar;;Consumidor final;DALMAO ALAN RUBEN;0;0;Ninguno;Pesos;0;;;;; ;
943;Categoria 1;Habilitado;STAFFOLANI JAVIER AUGUSTO;;;THAMES 866;SAN MIGUEL DE TUCUMAN;Sin especificar;tuccarteles@yahoo.com.ar;IVA Responsable Inscripto;STAFFOLANI JAVIER AUGUSTO;20244099824;0;Ninguno;Pesos;0;;;;; ;
944;Categoria 1;Habilitado;Hugo Galeria Corrientes;;;Galeria corrientes;ROSARIO;Santa Fe;;Consumidor final;Hugo Galeria Corrientes;0;11111111;DNI;Pesos;0;;;;; ;
945;Categoria 1;Habilitado;Ariel VS Santa fe;;;;Santa Fe;Sin especificar;;Consumidor final;Ariel VS Santa fe;0;0;Ninguno;Pesos;0;;;;; ;
946;Categoria 1;Habilitado;Damian Covato ;DC Grafica;;;Santa Fe;Sin especificar;;Consumidor final;Damian Covato ;0;0;Ninguno;Pesos;0;;;;; ;
947;Categoria 1;Habilitado;CONEJEROS PARODI MARIA CLAUDIA ;;;AV SAN MARTIN 127 Dpto:26;SAN CARLOS DE BARILOCHE;Sin especificar;a4centrodecopiado@gmail.com;IVA Responsable Inscripto;CONEJEROS PARODI MARIA CLAUDIA ;27188642433;0;Ninguno;Pesos;0;;;;; ;
948;Categoria 1;Habilitado;PABLO STIEFEL;pablo;;Dirección Santiago 739-(Rosario-Santa Fe);ROSARIO;Santa Fe;;Consumidor final;PABLO STIEFEL;0;30254446;DNI;Pesos;0;;;;;2000;
949;Categoria 1;Habilitado;DIEGO MIÑO;;;140 NUMERO 430;Berazategui;Sin especificar;diego.mino2@hotmail.com;Consumidor final;DIEGO MIÑO;0;0;Ninguno;Pesos;0;;;;; ;
950;Categoria 1;Habilitado;Echazu Alvarez Oscar Ruben;;;Av. 24 de septiembre #904;TARTAGAL;Sin especificar;;Consumidor final;Echazu Alvarez Oscar Ruben;0;35;DNI;Pesos;0;;;;; ;
951;Categoria 1;Habilitado;WERNER CINE SRL;;;GURRUCHAGA 447 PISO 5 DEPTO B;Capital Federal;Sin especificar;ERIKAVOLLERS@YAHOO.COM.AR;IVA Responsable Inscripto;WERNER CINE SRL;30714549290;0;Ninguno;Pesos;0;;;;; ;
952;Categoria 1;Habilitado;CEJAS DIEGO OSCAR;;02343 15 410376;VILLARINO 435;Chivilcoy;Sin especificar;quirogaandreasoyyo@gmail.com;IVA Responsable Inscripto;CEJAS DIEGO OSCAR;20306204336;0;Ninguno;Pesos;0;;;;; ;
953;Categoria 1;Habilitado;Pablo Gigli;;;;Rincón de Milberg;Sin especificar;;Consumidor final;Pablo Gigli;0;0;Ninguno;Pesos;0;;;;; ;
954;Categoria 1;Habilitado;Luciano Yacopino;Atomo Store;;;ROSARIO;Santa Fe;;Consumidor final;Luciano Yacopino;0;11111111;DNI;Pesos;0;;;;; ;
955;Categoria 1;Habilitado;JUAN CASTILLO;X-PLOTT BAHIA JUAN CASTILLO;+54 9 2915 73-9963;Libano 1052;Bahia Blanca;Buenos Aires;xplottbahia@yahoo.com.ar;Consumidor final;JUAN CASTILLO;0;0;Ninguno;Pesos;0;;;;;8000;
956;Categoria 1;Habilitado;NAPOLITANO GUSTAVO ARMANDO;;;461 B 278 - ENTRE LAS CALLES : 14 Y 14 A;City Bell;Sin especificar;gustavonapolitano1@gmail.com;IVA Responsable Inscripto;NAPOLITANO GUSTAVO ARMANDO;20141057112;0;Ninguno;Pesos;0;;;;; ;
957;Categoria 1;Habilitado;Leo (Villa Crespo);;;;Rincón de Milberg;Sin especificar;;Consumidor final;Leo (Villa Crespo);0;0;Ninguno;Pesos;0;;;;; ;
958;Categoria 1;Habilitado;GASTON MATIAS LORENZO;;;Av Corrientes 5647 5°G;Capital Federal;Sin especificar;gml1985@gmail.com;IVA Responsable Inscripto;GASTON MATIAS LORENZO;20315337594;0;Ninguno;Pesos;0;;;;; ;
959;Categoria 1;Habilitado;LLAQUINA S.A.;;;CERRITO 1254;Ramos Mejia;Sin especificar;;IVA Responsable Inscripto;LLAQUINA S.A.;30710152043;0;Ninguno;Pesos;0;;;;; ;
960;Categoria 1;Habilitado;Rosana Paola Thiessene;;;Av Belgrano 3251 17D;Capital Federal;Sin especificar;;Consumidor final;Rosana Paola Thiessene;0;0;Ninguno;Pesos;0;;;;; ;
961;Categoria 1;Habilitado;Mariano Gimenez;;;Av. Rodriguez Peña 1125;Santos Lugares;Sin especificar;marianogimenez@hotmail.com;Consumidor final;Mariano Gimenez;0;0;Ninguno;Pesos;0;;;;; ;
962;Categoria 1;Habilitado;Amira Espalla;;;Almirante brawn y ruta 50 frente al camping municipal;LA PAZ;Sin especificar;;Consumidor final;Amira Espalla;0;36277877;DNI;Pesos;0;;;;; ;
963;Categoria 1;Habilitado;JOHANNA CANTERO;;;169 entre 26 y 27 n° 2476;Berisso;Sin especificar;;Consumidor final;JOHANNA CANTERO;0;0;Ninguno;Pesos;0;;;;; ;
964;Categoria 1;Habilitado;Javier Monteagudo;Kayser;;;Rincón de Milberg;Sin especificar;;Consumidor final;Javier Monteagudo;0;0;Ninguno;Pesos;0;;;;; ;
965;Categoria 1;Habilitado;Natalia de la Puente;;;Cachimayo 85;Capital Federal;Sin especificar;nat26874@yahoo.com;Consumidor final;Natalia de la Puente;0;0;Ninguno;Pesos;0;;;;; ;
966;Categoria 1;Habilitado;Diego Ramon Ojeda;;;Av. 9 de Julio 780 ;Rincón de Milberg;Sin especificar;sonovasg@gmail.com;Consumidor final;Diego Ramon Ojeda;0;0;Ninguno;Pesos;0;;;;; ;
967;Categoria 1;Habilitado;Maria Gimena Tavarra;;;Solis 1842 Depto 2 - 9;Capital Federal;Sin especificar;;Consumidor final;Maria Gimena Tavarra;0;0;Ninguno;Pesos;0;;;;; ;
968;Categoria 1;Habilitado;Gabriel Sepiurka;;;Hortiguera 333 6to piso;Capital Federal;Sin especificar;;Consumidor final;Gabriel Sepiurka;0;0;Ninguno;Pesos;0;;;;; ;
969;Categoria 1;Habilitado;Emidio Sorsaia;;;Santander 928 depto 3;Capital Federal;Sin especificar;;Consumidor final;Emidio Sorsaia;0;0;Ninguno;Pesos;0;;;;; ;
970;Categoria 1;Habilitado;Martin Peralta;;;;CAÑUELAS;Sin especificar;;Consumidor final;Martin Peralta;0;0;Ninguno;Pesos;0;;;;; ;
971;Categoria 1;Habilitado;Maite Larumbe;MAIDECOMPRAS;;Peru 294 (La manzana de las luces);Capital Federal;Sin especificar;;Consumidor final;Maite Larumbe;0;0;Ninguno;Pesos;0;;;;; ;
972;Categoria 1;Habilitado;DURATOMIC SA;;;PASAJE CARABELAS 1046 VILLA MADERO ;Villa Madero;Sin especificar;nazarenocruzyellobo@hotmail.com;IVA Responsable Inscripto;DURATOMIC SA;30504445425;0;Ninguno;Pesos;0;;;;; ;
973;Categoria 1;Habilitado;JAVIER IVAN BARCENA;TIENDA BEACON;;AV RIVADAVIA 5283 PISO PB 16;Capital Federal;Sin especificar;;IVA Responsable Inscripto;JAVIER IVAN BARCENA;20272873152;0;Ninguno;Pesos;0;;;;; ;
974;Categoria 1;Habilitado;Mariana Fanna;Mariana Fanna;+54 9 11 6197-0944;Diaz Veles 5153;Capital Federal;Sin especificar;;Consumidor final;Mariana Fanna;0;0;Ninguno;Pesos;0;;;;; ;
975;Categoria 1;Deshabilitado;PEÑALVA DIEGO MARTIN;;;Arieta 5454;La Tablada;Sin especificar;Administracion@dpindustria.com.ar;IVA Responsable Inscripto;PEÑALVA DIEGO MARTIN;20258463073;0;Ninguno;Pesos;0;;;;; ;
976;Categoria 1;Habilitado;Ricardo Lipovich;;;Juan B Justo 4742  ;Capital Federal;Sin especificar;;Consumidor final;Ricardo Lipovich;0;0;Ninguno;Pesos;0;;;;; ;
977;Categoria 1;Habilitado;MONICA GOROSTIAGA;;;Amenabar 2787;Capital Federal;Sin especificar;monica_gorostiaga@hotmail.com;Consumidor final;MONICA GOROSTIAGA;0;0;Ninguno;Pesos;0;;;;; ;
978;Categoria 1;Habilitado;Woppa;;;Balcarce 225;Capital Federal;Sin especificar;victoria@faempresas.com.ar;IVA Responsable Inscripto;Woppa;30716197626;0;Ninguno;Pesos;0;;;;; ;
979;Categoria 1;Habilitado;Carolina Dragava;;;Clementr calismonti 417;RIO GALLEGOS;Sin especificar;carolinadagrava@htomail.com;Consumidor final;Carolina Dragava;0;27804734;DNI;Pesos;0;;;;; ;
980;Categoria 1;Habilitado;EXEMSO CIRCUITOS IMPRESOS;;;DELAMBRE 4425;Capital Federal;Sin especificar;EXEMSO@YAHOO.COM.AR;IVA Responsable Inscripto;EXEMSO CIRCUITOS IMPRESOS;30711502684;0;Ninguno;Pesos;0;;;;; ;
981;Categoria 1;Habilitado;Grafica 23;Sergio  Onnainty;02346 423225;Paso 336;Chivilcoy;Sin especificar;;Consumidor final;Grafica 23;0;0;Ninguno;Pesos;0;;;;; ;
982;Categoria 1;Deshabilitado;NATALINI DIEGO MARCELO Y ALONSO CARLOS FACUNDO MARTIN SOCIED;;;AV JULIO A ROCA 2083;HURLINGHAM ;Sin especificar;diego@dnatalini.com.ar;IVA Responsable Inscripto;NATALINI DIEGO MARCELO Y ALONSO CARLOS FACUNDO MARTIN SOCIEDAD DE HECHO;30714487872;0;Ninguno;Pesos;0;;;;; ;
983;Categoria 1;Habilitado;Veronica Sanchez ;;2213583851;69 numero 864;La plata;Sin especificar;;Consumidor final;Veronica Sanchez ;0;0;Ninguno;Pesos;0;;;;; ;
984;Categoria 1;Habilitado;RUIBAL DIEGO FABIAN;;;LAVALLE 2108;Capital Federal;Sin especificar;Familiadeimpresores@gmail.com;IVA Responsable Inscripto;RUIBAL DIEGO FABIAN;20205695150;0;Ninguno;Pesos;0;;;;; ;
985;Categoria 1;Habilitado;COOPASOS SOCIEDAD DE RESPONSABILIDAD LIMITADA;punto graf;;calle 69 n1046 entre 15 y 16 ;La plata;Sin especificar;puntograflp@gmail.com;IVA Responsable Inscripto;COOPASOS SOCIEDAD DE RESPONSABILIDAD LIMITADA;30715474952;0;Ninguno;Pesos;0;;;;; ;
986;Categoria 1;Habilitado;Jorge Relojeria Yatay ;;;CONGRESO AV. 2865 Piso:- Dpto:- S:- T:- M:-;Ciudad Autónoma De Buenos Aires;CABA;;Consumidor final;GONZALEZ, JORGE DANIEL;20226586831;0;Ninguno;Pesos;0;;;;; ;
987;Categoria 1;Habilitado;GONZALEZ UMANES CRISTIAN JAVIER BARTOLOME;;;MARCOS PAZ 3932 ;SAN MIGUEL DE TUCUMAN;Sin especificar;info.estudiogg@gmail.com;IVA Responsable Inscripto;GONZALEZ UMANES CRISTIAN JAVIER BARTOLOME;23235191059;0;Ninguno;Pesos;0;;;;; ;
988;Categoria 1;Habilitado;ROSALES GUIDONI LUIS EDUARDO;;;LAS HERAS 367;Las Flores;Sin especificar;feno_lasflores@hotmail.com;IVA Responsable Inscripto;ROSALES GUIDONI LUIS EDUARDO;20217162980;0;Ninguno;Pesos;0;;;;; ;
989;Categoria 1;Habilitado;Julieta Flores;;;calle 115 Nº 1530;La plata;Sin especificar;;Consumidor final;Julieta Flores;0;0;Ninguno;Pesos;0;;;;; ;
990;Categoria 1;Habilitado;BORDOY MARCELO GASTON;;;ARENALES 1565 - FLORIDA;Vicente lopez;Sin especificar;;IVA Responsable Inscripto;BORDOY MARCELO GASTON;20259406782;0;Ninguno;Pesos;0;;;;; ;
991;Categoria 1;Habilitado;ESTUDIO BONTA S A I C;;4512 2810;SANTIAGO DEL ESTERO 141 Piso:PB;MARTINEZ;Sin especificar;alejandra@estudiobonta.com.ar;IVA Responsable Inscripto;ESTUDIO BONTA S A I C;30561638345;0;Ninguno;Pesos;0;;;;; ;
992;Categoria 1;Habilitado;Fernando Parrotta;;;Bolivia 2266 Moreno;MORENO;Sin especificar;;Consumidor final;Fernando Parrotta;0;0;Ninguno;Pesos;0;;;;; ;
993;Categoria 1;Habilitado;Hogar Fe;;;Av Rivadavia 2069 11C;Capital Federal;Sin especificar;pagos@hogarfe.com.ar;IVA Responsable Inscripto;Hogar Fe;30714804886;0;Ninguno;Pesos;0;;;;; ;
994;Categoria 1;Habilitado;SZ PRODUCCIONES SRL;Gabriel;+54 9 11 5226-5395;VALDENEGRO 3556;Capital Federal;Sin especificar;mm@fuszion.com.ar;IVA Responsable Inscripto;SZ PRODUCCIONES SRL;30711711712;0;Ninguno;Pesos;0;;;;; ;
995;Categoria 1;Habilitado;Karol Robayo;;;Sucursal Andreani de calle Ituzaingó;San Isidro;Sin especificar;;Consumidor final;Karol Robayo;0;0;Ninguno;Pesos;0;;;;; ;
996;Categoria 1;Habilitado;Digito A;Leonardo Lombardo;; Juan Bautista Alberdi 884;Capital Federal;Sin especificar;;Consumidor final;Digito A;0;0;Ninguno;Pesos;0;;;;; ;
997;Categoria 1;Habilitado;PABLO CAMPOS;SPORTLINE;+54 9 11 6791-8489;CONSTITUYENTES 4155;Capital Federal;Sin especificar;;Consumidor final;PABLO CAMPOS;0;0;Ninguno;Pesos;0;;;;; ;
998;Categoria 1;Habilitado;ARCREA S.R.L.;;;SUPERI 1450 Dpto:12;Capital Federal;Sin especificar;gonzalo@hseventos.com.ar;IVA Responsable Inscripto;ARCREA S.R.L.;30709842087;0;Ninguno;Pesos;0;;;;; ;
999;Categoria 1;Habilitado;CONIL PUBLICIDAD SRL;;;RUTA 8 KM. 78.700 0;PARADA ROBLES ;Sin especificar;administracion@conilpublicidad.com.ar;IVA Responsable Inscripto;CONIL PUBLICIDAD SRL;30710726821;0;Ninguno;Pesos;0;;;;; ;
1000;Categoria 1;Habilitado;CEJAS ANGEL LEONARDO;;;;Rincón de Milberg;Sin especificar;l_cejas@alcecon.com.ar;Consumidor final;CEJAS ANGEL LEONARDO;0;0;Ninguno;Pesos;0;;;;; ;
1001;Categoria 1;Habilitado;BOOMGROUPS S.A.;;;LARRAZABAL AV. 3159 - BARRIO : CABA;Capital Federal;Sin especificar;Patricio@fernandopoggio.com;IVA Responsable Inscripto;BOOMGROUPS S.A.;30709540617;0;Ninguno;Pesos;0;;;;; ;
1002;Categoria 1;Habilitado;Augusto Marinell;Augusto ;+54 9 11 3275-7612;Yerbal 2250;Capital Federal;Sin especificar;;Consumidor final;Augusto Marinell;0;0;Ninguno;Pesos;0;;;;; ;
1003;Categoria 1;Habilitado;ENFOCAR S.R.L;;03571-432107;AV. GENERAL SAVIO 1597;RIO TERCERO;Sin especificar;contaduria.enfocar@gmail.com;IVA Responsable Inscripto;ENFOCAR S.R.L;33710307399;0;Ninguno;Pesos;0;;;;; ;
1004;Categoria 1;Habilitado;PAPARINI EUGENIA ANDREA;Euge;+54 9 11 3335-8149;MORENO JOSE MARIA AV 1430 Piso:PB Dpto:B;Capital Federal;Sin especificar;eugenia.paparini@gmail.com;IVA Responsable Inscripto;PAPARINI EUGENIA ANDREA;27229906408;0;Ninguno;Pesos;0;;;;; ;
1005;Categoria 1;Habilitado;BIANCHI JOSE MARIA;;;RECONQUISTA S/N 0;GENERAL MANSILLA;Sin especificar;Jose45bianchi@Gmail.com;Responsable Monotributo;BIANCHI JOSE MARIA;20225984760;0;Ninguno;Pesos;0;;;;; ;
1006;Categoria 1;Habilitado;Eva Di Santi;;;Calle 7 entre 92 y 93 n2985;La plata;Sin especificar;;Consumidor final;Eva Di Santi;0;0;Ninguno;Pesos;0;;;;; ;
1007;Categoria 1;Habilitado;Daiana Dominguez;;;Churruarín 627 3F.;Paraná;Sin especificar;roma.stampa.parana@gmail.com;Consumidor final;Daiana Dominguez;0;32833941;DNI;Pesos;0;;;;; ;
1008;Categoria 1;Habilitado;Juan m Cataldo ;;;;Rincón de Milberg;Sin especificar;;Consumidor final;Juan m Cataldo ;0;0;Ninguno;Pesos;0;;;;; ;
1009;Categoria 1;Habilitado;FLAVIA PEÑA ;;;OTAWA 2974 DEPTO 1;Capital Federal;Sin especificar;;Consumidor final;FLAVIA PEÑA ;0;0;Ninguno;Pesos;0;;;;; ;
1010;Categoria 1;Habilitado;Artes Gráficas Tupac;;49317375;33 Orientales 679;Capital Federal;Sin especificar;;Consumidor final;Artes Gráficas Tupac;0;0;Ninguno;Pesos;0;;;;; ;
1011;Categoria 1;Habilitado;OFFSET DIGITAL S.R.L.;CAMILA CASACCIO;46718226;JUSTO JUAN B AV. 6382 Piso:0 Dpto:0 S:0 T:0 M:0;Capital Federal;Sin especificar;cuentascorrientes@offset-digital.com.ar;IVA Responsable Inscripto;OFFSET DIGITAL S.R.L.;30711595321;0;Ninguno;Pesos;0;;;;; ;
1012;Categoria 1;Habilitado;AGUSTIN MARTELLI;;;HUMBERTO PRIMO 1839 1D;Capital Federal;Sin especificar;;Consumidor final;AGUSTIN MARTELLI;0;0;Ninguno;Pesos;0;;;;; ;
1013;Categoria 1;Habilitado;CINTHYA OLIVERA ;;;164 Y 26 N° 2641 (REJAS VERDES);Berazategui;Sin especificar;;Consumidor final;CINTHYA OLIVERA ;0;39152688;DNI;Pesos;0;;;;; ;
1014;Categoria 1;Habilitado;HOYOS JORGE LUIS;;;LAPRIDA 3398;Mar del plata;Sin especificar;jlharq@yahoo.com.ar;IVA Responsable Inscripto;HOYOS JORGE LUIS;23170990129;0;Ninguno;Pesos;0;;;;; ;
1015;Categoria 1;Habilitado;Ariel Carimatti;;;Av. Fdo Zuviría 4175 Santa Fe Capital;Santa Fe;Sin especificar;;Consumidor final;Ariel Carimatti;0;23695656;DNI;Pesos;0;;;;; ;
1016;Categoria 1;Habilitado;Francisco Zoilo Bogado;;;Echeverria 2007 Entre Saenz Peña y Alem;Marcos Paz;Sin especificar;;Consumidor final;Francisco Zoilo Bogado;0;35436888;DNI;Pesos;0;;;;; ;
1017;Categoria 1;Habilitado;PICARONI JUAN IGNACIO;;;BOGLIANO 2;Azul;Sin especificar;colorcodice@yahoo.com.ar;IVA Responsable Inscripto;PICARONI JUAN IGNACIO;20316491880;0;Ninguno;Pesos;0;;;;; ;
1018;Categoria 1;Habilitado;Gabriela Acuña ;;;Juan Díaz de solis 2436;HURLINGHAM ;Sin especificar;;Consumidor final;Gabriela Acuña ;0;0;Ninguno;Pesos;0;;;;; ;
1019;Categoria 1;Habilitado;Mariano Hernandez;;;Calle 19 numero 4538 entre 167 y 168 Ciudad de Berisso;La plata;Sin especificar;;Consumidor final;Mariano Hernandez;0;0;Ninguno;Pesos;0;;;;; ;
1020;Categoria 1;Habilitado;CRISTIAN JAUGE   ;;;;CARMEN DE PATAGONIA;Sin especificar;;Consumidor final;CRISTIAN JAUGE   ;0;0;Ninguno;Pesos;0;;;;; ;
1021;Categoria 1;Habilitado;Barreiro Marcelo Damian;;;Guiraldes 1950;SAN MARTIN;Sin especificar;md_films@hotmail.com;IVA Responsable Inscripto;Barreiro Marcelo Damian;20278516548;0;Ninguno;Pesos;0;;;;; ;
1022;Categoria 1;Habilitado;Jorge Amuch;;;;Buenos Aires;Sin especificar;jamuch@efeargentina.com;Consumidor final;Jorge Amuch;0;0;Ninguno;Pesos;0;;;;; ;
1023;Categoria 1;Habilitado;JUAN CAVA;;;;Rincón de Milberg;Sin especificar;;Consumidor final;JUAN CAVA;0;0;Ninguno;Pesos;0;;;;; ;
1024;Categoria 1;Habilitado;JOEL LOBATTO;GRAFICA BUFALO;;;MORON;Sin especificar;graficabufalo@hotmail.com;Consumidor final;JOEL LOBATTO;0;0;Ninguno;Pesos;0;;;;; ;
1025;Categoria 1;Habilitado;David Monson;;;Padre Manuel Ustarros 4098;Jose C Paz;Sin especificar;;Consumidor final;David Monson;0;0;Ninguno;Pesos;0;;;;; ;
1026;Categoria 1;Habilitado;Puzzi Diego;;;Zuviria 65  primer piso departamento C;Capital Federal;Sin especificar;;Consumidor final;Puzzi Diego;0;0;Ninguno;Pesos;0;;;;; ;
1027;Categoria 1;Habilitado;MENDEZ JUAN CARLOS;;;BLOCK 17 Dpto:5 - BARRIO : DON EMILIO;SALTA;Sin especificar;juanmendez.salta@gmail.com;IVA Responsable Inscripto;MENDEZ JUAN CARLOS;20175813641;0;Ninguno;Pesos;0;;;;; ;
1028;Categoria 1;Habilitado;alejandro Arriola;Alejandro Arriola;+54 9 11 5475-0600;Morón 3363 - Piso 2 - Oficina 14 (Floresta);Ciudad Autónoma De Buenos Aires;CABA;;IVA Responsable Inscripto;ARRIOLA, ALEJANDRO LUIS;20228664279;0;Ninguno;Pesos;0;;;;; ;
1029;Categoria 1;Habilitado;Federico Gesualdo;;;Savedra 608;Capital Federal;Sin especificar;info@popdisplay.com.ar;IVA Responsable Inscripto;Federico Gesualdo;20210811002;0;Ninguno;Pesos;0;;;;; ;
1030;Categoria 1;Habilitado;Federico Motta;;;Quito 3933;Capital Federal;Sin especificar;;Consumidor final;Federico Motta;0;0;Ninguno;Pesos;0;;;;; ;
1031;Categoria 1;Habilitado;VECCHIO LEANDRO DARIO;;;CALLE 142 N° 1833;Berazategui;Sin especificar;;IVA Responsable Inscripto;VECCHIO LEANDRO DARIO;20342291261;0;Ninguno;Pesos;0;;;;; ;
1032;Categoria 1;Habilitado;Andreu Juan Manuel ;+54 9 364 464-6984;;Avellaneda 1081 (calle 19 entre 22 y 24 centro);PCIA. R. SAENZ PEÑA ;Sin especificar;;Consumidor final;Andreu Juan Manuel ;0;31971258;DNI;Pesos;0;;;;; ;
1033;Categoria 1;Habilitado;GRUPO JG S.R.L.;;;BOULOGNE SUR MER 1954;Don Torcuato;Sin especificar;gaston@smartgraph.com.ar;IVA Responsable Inscripto;GRUPO JG S.R.L.;30713377305;0;Ninguno;Pesos;0;;;;; ;
1034;Categoria 1;Habilitado;BURGARDT MARIA FERNANDA;;;ENTRE RIOS 262;Trelew;Sin especificar;;IVA Responsable Inscripto;BURGARDT MARIA FERNANDA;27272902327;0;Ninguno;Pesos;0;;;;; ;
1035;Categoria 1;Habilitado;Victor Milanao;;;Malvinas Esc 6. Av. Juan Vucetich y Guillermo Hudson depto.62;Rawson;Sin especificar;victormillanao@hotmail.com;Consumidor final;Victor Milanao;0;0;Ninguno;Pesos;0;;;;; ;
1036;Categoria 1;Habilitado;GARCIA SANTOS VICTOR;ALAN DALMAO;;PELLEGRINI 372;Rio Grande;Sin especificar;;IVA Responsable Inscripto;GARCIA SANTOS VICTOR;20163114233;0;Ninguno;Pesos;0;;;;; ;
1037;Categoria 1;Habilitado;BERTINI GABRIEL OSCAR;;;MONROE 4610;Capital Federal;Sin especificar;GA.BERTINI@GMAIL.COM;IVA Responsable Inscripto;BERTINI GABRIEL OSCAR;20181426323;0;Ninguno;Pesos;0;;;;; ;
1038;Categoria 1;Habilitado;PONTE MARISA ANDREA;;;FRANKLIN 926;Capital Federal;Sin especificar;;IVA Responsable Inscripto;PONTE MARISA ANDREA;27203926168;0;Ninguno;Pesos;0;;;;; ;
1039;Categoria 1;Habilitado;Servicios Integrales V4 Group SRL;;;Libertad 2106;Cordoba capital;Sin especificar;gustavo.rodriguez@v4group.com.ar;IVA Responsable Inscripto;Servicios Integrales V4 Group SRL;30711601690;0;Ninguno;Pesos;0;;;;; ;
1040;Categoria 1;Habilitado;TAREA FINA S.R.L. ;;;CONESA 4653 Dpto:3;Capital Federal;Sin especificar;correodecanario@gmail.com;IVA Responsable Inscripto;TAREA FINA S.R.L. ;30710864876;0;Ninguno;Pesos;0;;;;; ;
1041;Categoria 1;Habilitado;Walter Felipe;;;Lopez Serrano 2284 ;Capital Federal;Sin especificar;;Consumidor final;Walter Felipe;0;0;Ninguno;Pesos;0;;;;; ;
1042;Categoria 1;Habilitado;Adolfo Hedderich;;;;Rincón de Milberg;Sin especificar;;Consumidor final;Adolfo Hedderich;0;0;Ninguno;Pesos;0;;;;; ;
1043;Categoria 1;Habilitado;Alan Belmonte;;;Antonio Toro 1321;Pilar;Sin especificar;;Consumidor final;Alan Belmonte;0;0;Ninguno;Pesos;0;;;;; ;
1044;Categoria 1;Habilitado;Antonella De Marchi;;;Araoz 906;Capital Federal;Sin especificar;;Consumidor final;Antonella De Marchi;0;0;Ninguno;Pesos;0;;;;; ;
1045;Categoria 1;Habilitado;MAGNACCA DIEGO ALBERTO;;;alfonsina Storni 6965;Jose Leon Suarez;Sin especificar;diego@muni-o.com;IVA Responsable Inscripto;MAGNACCA DIEGO ALBERTO;20254267504;0;Ninguno;Pesos;0;;;;; ;
1046;Categoria 1;Habilitado;BUSSO JAVIER HORACIO;;;MAIPU 856 Dpto:0;VENADO TUERTO;Sin especificar;javier.corporizando@gmail.com;IVA Responsable Inscripto;BUSSO JAVIER HORACIO;20233924688;0;Ninguno;Pesos;0;;;;; ;
1047;Categoria 1;Habilitado;DODARO ALFREDO ARIEL;;;INCLAN 3248;Capital Federal;Sin especificar;Info@dodaro.com.ar;IVA Responsable Inscripto;DODARO ALFREDO ARIEL;20233744728;0;Ninguno;Pesos;0;;;;; ;
1048;Categoria 1;Habilitado;Alejandra Ochoa;;;120 NRO 2528 e. 83 y 84. Villa Elvira;La plata;Sin especificar;;Consumidor final;Alejandra Ochoa;0;0;Ninguno;Pesos;0;;;;; ;
1049;Categoria 1;Habilitado;PEREZ, LUIS ALBERTO;Luis perez;+54 9 2994 19-8180;9 DE JULIO 472;CIPOLLETTI;Río Negro;;Responsable Monotributo;PEREZ, LUIS ALBERTO;20339188042;33918804;DNI;Pesos;0;;;;;CP.8332;
1050;Categoria 1;Habilitado;PDP Letreros;Eva Porcel de Peralta;;La Rioja 471;Benito Juarez;Sin especificar;evaporcel087179@gmail.com;Consumidor final;PDP Letreros;0;0;Ninguno;Pesos;0;;;;; ;
1051;Categoria 1;Habilitado;RODRIGUEZ MARIELA CRISTINA;;2966459035;MARIANO MORENO 565;RIO GALLEGOS;Sin especificar;;IVA Responsable Inscripto;RODRIGUEZ MARIELA CRISTINA;27186184217;0;Ninguno;Pesos;0;;;;; ;
1052;Categoria 1;Habilitado;SOLUCIONES QUIMICAS S.A-OS.LO ARGENTINA S.A.-MANTELECTRIC I.;;;MAIPU 1252 Piso:7;Capital Federal;Sin especificar;fbl@utesumideros.com.ar;IVA Responsable Inscripto;SOLUCIONES QUIMICAS S.A-OS.LO ARGENTINA S.A.-MANTELECTRIC I.C.I.S.A. UTE;30715112082;0;Ninguno;Pesos;0;;;;; ;
1053;Categoria 1;Habilitado;Diego Amor;Ladybird Diego;+54 9 2214 54-5729;24 1777;LA PLATA SUDESTE CALLE 50 AMBAS VEREDAS;Buenos Aires;;IVA Responsable Inscripto;AMOR, DIEGO HERNAN;20309585594;0;Ninguno;Pesos;0;;;;; ;
1054;Categoria 1;Habilitado;Rodrigo Rps Grafica;;;Libertad 5325 Entre San Lorenzo y Lamadrid;Villa Ballester;Sin especificar;;Consumidor final;Rodrigo Rps Grafica;0;0;Ninguno;Pesos;0;;;;; ;
1055;Categoria 1;Habilitado;EPSILON BS S.R.L.;;;AVELLANEDA AV. 116 - BARRIO : CABALLITO;Capital Federal;Sin especificar;;IVA Responsable Inscripto;EPSILON BS S.R.L.;30711663726;0;Ninguno;Pesos;0;;;;; ;
1056;Categoria 1;Habilitado;SEBASTIAN GARCIA;;;;9 de julio;Sin especificar;;Consumidor final;SEBASTIAN GARCIA;0;0;Ninguno;Pesos;0;;;;; ;
1057;Categoria 1;Habilitado;Rocca Silvana;;;Inclan 3283;Capital Federal;Sin especificar;info@mundovichi.com.ar;Responsable Monotributo;Rocca Silvana;27225474716;0;Ninguno;Pesos;0;;;;; ;
1058;Categoria 1;Habilitado;Deisy Scasso;;;Calle 20 N°787 ;Navarro;Sin especificar;;Consumidor final;Deisy Scasso;0;0;Ninguno;Pesos;0;;;;; ;
1059;Categoria 1;Habilitado;COMESAÑA RICARDO ALBERTO;;;61 219;La plata;Sin especificar;ricardo@quasars.com.ar;IVA Responsable Inscripto;COMESAÑA RICARDO ALBERTO;20086295211;0;Ninguno;Pesos;0;;;;; ;
1060;Categoria 1;Habilitado;OCN S.A.;;1123267448;GARAY 3025;Merlo;Sin especificar;administracion@ocnsurf.com.ar;IVA Responsable Inscripto;OCN S.A.;30709630896;0;Ninguno;Pesos;0;;;;; ;
1061;Categoria 1;Habilitado;TRIBUCREATIVA S.R.L.;Damian;+54 9 11 6817-7825;CHILAVERT M. CNEL. 1112;Capital Federal;Sin especificar;hhvvidan@gmail.com;IVA Responsable Inscripto;TRIBUCREATIVA S.R.L.;33711414849;0;Ninguno;Pesos;0;;;;; ;
1062;Categoria 1;Habilitado;Enzo Monaco ;Natalia Tamames;;Pehuajó - Eduarda mansilla 898;Buenos Aires;Sin especificar;;Consumidor final;Enzo Monaco ;0;0;Ninguno;Pesos;0;;;;; ;
1063;Categoria 1;Habilitado;Wale Servicios Gráficos SRL;;49017255;Rosario 825 Local 29;Capital Federal;Sin especificar;alejandromokotoff@gmail.com;IVA Responsable Inscripto;Wale Servicios Gráficos SRL;30715416766;0;Ninguno;Pesos;0;;;;; ;
1064;Categoria 1;Habilitado;LISA DE TUCUMAN;;;;SAN MIGUEL DE TUCUMAN;Sin especificar;;Consumidor final;LISA DE TUCUMAN;0;0;Ninguno;Pesos;0;;;;; ;
1065;Categoria 1;Habilitado;KRUSZYN RUBEN;;;CAMARGO 842;Capital Federal;Sin especificar;1972rbn@gmail.com;IVA Responsable Inscripto;KRUSZYN RUBEN;20224110759;0;Ninguno;Pesos;0;;;;; ;
1066;Categoria 1;Habilitado;Nicolas Agustin Ferragut;;;M. Mascardi 845;SAN MARTIN DE LOS ANDES;Sin especificar;;Consumidor final;Nicolas Agustin Ferragut;20339423289;0;Ninguno;Pesos;0;;;;; ;
1067;Categoria 1;Habilitado;GABRIELA VASQUEZ;;;estanislao san zeballos 4821;Capital Federal;Sin especificar;Info@jantotienda.com.ar;Consumidor final;GABRIELA VASQUEZ;0;0;Ninguno;Pesos;0;;;;; ;
1068;Categoria 1;Habilitado;LEANDRO AGEITOS;;;damaso larañaga 602 3.c. (entre bragado y tapalque);Lomas de mirador;Sin especificar;;Consumidor final;LEANDRO AGEITOS;0;0;Ninguno;Pesos;0;;;;; ;
1069;Categoria 1;Habilitado;FAPITALLE MAXIMILIANO;;;Humboltd 775;Bahia Blanca;Buenos Aires;;Consumidor final;FAPITALLE MAXIMILIANO;0;31063460;DNI;Pesos;0;;;;; ;
1070;Categoria 1;Habilitado;Maria Eugenia bidal;;;Ayacucho 1454;Capital Federal;Sin especificar;;Consumidor final;Maria Eugenia bidal;0;0;Ninguno;Pesos;0;;;;; ;
1071;Categoria 1;Habilitado;SAMBRAN DANIEL ANTONIO;;;RAMON FALCON 2624;Capital Federal;Sin especificar;compras@herrajessanjose.com.ar;IVA Responsable Inscripto;SAMBRAN DANIEL ANTONIO;20178106059;0;Ninguno;Pesos;0;;;;; ;
1072;Categoria 1;Habilitado;CE&H S.R.L.;;;ROSETI 1360;Capital Federal;Sin especificar;cinthia.mareco@construir24.com.ar;IVA Responsable Inscripto;CE&H S.R.L.;30708212098;0;Ninguno;Pesos;0;;;;; ;
1073;Categoria 1;Habilitado;FERNANDO LUERES  ;;;Buenos Aires 199;HUMAHUACA;Sin especificar;;Consumidor final;FERNANDO LUERES  ;0;35309956;DNI;Pesos;0;;;;; ;
1074;Categoria 1;Habilitado;ALVAREZ GRACIELA;;;FORMOSA 20;Santa Rosa;Sin especificar;greicy@cpenet.com.ar;Responsable Monotributo;ALVAREZ GRACIELA;27130596954;0;Ninguno;Pesos;0;;;;; ;
1075;Categoria 1;Habilitado;Javier Ravaschio;;;AGUERO 2321;MUNRO;Buenos Aires;;IVA Responsable Inscripto;LOZANO, MELANIA SOLEDAD;27319701201;0;Ninguno;Pesos;0;;;;; ;
1076;Categoria 1;Habilitado;Jose Stietz;;;Alvear 578 ;EZEIZA;Sin especificar;;Consumidor final;Jose Stietz;0;0;Ninguno;Pesos;0;;;;; ;
1077;Categoria 1;Habilitado;FRANCO JORGE DANIEL;;;SALTA 430;Azul;Sin especificar;;Responsable Monotributo;FRANCO JORGE DANIEL;20299795048;0;Ninguno;Pesos;0;;;;; ;
1078;Categoria 1;Habilitado;Damian Fernandez;;;Machado 8878 entre Jujuy y Mansilla loma hermosa partido de 3 febrero;Buenos Aires;Sin especificar;;Consumidor final;Damian Fernandez;0;0;Ninguno;Pesos;0;;;;; ;
1079;Categoria 1;Habilitado;BEM SRL;;;NICOMEDES CASTRO 627;POSADAS;Misiones;raulerrecaborde@gmail.com;IVA Responsable Inscripto;BEM SRL;30714923753;0;Ninguno;Pesos;0;;;;; ;
1080;Categoria 1;Habilitado;GRAFICA 19 GABRIELA;Gabriela;+54 9 11 6115-8209;NOGOYA 4098 5°A;Capital Federal;Sin especificar;;Consumidor final;GRAFICA 19 GABRIELA;0;0;Ninguno;Pesos;0;;;;; ;
1081;Categoria 1;Habilitado;Marcos Garcia;JPG DESIGN;;San Lorenzo 1096;Realico;Sin especificar;;Consumidor final;Marcos Garcia;0;35353834;DNI;Pesos;0;;;;; ;
1082;Categoria 1;Habilitado;BERTONE GUILLERMO MARTIN;;;PROGRESO 1583;SAN AGUSTIN;Sin especificar;guillebertone@hotmail.com;Responsable Monotributo;BERTONE GUILLERMO MARTIN;20331335356;0;Ninguno;Pesos;0;;;;; ;
1083;Categoria 1;Habilitado;ESTUDIO LASER SA;;52353211 int 205;TUCUMAN 1757;Capital Federal;Sin especificar;info@estudiolaser.com.ar;IVA Responsable Inscripto;ESTUDIO LASER SA;30677762272;0;Ninguno;Pesos;0;;;;; ;
1084;Categoria 1;Habilitado;VECTOR SRL;;;AV. TEHUELCHES 590;Comodoro Rivadavia ;Sin especificar;vectormazzoni@speedy.com.ar;IVA Responsable Inscripto;VECTOR SRL;30714317705;0;Ninguno;Pesos;0;;;;; ;
1085;Categoria 1;Habilitado;EN BOCA DE TODOS;;;CALLE 529 3402;CENTRO AGRICOLA EL PATO;Sin especificar;shanu.fa@live.com.ar;IVA Responsable Inscripto;EN BOCA DE TODOS;33716496479;0;Ninguno;Pesos;0;;;;; ;
1086;Categoria 1;Habilitado;GRUPO DIKOCH SRL (costalux sidermar);nardulli Andrea (costalux sidermar);+54 9 2257 52-5719;RUTA 11 KM344 ;Mar de Ajo;Sin especificar;info@costalux.com.ar;IVA Responsable Inscripto;GRUPO DIKOCH SRL;30714878391;0;Ninguno;Pesos;0;;<p>TRANSPORTE: &nbsp VIA CARGO A TERMINAL</p><p>A NOMBRE DE Nardulli Andrea</p><p><br></p>;;; ;
1087;Categoria 1;Habilitado;Roman Harosteguy;;;Calle 59 n826 entre 11 y 12 ( local basset);La plata;Sin especificar;;Consumidor final;Roman Harosteguy;0;0;Ninguno;Pesos;0;;;;; ;
1088;Categoria 1;Habilitado;Maida Aviña Acuña;;;157 número 901 entre 9 y 10;Berazategui;Sin especificar;;Consumidor final;Maida Aviña Acuña;0;0;Ninguno;Pesos;0;;;;; ;
1089;Categoria 1;Habilitado;Aldo Lopez;;;Retiro en Terminal;POSADAS;Misiones;;Consumidor final;Aldo Lopez;0;26871840;DNI;Pesos;0;;;;; ;
1090;Categoria 1;Habilitado;RUDA CINE S.R.L.;;;HONDURAS 4059 Piso:2 Dpto:6;Capital Federal;Sin especificar;viatagle@gmail.com;IVA Responsable Inscripto;RUDA CINE S.R.L.;30714712086;0;Ninguno;Pesos;0;;;;; ;
1091;Categoria 1;Habilitado;MARIO STAWSKI;;;AV RICARDO BALBIN 1633;SAN MARTIN;Sin especificar;info@dksargentina.com.ar;IVA Responsable Inscripto;MARIO STAWSKI;20082695282;0;Ninguno;Pesos;0;;;;; ;
1092;Categoria 1;Habilitado;INTERMEDIOS DISEÑOS Y CARTELERIA DE MIRNA KEMPE Y GABRIEL AL;;;MANZANA 1 PARCELA 19 - BARRIO : VICTOR ARRUDI NUEVO;Charata;Sin especificar;intermediosdg@gmail.com;IVA Responsable Inscripto;INTERMEDIOS DISEÑOS Y CARTELERIA DE MIRNA KEMPE Y GABRIEL ALEGRE;30715858963;0;Ninguno;Pesos;0;;;;; ;
1093;Categoria 1;Habilitado;IDUS S.A.;;;RONDEAU 3023 Piso:1;Capital Federal;Sin especificar;consultas.twostrokes@hotmail.com;IVA Responsable Inscripto;IDUS S.A.;30712279121;0;Ninguno;Pesos;0;;;;; ;
1094;Categoria 1;Habilitado;FACHA S.R.L;;;SERRANO 73;Capital Federal;Sin especificar;santi.lps@gmail.com;IVA Responsable Inscripto;FACHA S.R.L;30715810952;0;Ninguno;Pesos;0;;;;; ;
1095;Categoria 1;Habilitado;Birge Leandro;;;calle 35 N°711 1/2 piso 1- depto A;La plata;Sin especificar;;Consumidor final;Birge Leandro;0;0;Ninguno;Pesos;0;;;;; ;
1096;Categoria 1;Habilitado;NENDO DANGO SRL;;;BILLINGHURST 2325;Capital Federal;Sin especificar;andrea@estudiocumbre.com.ar;IVA Responsable Inscripto;NENDO DANGO SRL;30715359843;0;Ninguno;Pesos;0;;;;; ;
1097;Categoria 1;Deshabilitado;;;;;Rincón de Milberg;Sin especificar;;Consumidor final;Erica Scalora;0;0;Ninguno;Pesos;0;;;;; ;
1098;Categoria 1;Habilitado;CAMPOS MIGUEL ANGEL;SAKE PRINT FACTURA CON ESTE A VECES;;CHIVILCOY 3234;Capital Federal;Sin especificar;;Responsable Monotributo;CAMPOS MIGUEL ANGEL;20044364094;0;Ninguno;Pesos;0;;;;; ;
1099;Categoria 1;Habilitado;Omar de Legendario;;;Pumacahua 175 Piso 4 B;Capital Federal;Sin especificar;;Consumidor final;Omar de Legendario;0;0;Ninguno;Pesos;0;;;;; ;
1100;Categoria 1;Habilitado;GASTON GUZMAN;;;SAMBLAS 2633;Capital Federal;Sin especificar;;Consumidor final;GASTON GUZMAN;0;0;Ninguno;Pesos;0;;;;; ;
1101;Categoria 1;Habilitado;Luis Franco;;;Eduardo Sáenz 6845;Ciudad Evita, La Matanza;Sin especificar;;Consumidor final;Luis Franco;0;0;Ninguno;Pesos;0;;;;; ;
1102;Categoria 1;Habilitado;Estilo Urbano;;;;Ciudadela;Sin especificar;;Consumidor final;Estilo Urbano;0;0;Ninguno;Pesos;0;;;;; ;
1103;Categoria 1;Habilitado;Diego Cinalli;;;Castillo 560 Timbre Amarillo;Capital Federal;Sin especificar;;Consumidor final;Diego Cinalli;0;0;Ninguno;Pesos;0;;;;; ;
1104;Categoria 1;Habilitado;SISTEMAS MATVAL;sake print;;PARANA 552 PISO 4° 44;Capital Federal;Sin especificar;;IVA Responsable Inscripto;SISTEMAS MATVAL;30716508915;0;Ninguno;Pesos;0;;;;; ;
1105;Categoria 1;Habilitado;MARTINEZ MARCELO ALBERTO;ARIES LETREROS;;32 18347;MIRAMAR;Sin especificar;letrerosariesmiramar@hotmail.com;IVA Responsable Inscripto;MARTINEZ MARCELO ALBERTO;20167791876;0;Ninguno;Pesos;0;;;;; ;
1106;Categoria 1;Habilitado;ARIEL SUNIGA;;;;Federacion;Sin especificar;;Consumidor final;ARIEL SUNIGA;0;0;Ninguno;Pesos;0;;;;; ;
1107;Categoria 1;Habilitado;ASOCIACION AMIGOS DEL MUSEO DEL CINE PABLO CHRISTIAN DUCROS ;;;SALMUN FEIJOO JOSE A 555 Piso:2;Capital Federal;Sin especificar;vavinilo@gmail.com;Consumidor final;ASOCIACION AMIGOS DEL MUSEO DEL CINE PABLO CHRISTIAN DUCROS HICKEN ASOCIACION CIVIL ;0;0;Ninguno;Pesos;0;;;;; ;
1108;Categoria 1;Habilitado;FULL RAIL SERVICE SRL;;;URIBURU J. EVARISTO PTE. 1076 Piso:3 Dpto:22;Capital Federal;Sin especificar;jcastro.ingenieria@gmail.com;IVA Responsable Inscripto;FULL RAIL SERVICE SRL;30715123106;0;Ninguno;Pesos;0;;;;; ;
1109;Categoria 1;Habilitado;CAMPO LUCAS OSCAR;;;AV. GAONA 2073;Ramos Mejia;Sin especificar;;IVA Responsable Inscripto;CAMPO LUCAS OSCAR;20369214366;0;Ninguno;Pesos;0;;;;; ;
1110;Categoria 1;Habilitado;Gabriela Muzotto;;;Piedrabuena 872 entre Aráoz y pasaje Carranza villa Adelina;Villa Adelina;Sin especificar;;Consumidor final;Gabriela Muzotto;0;0;Ninguno;Pesos;0;;;;; ;
1111;Categoria 1;Habilitado;CABLING Y NETWORKING DE ARGENTINA S A;;;ALVAREZ DONATO TTE.G 1401;Capital Federal;Sin especificar;;IVA Responsable Inscripto;CABLING Y NETWORKING DE ARGENTINA S A;33707304419;0;Ninguno;Pesos;0;;;;; ;
1112;Categoria 1;Habilitado;CANOVA PABLO ANDRES Y AGUIRRE LEANDRO JOSE SH;;;COLOMBRES 257 Piso:4 Dpto:B;Capital Federal;Sin especificar;pablocanova@gmail.com;IVA Responsable Inscripto;CANOVA PABLO ANDRES Y AGUIRRE LEANDRO JOSE SH;30711733740;0;Ninguno;Pesos;0;;;;; ;
1113;Categoria 1;Habilitado;Letracartel;;;Holacha 1785;Capital Federal;Sin especificar;;Responsable Monotributo;Letracartel;20204425737;0;Ninguno;Pesos;0;;;;; ;
1114;Categoria 1;Habilitado;SAIZAR ALEX RAUL;;;MORENO 3012;SALADILLO;Sin especificar;;Responsable Monotributo;SAIZAR ALEX RAUL;20362589593;0;Ninguno;Pesos;0;;;;; ;
1115;Categoria 1;Habilitado;CRUDO FILMS SRL;;;AV. SANTA MARIA 6649 Piso:1 Dpto:10 T:D;Rincón de Milberg;Sin especificar;;IVA Responsable Inscripto;CRUDO FILMS SRL;30714019186;0;Ninguno;Pesos;0;;;;; ;
1116;Categoria 1;Habilitado;ACOSTA EDUARDO ALBERTO;Maria Acosta A7 grafica;+54 9 11 3688-9175;INDEPENDENCIA AV. 3459;Capital Federal;Sin especificar;a7grafica@gmail.com;IVA Responsable Inscripto;ACOSTA EDUARDO ALBERTO;20146796657;0;Ninguno;Pesos;0;;;;; ;
1117;Categoria 1;Habilitado;XIMENA RODRIGUEZ;;;galicia 1940;Capital Federal;Sin especificar;;Consumidor final;XIMENA RODRIGUEZ;0;25556971;DNI;Pesos;0;;;;; ;
1118;Categoria 1;Habilitado;Federico Martinez;;;;Pueblo Esther;Sin especificar;;Consumidor final;Federico Martinez;0;0;Ninguno;Pesos;0;;;;; ;
1119;Categoria 1;Habilitado;Oscar Garcia Mascky;;;Avda. 31 # 1562 entre 64 y 65;La plata;Sin especificar;;Consumidor final;Oscar Garcia Mascky;0;0;Ninguno;Pesos;0;;;;; ;
1120;Categoria 1;Habilitado;Grafimanias;Julio Grafimanias;+54 9 11 4537-3308;Jorge Newvery 4568;Capital Federal;Sin especificar;;Consumidor final;Grafimanias;0;0;Ninguno;Pesos;0;;;;; ;
1121;Categoria 1;Habilitado;Christian Costantini;;;Stephenson 2828;Chacarita;Sin especificar;;Consumidor final;Christian Costantini;0;14680821;DNI;Pesos;0;;;;; ;
1122;Categoria 1;Habilitado;Gomez Matias;;;Ramon Falcon 4645;Capital Federal;Sin especificar;;Consumidor final;Gomez Matias;0;0;Ninguno;Pesos;0;;;;; ;
1123;Categoria 1;Habilitado;VELAZQUEZ RAUL ORLANDO;;;SAAVEDRA 980;LA PAZ;Sin especificar;imprentacrear@hotmail.com;IVA Responsable Inscripto;VELAZQUEZ RAUL ORLANDO;20125559620;0;Ninguno;Pesos;0;;;;; ;
1124;Categoria 1;Habilitado;Geronimo Barrionuevo;;;Salta 3927;San justo;Sin especificar;geroparaspam@gmail.com;Consumidor final;Geronimo Barrionuevo;0;0;Ninguno;Pesos;0;;;;; ;
1125;Categoria 1;Habilitado;Jose Luis Miranda;;;Barrio convivir casa 18;28 de Noviembre;Sin especificar;lo3men28@gmail.com;Consumidor final;Jose Luis Miranda;0;0;Ninguno;Pesos;0;;;;; ;
1126;Categoria 1;Habilitado;Carlos Gustavo Vergara;;;Laguna del desierto ? 820 ( entre 25 de mayo y Colón);Ciudad de Perito Moreno;Sin especificar;;Consumidor final;Carlos Gustavo Vergara;0;0;Ninguno;Pesos;0;;;;; ;
1127;Categoria 1;Habilitado;OFFICEXPERTS SRL;;;MONTEVIDEO 418 Piso:11;Capital Federal;Sin especificar;;IVA Responsable Inscripto;OFFICEXPERTS SRL;30708387114;0;Ninguno;Pesos;0;;;;; ;
1128;Categoria 1;Habilitado;LAGUIA MARIA LORENA;;;VICENTE LOPEZ 3068;Villa Ballester;Sin especificar;lorenalaguia@gmail.com;Responsable Monotributo;LAGUIA MARIA LORENA;27240612858;0;Ninguno;Pesos;0;;;;; ;
1129;Categoria 1;Habilitado;VINCULACION SA;;;MOREAU DE JUSTO A.AV 1052;Capital Federal;Sin especificar;;IVA Responsable Inscripto;VINCULACION SA;30693518861;0;Ninguno;Pesos;0;;;;; ;
1130;Categoria 1;Habilitado;JUNGBLUTH SUAREZ GERMAN GABRIEL;;;FOURNIER 3052 Piso:2 Dpto:c;Capital Federal;Sin especificar;germanjungbluth@gmail.com;IVA Responsable Inscripto;JUNGBLUTH SUAREZ GERMAN GABRIEL;20950739100;0;Ninguno;Pesos;0;;;;; ;
1131;Categoria 1;Deshabilitado;PUNTO Y COMA PUBLICIDAD INTEGRAL S.A.;Milton Peifer;+54 9 11 2697-4045;DEAN FUNES GREGORIO 5194 - BARRIO : SOURDEAUX;INGENIERO ADOLFO SOURDEAUX ;Sin especificar;administracion@puntoycomaweb.com.ar;IVA Responsable Inscripto;PUNTO Y COMA PUBLICIDAD INTEGRAL S.A.;30715160982;0;Ninguno;Pesos;0;;;;; ;
1133;Categoria 1;Habilitado;Mamá Hungara Cine SA;;;Santa 1611 Piso 7;Capital Federal;Sin especificar;;IVA Responsable Inscripto;Mamá Hungara Cine SA;30714855561;0;Ninguno;Pesos;0;;;;; ;
1134;Categoria 1;Habilitado;JUAN LASTIRI;;;Donovan 854;FEDERAL;Sin especificar;;Consumidor final;JUAN LASTIRI;0;30393862;DNI;Pesos;0;;;;; ;
1135;Categoria 1;Habilitado;Marcelo Alarcon;;24027078;Calle 8 N 675;Las Toscas;Sin especificar;;Consumidor final;Marcelo Alarcon;0;0;Ninguno;Pesos;0;;;;; ;
1136;Categoria 1;Habilitado;NESTOR JESUS MEHRING;;03404-461564;GÜEMES 386;SAN JERONIMO NORTE;Sin especificar;;Consumidor final;NESTOR JESUS MEHRING;0;0;Ninguno;Pesos;0;;;;; ;
1137;Categoria 1;Habilitado;SCODELLARI GERMAN SANTIAGO;Nestor Jesus Mehring;;Guemes 386;SAN JERONIMO NORTE;Sin especificar;nestormehring@gmail.com;IVA Responsable Inscripto;SCODELLARI GERMAN SANTIAGO;20223451439;0;Ninguno;Pesos;0;;;;; ;
1138;Categoria 1;Habilitado;NAHUEL MASSACHESSI;;;Calle 26 n 380 e 39 y 40;La plata;Sin especificar;;Consumidor final;NAHUEL MASSACHESSI;0;0;Ninguno;Pesos;0;;;;; ;
1139;Categoria 1;Habilitado;BERSANINI ONETO RODRIGO IÑIGO;;42625782;MENDOZA 2529;Lanus Oeste;Sin especificar;zonagrafika@speedy.com.ar;IVA Responsable Inscripto;BERSANINI ONETO RODRIGO IÑIGO;20256759137;0;Ninguno;Pesos;0;;;;; ;
1140;Categoria 1;Habilitado;JUAN MANUEL FELIPPELLI;;;RODOLFO LOPEZ 982;Quilmes;Sin especificar;;Responsable Monotributo;JUAN MANUEL FELIPPELLI;24301376630;0;Ninguno;Pesos;0;;;;; ;
1141;Categoria 1;Habilitado;Dinajo Integraciones SRL;;;Miro 810 1A;Capital Federal;Sin especificar;diegocarrilm@hotmail.com;IVA Responsable Inscripto;Dinajo Integraciones SRL;30714297275;0;Ninguno;Pesos;0;;;;; ;
1142;Categoria 1;Habilitado;Nicolas Distefano;;;;9 de julio;Sin especificar;;Consumidor final;Nicolas Distefano;0;0;Ninguno;Pesos;0;;;;; ;
1143;Categoria 1;Habilitado;SETUP COMUNICACION S.R.L.;;;AZCUENAGA 555 Piso:1 Dpto:A;Capital Federal;Sin especificar;grafikpinamar@gmail.com;IVA Responsable Inscripto;SETUP COMUNICACION S.R.L.;30710236166;0;Ninguno;Pesos;0;;;;; ;
1144;Categoria 1;Habilitado;IMAGEN SATELITAL SA;;;DEFENSA 599 Piso:2;Capital Federal;Sin especificar;juanminodelacruz@gmail.com;IVA Responsable Inscripto;IMAGEN SATELITAL SA;30692273725;0;Ninguno;Pesos;0;;;;; ;
1145;Categoria 1;Habilitado;Vinyl Patagonia;;;;Rincón de Milberg;Sin especificar;;Consumidor final;Vinyl Patagonia;0;0;Ninguno;Pesos;0;;;;; ;
1146;Categoria 1;Habilitado;MARIA CRUZ ORTEGA;;;Intendente Witcomb 2504;Villa Ballester;Sin especificar;;Consumidor final;MARIA CRUZ ORTEGA;0;0;Ninguno;Pesos;0;;;;; ;
1147;Categoria 1;Habilitado;SIMON MARTINEZ ZUVIRIA;;;CALLE 21 ENTRE 461 BIS Y 462 N°1375;City Bell;Sin especificar;;Consumidor final;SIMON MARTINEZ ZUVIRIA;0;0;Ninguno;Pesos;0;;;;; ;
1148;Categoria 1;Habilitado;BASSET AEROBICA SRL;;;Arevalo 2878, caba;Capital Federal;Sin especificar;Administracion@basset.com.ar;IVA Responsable Inscripto;BASSET AEROBICA SRL;30656774858;0;Ninguno;Pesos;0;;;;; ;
1149;Categoria 1;Habilitado;Barcia Nicolas;;;;SAN MARTIN;Sin especificar;;Consumidor final;Barcia Nicolas;0;0;Ninguno;Pesos;0;;;;; ;
1150;Categoria 1;Habilitado;FERNANDO IGLESIAS;;;GUEMES 725;San Pedro;Sin especificar;;Consumidor final;FERNANDO IGLESIAS;0;0;Ninguno;Pesos;0;;;;; ;
1151;Categoria 1;Habilitado;Gaston Pablo pirola;re pirolas;;Boulevard 82 n°535 entre 27 y 28;La plata;Sin especificar;;Consumidor final;Gaston Pablo pirola;0;0;Ninguno;Pesos;0;;;;; ;
1152;Categoria 1;Habilitado;Alexis Michel Blanco;;;Gavazzi 169 Dto G;Campana;Sin especificar;alexis__blanco@hotmail.com;Consumidor final;Alexis Michel Blanco;0;0;Ninguno;Pesos;0;;;;; ;
1153;Categoria 1;Habilitado;MIGUEL ACARAPY;;;AV NAZCA 1253 TIMBRE 5;Capital Federal;Sin especificar;;Consumidor final;MIGUEL ACARAPY;0;0;Ninguno;Pesos;0;;;;; ;
1154;Categoria 1;Habilitado;ROBERTO BERGHMANS;;;YATAY 382;Capital Federal;Sin especificar;info@letravision.com;IVA Responsable Inscripto;ROBERTO BERGHMANS;20253852594;0;Ninguno;Pesos;0;;;;; ;
1155;Categoria 1;Habilitado;GUTIERREZ AYELEN;;;SANTIAGO DEL ESTERO 565;Loma Hermosa;Sin especificar;almendragutierrez@live.com;Responsable Monotributo;GUTIERREZ AYELEN;27361654779;0;Ninguno;Pesos;0;;;;; ;
1156;Categoria 1;Habilitado;ROBERTO RESSIA;;;PREFECTURA NAVAL 813;Rio Grande;Sin especificar;sublimate2017@hotmail.com;Responsable Monotributo;ROBERTO RESSIA;20238357455;0;Ninguno;Pesos;0;;;;; ;
1157;Categoria 1;Habilitado;LEANDRO SARTAL;;;LOS RESEROS 223;VILLA LUZURIAGA;Sin especificar;;Consumidor final;LEANDRO SARTAL;0;0;Ninguno;Pesos;0;;;;; ;
1158;Categoria 1;Habilitado;Nadia Ramos;;;Villegas 419;General Conesa;Sin especificar;;Consumidor final;Nadia Ramos;0;0;Ninguno;Pesos;0;;;;; ;
1159;Categoria 1;Habilitado;EMANUEL BRIOZZO;;;AV DE LAS AMERICAS 2330;Parana;Sin especificar;;Consumidor final;EMANUEL BRIOZZO;0;0;Ninguno;Pesos;0;;;;; ;
1160;Categoria 1;Habilitado;ALVAREZ MANUEL GUILLERMO ;;;CALLE 9 N°479;La plata;Sin especificar;;IVA Responsable Inscripto;ALVAREZ MANUEL GUILLERMO ;20215190081;0;Ninguno;Pesos;0;;;;; ;
1161;Categoria 1;Habilitado;PABLO DOMINGUEZ;;;;Balcarce;Sin especificar;;Consumidor final;PABLO DOMINGUEZ;0;0;Ninguno;Pesos;0;;;;; ;
1162;Categoria 1;Habilitado;EUGENIA BONA;;;Rosario 552 PB B;Capital Federal;Sin especificar;;Consumidor final;EUGENIA BONA;0;0;Ninguno;Pesos;0;;;;; ;
1163;Categoria 1;Habilitado;INSTRUMENTAL FAMATER SRL;;;Coronel Dorrego 947;Lomas de mirador;Sin especificar;robertobitler@hotmail.com;IVA Responsable Inscripto;INSTRUMENTAL FAMATER SRL;30707992308;0;Ninguno;Pesos;0;;;;; ;
1164;Categoria 1;Habilitado;ALDERETE CARLOS RODRIGO EZEQUIEL;;;BARRIO 20 DE FEBRERO 0  DEPTO 9 M 6 A;San Ramon de la Nueva Oran;Sin especificar;;Responsable Monotributo;ALDERETE CARLOS RODRIGO EZEQUIEL;20351345838;0;Ninguno;Pesos;0;;;;; ;
1165;Categoria 1;Habilitado;WALTER XARRIER;;;;San Antonio de Padua;Sin especificar;;Consumidor final;WALTER XARRIER;0;0;Ninguno;Pesos;0;;;;; ;
1166;Categoria 1;Habilitado;Leonardo Lombardo;Leo digito A;+54 9 11 6232-1875;Artigas 2848 6to A;Capital Federal;Sin especificar;leo@oxigenox2.com.ar;IVA Responsable Inscripto;Leonardo Lombardo;20314071930;0;Ninguno;Pesos;0;;;;; ;
1167;Categoria 1;Habilitado;ROGELIO FERNANDO LENCINA;;;Gral José De San Martín 1690;El Dorado;Sin especificar;;Consumidor final;ROGELIO FERNANDO LENCINA;0;0;Ninguno;Pesos;0;;;;; ;
1168;Categoria 1;Habilitado;MINUCHIN MARTA LILIANA;;0221-4825399;CALLE 7 N°1135;La plata;Sin especificar;;IVA Responsable Inscripto;MINUCHIN MARTA LILIANA;27059682968;0;Ninguno;Pesos;0;;;;; ;
1169;Categoria 1;Habilitado;LUCAS MANSILLA;;;;Comodoro Rivadavia ;Sin especificar;;Consumidor final;LUCAS MANSILLA;0;36719081;DNI;Pesos;0;;;;; ;
1170;Categoria 1;Habilitado;ELIZABETH RAMOS;;;;Avellaneda;Sin especificar;;Consumidor final;ELIZABETH RAMOS;0;0;Ninguno;Pesos;0;;;;; ;
1171;Categoria 1;Habilitado;Pablo Gomez;;;Gobernador Vernet 510;Vicente lopez;Sin especificar;;Consumidor final;Pablo Gomez;0;29393561;DNI;Pesos;0;;;;; ;
1172;Categoria 1;Habilitado;MYRIAN MIRO;;;FLORIDA 537 ;Capital Federal;Sin especificar;;IVA Responsable Inscripto;MYRIAN MIRO;27231113040;0;Ninguno;Pesos;0;;;;; ;
1173;Categoria 1;Habilitado;DALO POR HECHO SA;agus;+54 9 2216 75-2340;ENTRE RIOS 314;Quilmes;Sin especificar;sebastian@hechoic.com.ar;IVA Responsable Inscripto;DALO POR HECHO SA;30710754086;0;Ninguno;Pesos;0;;;;; ;
1174;Categoria 1;Habilitado;SILVIA TOJO;;;GRAL ALVAREZ 853;BERNAL;Sin especificar;;Consumidor final;SILVIA TOJO;0;0;Ninguno;Pesos;0;;;;; ;
1175;Categoria 1;Habilitado;Andrea Pérez.;;;Araujo 1159. depto 7. (Entre bragado y tapalque);Mataderos;Sin especificar;;Consumidor final;Andrea Pérez.;0;0;Ninguno;Pesos;0;;;;; ;
1176;Categoria 1;Habilitado;FERNANDO PABLO MARTINI;;;AV INDEPENDENCIA 3445;Capital Federal;Sin especificar;;Responsable Monotributo;FERNANDO PABLO MARTINI;20231239287;0;Ninguno;Pesos;0;;;;; ;
1177;Categoria 1;Habilitado;RICHEZZA BEATRIZ CELIA;;;Venezuela 1670 entre solis y cevallos ;Capital Federal;Sin especificar;mjp.intron@gmail.com;IVA Responsable Inscripto;RICHEZZA BEATRIZ CELIA;27114091206;0;Ninguno;Pesos;0;;;;; ;
1178;Categoria 1;Habilitado;LEANDRO ESPINDOLA;;;;Paraná;Sin especificar;;Consumidor final;LEANDRO ESPINDOLA;0;31955454;DNI;Pesos;0;;;;; ;
1179;Categoria 1;Habilitado;LUCAS PERROTTA;;;;Capital Federal;Sin especificar;;Consumidor final;LUCAS PERROTTA;0;0;Ninguno;Pesos;0;;;;; ;
1180;Categoria 1;Habilitado;BUENOS AIRES SERVICIOS DE SALUD BASA SA UTE;;;ADOLFO ALSINA 440 PISO 4 DPTO F;Capital Federal;Sin especificar;;IVA Responsable Inscripto;BUENOS AIRES SERVICIOS DE SALUD BASA SA UTE;30707959106;0;Ninguno;Pesos;0;;;;; ;
1181;Categoria 1;Habilitado;Jeremias Mollano Di Marco ;;;;Balcarce;Sin especificar;;Consumidor final;Jeremias Mollano Di Marco ;0;27856391;DNI;Pesos;0;;;;; ;
1182;Categoria 1;Habilitado;PABLO PACCO;;;ALSINA 1694;Capital Federal;Sin especificar;;Consumidor final;PABLO PACCO;0;0;Ninguno;Pesos;0;;;;; ;
1183;Categoria 1;Habilitado;Eva Porcel de Peralta;PDP Letreros;;La Rioja 471;Benito Juarez;Sin especificar;evaporcel087179@gmail.com;Consumidor final;Eva Porcel de Peralta;0;0;Ninguno;Pesos;0;;;;; ;
1184;Categoria 1;Habilitado;NICOLAS NAVARRO;;;;OLAVARRIA;Sin especificar;;Consumidor final;NICOLAS NAVARRO;0;0;Ninguno;Pesos;0;;;;; ;
1185;Categoria 1;Habilitado;Acosta Carina Paola;;;;3 de Febrero;Sin especificar;;Consumidor final;Acosta Carina Paola;0;0;Ninguno;Pesos;0;;;;; ;
1186;Categoria 1;Habilitado;ALFREDO BERISSO;Alfredo berisso;+54 9 11 5526-6292;CABILDO 30 7°B;Capital Federal;Sin especificar;;Consumidor final;ALFREDO BERISSO;0;0;Ninguno;Pesos;0;;;;; ;
1187;Categoria 1;Habilitado;Tomas Demeco;;;;Lujan;Sin especificar;;Consumidor final;Tomas Demeco;0;0;Ninguno;Pesos;0;;;;; ;
1188;Categoria 1;Habilitado;bernardo amatriain;;;;San Pedro;Sin especificar;;Consumidor final;bernardo amatriain;0;0;Ninguno;Pesos;0;;;;; ;
1189;Categoria 1;Habilitado;BAMANA SRL;;;AV LOS INMIGRANTES 1450;PCIA. R. SAENZ PEÑA ;Sin especificar;Marcosd@bamana.com.ar;IVA Responsable Inscripto;BAMANA SRL;30712275533;0;Ninguno;Pesos;0;;;;; ;
1190;Categoria 1;Habilitado;NAHUEL TRUFFA;;;CABILDO 1834;San Jose;Sin especificar;;Consumidor final;NAHUEL TRUFFA;0;0;Ninguno;Pesos;0;;;;; ;
1191;Categoria 1;Habilitado;SUSANA BATISTA;;;Calle 9 de julio 396-;EL SOBERBIO;Sin especificar;licsusanabatista@gmail.com;Consumidor final;SUSANA BATISTA;0;28552629;DNI;Pesos;0;;;;; ;
1192;Categoria 1;Habilitado;HERCAL DE JUAN CARLOS ENSE Y SANDRA ZULEMA HEIT;;;GENERAL PACHECO 2332;Don Torcuato;Sin especificar;;IVA Responsable Inscripto;HERCAL DE JUAN CARLOS ENSE Y SANDRA ZULEMA HEIT;30678524286;0;Ninguno;Pesos;0;;;;; ;
1193;Categoria 1;Habilitado;YOHANA NEIFFERT;;;LOS ANDES 389;CRESPO;Sin especificar;;Consumidor final;YOHANA NEIFFERT;0;35909075;DNI;Pesos;0;;;;; ;
1194;Categoria 1;Habilitado;SERGIO EXEQUIEL ALASINO;; 0336 - 4293446;JOSÉ HERNÁNDEZ 821;San Nicolas;Sin especificar;;IVA Responsable Inscripto;SERGIO EXEQUIEL ALASINO;20302561185;0;Ninguno;Pesos;0;;;;; ;
1195;Categoria 1;Habilitado;GOMEZ  GABRIEL MARCELO;;;ECUADOR 474 DEPTO 3;Capital Federal;Sin especificar;tallergraficoplot@yahoo.com.ar;IVA Responsable Inscripto;GOMEZ  GABRIEL MARCELO;20160556928;0;Ninguno;Pesos;0;;;;; ;
1196;Categoria 1;Habilitado;Adriana Leguizamón;;;J.J.Paso 680;Carmen de Areco;Sin especificar;leguizamon09@yahoo.com.ar;IVA Responsable Inscripto;Adriana Leguizamón;27171614525;0;Ninguno;Pesos;0;;;;; ;
1197;Categoria 1;Habilitado;ODYSI S.R.L.;;;LIBERTAD 976 Piso:1 Dpto:A;Capital Federal;Sin especificar;;IVA Responsable Inscripto;ODYSI S.R.L.;30714399078;0;Ninguno;Pesos;0;;;;; ;
1198;Categoria 1;Habilitado;MERCADO MARCELA ROMINA;;;LOYOLA 37 PB;Capital Federal;Sin especificar;gonzalo.viduido@beandbeagency.com;IVA Responsable Inscripto;MERCADO MARCELA ROMINA;27225926323;0;Ninguno;Pesos;0;;;;; ;
1199;Categoria 1;Habilitado;SILVA CASTRO DIEGO ANDRES;Diego Silva;+54 9 280 436-1027;Pje Gaucho Rivera 462;Trelew;Sin especificar;;Consumidor final;SILVA CASTRO DIEGO ANDRES;0;32801387;DNI;Pesos;0;;;;; ;
1200;Categoria 1;Habilitado;BUILDING IDEAS S.R.L.;;;ACEVEDO 758;Capital Federal;Sin especificar;Admin@building-ideas.com.ar;IVA Responsable Inscripto;BUILDING IDEAS S.R.L.;30716109654;0;Ninguno;Pesos;0;;;;; ;
1201;Categoria 1;Habilitado;bruno burgos;;;berutti 3652;Quilmes;Sin especificar;;Consumidor final;bruno burgos;0;0;Ninguno;Pesos;0;;;;; ;
1202;Categoria 1;Habilitado;Facundo Cortez;;;yrigoyen 632 - yrigoyen entre rivadavia y 9 de julio (kiosco);Pico Truncado;Sin especificar;;Consumidor final;Facundo Cortez;0;26972051;DNI;Pesos;0;;;;; ;
1203;Categoria 1;Habilitado;CONTI BENJAMIN;;;Malacara 81;Trelew;Sin especificar;;Consumidor final;CONTI BENJAMIN;0;40208656;DNI;Pesos;0;;;;; ;
1204;Categoria 1;Habilitado;marcelo d agostino;;;;San justo;Sin especificar;;Consumidor final;marcelo d agostino;0;0;Ninguno;Pesos;0;;;;; ;
1205;Categoria 1;Habilitado;jorge abraham;;;Tupungato 475;Trelew;Sin especificar;;Consumidor final;jorge abraham;0;17310571;DNI;Pesos;0;;;;; ;
1206;Categoria 1;Habilitado;YUAN ELINA SOLEDAD;;;SAN MARTIN 36;COLONIA MARINA ;Sin especificar;;Responsable Monotributo;YUAN ELINA SOLEDAD;23384795374;0;Ninguno;Pesos;0;;;;; ;
1207;Categoria 1;Habilitado;JONHELBYS OROPEZA;;;FLORIDA 927 S7N;Capital Federal;Sin especificar;;Consumidor final;JONHELBYS OROPEZA;0;95664184;DNI;Pesos;0;;;;; ;
1208;Categoria 1;Habilitado;NADIA MOYANO;;;AV ARGENTINA 173;DEAN FUNES;Sin especificar;;Consumidor final;NADIA MOYANO;0;38417457;DNI;Pesos;0;;;;; ;
1209;Categoria 1;Habilitado;GALLUCCI CESAR NERI;;;H. IRIGOYEN 147;General Conesa;Sin especificar;;IVA Responsable Inscripto;GALLUCCI CESAR NERI;33672909509;0;Ninguno;Pesos;0;;;;; ;
1210;Categoria 1;Habilitado;Mariana Trobbiani;;;;Capital Federal;Sin especificar;;Consumidor final;Mariana Trobbiani;0;31539551;DNI;Pesos;0;;;;; ;
1211;Categoria 1;Habilitado;GARBINO MATIAS;;;;LA FERRERE;Sin especificar;;Consumidor final;GARBINO MATIAS;0;0;Ninguno;Pesos;0;;;;; ;
1212;Categoria 1;Habilitado;Susana Ruiz;;;;Capital Federal;Sin especificar;;Consumidor final;Susana Ruiz;0;95781240;DNI;Pesos;0;;;;; ;
1213;Categoria 1;Habilitado;Romero Conrado;;;;CONCEPCION;Sin especificar;;Consumidor final;Romero Conrado;0;34953344;DNI;Pesos;0;;;;; ;
1214;Categoria 1;Habilitado;GANDOLFO ERRANDONEA ALEJANDRO DANIEL;;;AV. DE MAYO 819 PISO:pb DPTO:60;Capital Federal;Sin especificar;;IVA Responsable Inscripto;GANDOLFO ERRANDONEA ALEJANDRO DANIEL;20410483913;0;Ninguno;Pesos;0;;;;; ;
1215;Categoria 1;Habilitado;LA PALABRA DE DIOS SOBRE EL MUNDO ASOCIACION CIVIL;;;FERNANDEZ MORENO BALDOMERO 1231 Piso:8 Dpto:C - BARRIO : PARQUE CHACABUCO;Capital Federal;Sin especificar;;IVA Responsable Inscripto;LA PALABRA DE DIOS SOBRE EL MUNDO ASOCIACION CIVIL;30716213419;0;Ninguno;Pesos;0;;;;; ;
1216;Categoria 1;Habilitado;Emiliano Della Mora;;;Curapaligue 620;La Tablada;Sin especificar;;Consumidor final;Emiliano Della Mora;0;0;Ninguno;Pesos;0;;;;; ;
1217;Categoria 1;Habilitado;DIETRICH CLAUDIO OSVALDO;;;MENDOZA 21 PB;Villa Ballester;Sin especificar;;IVA Responsable Inscripto;DIETRICH CLAUDIO OSVALDO;20161010201;0;Ninguno;Pesos;0;;;;; ;
1218;Categoria 1;Habilitado;Guido De Conti;;;Directorio 2447 Flores;Capital Federal;Sin especificar;;Consumidor final;Guido De Conti;0;25129247;DNI;Pesos;0;;;;; ;
1219;Categoria 1;Habilitado;Matías Florio;;;Roberto Laplace 3605 ;Don Torcuato;Sin especificar;;IVA Responsable Inscripto;Matías Florio;30576154646;0;Ninguno;Pesos;0;;;;; ;
1220;Categoria 1;Habilitado;Mario Jose Diaz ;;;sarratea 2160;Ciudad Evita, La Matanza;Sin especificar;;Consumidor final;Mario Jose Diaz ;0;0;Ninguno;Pesos;0;;;;; ;
1221;Categoria 1;Habilitado;Massaccesi Andrea;;;2340 Ceres;SAN CRISTOBAL;Sin especificar;;Consumidor final;Massaccesi Andrea;0;27557170;DNI;Pesos;394617458;;;;; ;
1222;Categoria 1;Habilitado;EZEQUIEL GUTIERREZ;;;CALLE 31 ENTRE 429 Y 430 N°S/N CASA TATOO;La plata;Sin especificar;;Consumidor final;EZEQUIEL GUTIERREZ;0;0;Ninguno;Pesos;0;;;;; ;
1223;Categoria 1;Habilitado;Gerardo Giglio;;;;Puerto Madryn;Sin especificar;;Consumidor final;Gerardo Giglio;0;0;Ninguno;Pesos;0;;;;; ;
1224;Categoria 1;Habilitado;Luna Joaquín ;;;Ramírez 169;CONCORDIA;Sin especificar;;Consumidor final;Luna Joaquín ;0;0;Ninguno;Pesos;0;;;;; ;
1225;Categoria 1;Habilitado;DESARROLLO GRAFICO SRL;;;ALSINA 1694;Capital Federal;Sin especificar;impresion.gr@gmail.com;IVA Responsable Inscripto;DESARROLLO GRAFICO SRL;30714650420;0;Ninguno;Pesos;0;;;;; ;
1226;Categoria 1;Habilitado;Romina Ledesma;;;;Capital Federal;Sin especificar;;Consumidor final;Romina Ledesma;0;0;Ninguno;Pesos;0;;;;; ;
1227;Categoria 1;Habilitado;Javier Dominguez;;;Rivera Indarte 2727;San justo;Sin especificar;;Consumidor final;Javier Dominguez;0;0;Ninguno;Pesos;0;;;;; ;
1228;Categoria 1;Habilitado;IGNES YESICA PAOLA;;;;CATAMARCA;Sin especificar;;Consumidor final;IGNES YESICA PAOLA;0;32083483;DNI;Pesos;0;;;;; ;
1229;Categoria 1;Deshabilitado;Hector Sanchez;;;;Capital Federal;Sin especificar;;Consumidor final;Hector Sanchez;0;95728515;DNI;Pesos;0;;;;; ;
1230;Categoria 1;Habilitado;Sandro Kleibert;;;Rotonda ruta 14 y Av Paraguay;Aristobulo del Valle;Sin especificar;;Consumidor final;Sandro Kleibert;0;0;Ninguno;Pesos;0;;;;; ;
1231;Categoria 1;Habilitado;MARTIN GUARNA;;;;Capital Federal;Sin especificar;;Responsable Monotributo;MARTIN GUARNA;20281073185;0;Ninguno;Pesos;0;;;;; ;
1232;Categoria 1;Deshabilitado;Anima Grafica;;;MORON 3272;Sin especificar;Sin especificar;;Consumidor final;;0;0;Ninguno;Pesos;0;;;;; ;
1233;Categoria 1;Habilitado;CARTEL PROHIBIDO;;;MASSA 1296;Capital Federal;Sin especificar;;Consumidor final;CARTEL PROHIBIDO;0;0;Ninguno;Pesos;0;;;;; ;
1234;Categoria 1;Habilitado;PABLO ROGGI;;;AV DIRECTORIO 1840;Capital Federal;Sin especificar;;IVA Responsable Inscripto;PABLO ROGGI;20255590201;0;Ninguno;Pesos;0;;;;; ;
1235;Categoria 1;Habilitado;SIGNS TIME S A;;;ARTURO ILLIA 1765;BELLA VISTA;Sin especificar;Compras@ilumix.com;IVA Responsable Inscripto;SIGNS TIME S A;30658500801;0;Ninguno;Pesos;0;;;;; ;
1236;Categoria 1;Habilitado;LUCIANA ADORANTE;;;AV HIPOLITO YRIGOYEN 1469;Jose C Paz;Sin especificar;;IVA Responsable Inscripto;LUCIANA ADORANTE;27268369487;0;Ninguno;Pesos;0;;;;; ;
1237;Categoria 1;Habilitado;FEDERICO RAMOS;;;calle 57 n406 dto b entre 3 y 4;La plata;Sin especificar;;Consumidor final;FEDERICO RAMOS;0;0;Ninguno;Pesos;0;;;;; ;
1238;Categoria 1;Habilitado;LA CASA DEL ALUMINIO;;;25 de Mayo 2366;Rio Grande;Sin especificar;info@lacasadelaluminio.com.ar;Consumidor final;LA CASA DEL ALUMINIO;0;0;Ninguno;Pesos;0;;;;; ;
1239;Categoria 1;Habilitado;Braiaqn Blanco;;;;Capital Federal;Sin especificar;;Consumidor final;Braiaqn Blanco;0;0;Ninguno;Pesos;0;;;;; ;
1240;Categoria 1;Habilitado;PANOZZO ZENERE ALFREDO ;;;1 DE MAYO 3810;CHAJARI;Sin especificar;;Consumidor final;PANOZZO ZENERE ALFREDO ;0;0;Ninguno;Pesos;0;;;;; ;
1241;Categoria 1;Habilitado;DEBORA MINIÑO;;;RAMON FERNANDEZ 1476;Escobar;Sin especificar;;Consumidor final;DEBORA MINIÑO;0;0;Ninguno;Pesos;0;;;;; ;
1242;Categoria 1;Habilitado;Josefina Vetri;;;Cusco 1459;Villa Madero;Sin especificar;;IVA Responsable Inscripto;Josefina Vetri;27147393291;0;Ninguno;Pesos;0;;;;; ;
1243;Categoria 1;Habilitado;CASTRO CABRERA RICARDO MAURICIO  ;Mauricio Casto Cabrera;+54 9 2645 05-7878;GRAL. ESPEJO (ESTE) 1433;SANTA LUCIA;Sin especificar;MCGRAFICA1997@GMAIL.COM;IVA Responsable Inscripto;CASTRO CABRERA RICARDO MAURICIO  ;20269785366;0;Ninguno;Pesos;0;;;;; ;
1244;Categoria 1;Deshabilitado;HUGO DIAZ;1154723926;;El algarrobo 641 Villa de merlo ;SAN LUIS;Sin especificar;;Consumidor final;HUGO DIAZ;0;26998454;DNI;Pesos;0;;;;; ;
1245;Categoria 1;Habilitado;PARES OMAR ALBERTO Y PARES JUAN CARLOS SOC DE HECHO;Serigrafia Zouk  Libre Indumentaria;+54 9 11 5806-4704;ECHEANDIA 5446;Capital Federal;Sin especificar;;IVA Responsable Inscripto;PARES OMAR ALBERTO Y PARES JUAN CARLOS SOC DE HECHO;30696698828;0;Ninguno;Pesos;0;;;;; ;
1246;Categoria 1;Habilitado;PEREZ LEANDRO;;;Nahuel Huapi 4953 piso 9 Depto A;Capital Federal;Sin especificar;;Consumidor final;PEREZ LEANDRO;0;0;Ninguno;Pesos;0;;;;; ;
1248;Categoria 1;Habilitado;OJEDA MATIAS;;;;PUERTO DESEADO;Sin especificar;;Consumidor final;OJEDA MATIAS;0;39982862;DNI;Pesos;0;;;;; ;
1249;Categoria 1;Habilitado;Estefania Ruda Bart;;;;Capital Federal;Sin especificar;;Consumidor final;Estefania Ruda Bart;0;0;Ninguno;Pesos;0;;;;; ;
1250;Categoria 1;Habilitado;Joaquin (Paternal);;;Paternal;Capital Federal;Sin especificar;;Consumidor final;Joaquin (Paternal);0;0;Ninguno;Pesos;0;;;;; ;
1251;Categoria 1;Habilitado;Bruno Ariel Massa;punto d servicios;;;Rincón de Milberg;Sin especificar;;Consumidor final;Bruno Ariel Massa;0;0;Ninguno;Pesos;0;;;;; ;
1252;Categoria 1;Deshabilitado;MiGUEL ZAMBON ;;;;CHAJARI;Sin especificar;;Consumidor final;MIGUEL ZAMBON;20351296780;0;Ninguno;Pesos;0;;<p>Expreso Villanova</p>;;; ;
1253;Categoria 1;Habilitado;ARIEL LOPEZ;;;21 de enero n°96;Henderson;Sin especificar;;Consumidor final;ARIEL LOPEZ;0;0;Ninguno;Pesos;0;;;;; ;
1254;Categoria 1;Habilitado;Ezequiel Blanco;;;Hidalgo 670 - 3° B.;Capital Federal;Sin especificar;;Consumidor final;Ezequiel Blanco;0;0;Ninguno;Pesos;0;;;;; ;
1255;Categoria 1;Habilitado;CIAGESER SA;Fernando La Plata;+54 9 2216 36-8886;Calle 14 e/ 467 y 471 #556 City Bell;City Bell;Sin especificar;msobarzo@ciageser.com.ar;IVA Responsable Inscripto;CIAGESER SA;30707592660;0;Ninguno;Pesos;0;;;;; ;
1256;Categoria 1;Habilitado;GERARDO (FLORESTA);;;César H Bacle 3856;Rincón de Milberg;Sin especificar;;Consumidor final;GERARDO (FLORESTA);0;0;Ninguno;Pesos;0;;;;; ;
1257;Categoria 1;Habilitado;Erika Scalora;;;;Roque Pérez;Sin especificar;;Consumidor final;Erika Scalora;0;0;Ninguno;Pesos;0;;;;; ;
1258;Categoria 1;Habilitado;Fernanda o Leo;;;murguiondo 3395;Capital Federal;Sin especificar;;Consumidor final;Fernanda o Leo;0;0;Ninguno;Pesos;0;;;;; ;
1259;Categoria 1;Habilitado;Massarioli Julián;;;BEIRO FRANCISCO AV. 4700;Capital Federal;Sin especificar;;IVA Responsable Inscripto;Massarioli Julián;20283830412;0;Ninguno;Pesos;0;;;;; ;
1260;Categoria 1;Habilitado;TERESA KIPPES;;;Nazca 269 4° 14;Capital Federal;Sin especificar;;Consumidor final;TERESA KIPPES;0;0;Ninguno;Pesos;0;;;;; ;
1261;Categoria 1;Habilitado;KARINA ROSANA BENITEZ;;;Pasaje La Paz 5025 entre Pozos y Carranza..;SAN MARTIN;Sin especificar;;IVA Responsable Inscripto;KARINA ROSANA BENITEZ;27346413331;0;Ninguno;Pesos;0;;;;; ;
1262;Categoria 1;Habilitado;SANTIAGO LASTRA;;;;Olivos;Sin especificar;;Consumidor final;SANTIAGO LASTRA;0;0;Ninguno;Pesos;0;;;;; ;
1263;Categoria 1;Habilitado;AGUSTIN DE WARNES;;;;Rincón de Milberg;Sin especificar;;Consumidor final;AGUSTIN DE WARNES;0;0;Ninguno;Pesos;0;;;;; ;
1264;Categoria 1;Habilitado;MIGUEL ANGEL CASARIEGO;;;ECHEVERRIA 5936;LA FERRERE;Sin especificar;;Consumidor final;MIGUEL ANGEL CASARIEGO;0;0;Ninguno;Pesos;0;;;;; ;
1265;Categoria 1;Habilitado;Ulises Tonelli;TecnoShop Grafica;;Maipú 348;Helvecia;Sin especificar;tecnoshop348@gmail.com;Consumidor final;Ulises Tonelli;0;0;Ninguno;Pesos;0;;;;; ;
1266;Categoria 1;Habilitado;DACAR IMPRESORA SRL;;;SALOM 677;Capital Federal;Sin especificar;carmelo@dacarimpresora.com.ar;IVA Responsable Inscripto;DACAR IMPRESORA SRL;30709436747;0;Ninguno;Pesos;0;;;;; ;
1267;Categoria 1;Habilitado;Fernando Avakyan;;;Acuña de Figueroa 473;Capital Federal;Sin especificar;;Consumidor final;Fernando Avakyan;0;0;Ninguno;Pesos;0;;;;; ;
1268;Categoria 1;Habilitado;ERNESTO DAVOGUSTTO;;;Bonpland 974 en villa Crespo;Capital Federal;Sin especificar;;Consumidor final;ERNESTO DAVOGUSTTO;0;0;Ninguno;Pesos;0;;;;; ;
1269;Categoria 1;Habilitado; María florencia medina;;;Cortina 986;Capital Federal;Sin especificar;;Consumidor final; María florencia medina;0;0;Ninguno;Pesos;0;;;;; ;
1270;Categoria 1;Habilitado;Argenta Gráfica;ILDE CICERI;298 4393849; CINCO SALTOS 496 ;Villa Regina;Sin especificar;;Consumidor final;Argenta Gráfica;0;35;DNI;Pesos;0;;;;; ;
1271;Categoria 1;Habilitado;PUBLISITE S.R.L.;;;B SMATA I 1 Dpto:42 S:C - BARRIO : BARRIO;SAN MIGUEL DE TUCUMAN;Sin especificar;administracion@publisite-sic.com.ar;IVA Responsable Inscripto;PUBLISITE S.R.L.;30716082047;0;Ninguno;Pesos;0;;;;; ;
1272;Categoria 1;Habilitado;Luciano Felizia;;;MORENO 408;SAN FRANCISCO;Sin especificar;;Responsable Monotributo;Luciano Felizia;20288401129;0;Ninguno;Pesos;0;;;;; ;
1273;Categoria 1;Habilitado;MARTINEZ ABAL GERARDO HORACIO;;;AV. BLANCO ENCALADA 1411;BECCAR;Sin especificar;;IVA Responsable Inscripto;MARTINEZ ABAL GERARDO HORACIO;20135700658;0;Ninguno;Pesos;0;;;;; ;
1274;Categoria 1;Habilitado;Veronica Burone;;;Marcos Paz 2548 dto 4 . es monte Castro;Capital Federal;Sin especificar;;Consumidor final;Veronica Burone;0;0;Ninguno;Pesos;0;;;;; ;
1275;Categoria 1;Habilitado;Sebastian ploteos bahia blanca;;;;Bahia Blanca;Buenos Aires;;Consumidor final;Sebastian ploteos bahia blanca;0;0;Ninguno;Pesos;0;;;;; ;
1276;Categoria 1;Habilitado;Claudio (la Plata);;;Calle 504 n° 2875 esq 23 bis cepto 3;La plata;Sin especificar;;Consumidor final;Claudio (la Plata);0;0;Ninguno;Pesos;0;;;;; ;
1277;Categoria 1;Habilitado;MATIAS (ZARATE);;;;Zarate;Sin especificar;;Consumidor final;MATIAS (ZARATE);0;0;Ninguno;Pesos;0;;;;; ;
1278;Categoria 1;Habilitado;Flexoimpacto SH;;;Elguea Román 406;Chacabuco;Sin especificar;Flexoimpacto@yahoo.com.ar;IVA Responsable Inscripto;Flexoimpacto SH;30711983267;0;Ninguno;Pesos;0;;;;; ;
1279;Categoria 1;Habilitado;Diego Alejandro Gutierrez Masin y Juan Pablo Baudino Frigo S;;;Campichuelo 529;Capital Federal;Sin especificar;;IVA Responsable Inscripto;Diego Alejandro Gutierrez Masin y Juan Pablo Baudino Frigo SH;30710494114;0;Ninguno;Pesos;0;;;;; ;
1280;Categoria 1;Habilitado;Carmelo Arriola;;;;Capital Federal;Sin especificar;;Consumidor final;Carmelo Arriola;0;0;Ninguno;Pesos;0;;;;; ;
1281;Categoria 1;Habilitado;Rodrigo Berte;;;Calle 4 Caffaro 882;GENERAL BELGRANO;Sin especificar;;Consumidor final;Rodrigo Berte;0;0;Ninguno;Pesos;0;;;;; ;
1282;Categoria 1;Habilitado;CANTARELLI JUAN MANUEL;federico maruhak;;CHACABUCO 123;Capital Federal;Sin especificar;cotizacionescopyespress@gmail.com;IVA Responsable Inscripto;CANTARELLI JUAN MANUEL;20252275976;0;Ninguno;Pesos;0;;;;; ;
1283;Categoria 1;Habilitado;Martin Miguel Carrano;;;Avenida Corrientes 3740;Capital Federal;Sin especificar;martincarrano_82@hotmail.com;Consumidor final;Martin Miguel Carrano;0;0;Ninguno;Pesos;0;;;;; ;
1284;Categoria 1;Deshabilitado;Leandro Fernandez;;;Av.dellepiane 4781 Torre 16 5F;Capital Federal;Sin especificar;;Consumidor final;Leandro Fernandez;20416635499;0;Ninguno;Pesos;0;;;;; ;
1285;Categoria 1;Habilitado;MOREIRA EMANUEL MARTIN;Emmanuel Lg5510;+54 9 3467 63-4505;MARCOS JUARES - PROV. CORDOBA;LOS SURGENTES ;Sin especificar;info@grand.net.ar;IVA Responsable Inscripto;MOREIRA, EMANUEL MARTIN;20324321617;0;Ninguno;Pesos;0;;;;; ;
1286;Categoria 1;Habilitado;Laura Andrea Caniglia;Laura Wallpaper;+54 9 11 5571-4290;Alcorta 1628. entre Haedo y el carpintero;MORENO;Sin especificar;Info@amdeco.com.ar;IVA Responsable Inscripto;Laura Andrea Caniglia;27299012838;0;Ninguno;Pesos;0;;;;; ;
1287;Categoria 1;Habilitado;HIPERBAIRES SRL;;;PAROISSIEN 2506 Piso:2;Capital Federal;Sin especificar;;IVA Responsable Inscripto;HIPERBAIRES SRL;30663409391;0;Ninguno;Pesos;0;;;;; ;
1288;Categoria 1;Habilitado;PUBLISHER SA;;;;Rincón de Milberg;Sin especificar;;IVA Responsable Inscripto;PUBLISHER SA;30715524526;0;Ninguno;Pesos;0;;;;; ;
1289;Categoria 1;Habilitado;IBARRA PABLO FRANCISCO;;;SOLANET 1101;Ayacucho;Sin especificar;;IVA Responsable Inscripto;IBARRA PABLO FRANCISCO;20223909680;0;Ninguno;Pesos;0;;;;; ;
1290;Categoria 1;Habilitado;Proyecto visual;;;Esteban Bonorino 1069 ;Capital Federal;Sin especificar;proyecto_visual@hotmail.com;Consumidor final;Proyecto visual;0;0;Ninguno;Pesos;0;;;;; ;
1291;Categoria 1;Habilitado;CUATRO CAÑAS SRL;;;Gral Rodriguez 292;America;Sin especificar;;IVA Responsable Inscripto;CUATRO CAÑAS SRL;30715800280;0;Ninguno;Pesos;0;;;;; ;
1292;Categoria 1;Habilitado;Lourdes Florido;;;la pampa 5260 piso 4 departamento 13.;Capital Federal;Sin especificar;Lourdesflorido.arg@gmail.com;Consumidor final;Lourdes Florido;0;96022165;DNI;Pesos;0;;;;; ;
1293;Categoria 1;Habilitado;EUGENIA TORRE;;;CALLE 52 162 Piso:0;MERCEDES;Buenos Aires;;Consumidor final;TORRE, MARIA EUGENIA;27358662442;0;Ninguno;Pesos;0;;;;; ;
1294;Categoria 1;Habilitado;SORUCO BURYAILE PABLO ALBERTO;;;Hipolito Irigoyen 2215 depto 2;Formosa;Sin especificar;;IVA Responsable Inscripto;SORUCO BURYAILE PABLO ALBERTO;20306785673;0;Ninguno;Pesos;0;;;;; ;
1295;Categoria 1;Habilitado;GARCIA ARIEL RODRIGO;;;BLANCO ENCALADA 4470 Piso:3 Dpto:B;Capital Federal;Sin especificar;;IVA Responsable Inscripto;GARCIA ARIEL RODRIGO;23293646279;0;Ninguno;Pesos;0;;;;; ;
1296;Categoria 1;Habilitado;LAUTARO BARRIOS;Lautaro (la plata);+54 9 2215 92-9066;calle 17 número 1461 .Entre 62 y 63;La plata;Sin especificar;;Consumidor final;LAUTARO BARRIOS;0;0;Ninguno;Pesos;0;;;;; ;
1297;Categoria 1;Habilitado;Vanesa Almiron;;;139 nro 1743 entre 67 y 69 (Los Hornos);La plata;Sin especificar;;Consumidor final;Vanesa Almiron;0;0;Ninguno;Pesos;0;;;;; ;
1298;Categoria 1;Habilitado;Mariano Julián Sayavedra.;Mariano;+54 9 2214 28-4621;;La plata;Sin especificar;;Consumidor final;Mariano Julián Sayavedra.;0;0;Ninguno;Pesos;0;;;;; ;
1299;Categoria 1;Habilitado;Mariamar Argemi;Mariamar;+54 9 2216 38-3195;calle 116 nro 1487 dto 2b e 62 y 63 ;La plata;Sin especificar;;Consumidor final;Mariamar Argemi;0;30728331;DNI;Pesos;0;;;;; ;
1300;Categoria 1;Habilitado;CONTIGLI MKT S.A.;Cristian;+54 9 11 6027-5799;RODRIGUEZ PEÑA 486 Piso:5;Capital Federal;Sin especificar;cristian@graficacontigli.com.ar;IVA Responsable Inscripto;CONTIGLI MKT S.A.;30716641887;0;Ninguno;Pesos;0;;;;; ;
1301;Categoria 1;Habilitado;Gonzalo Luciani;;;;San justo;Sin especificar;;Consumidor final;Gonzalo Luciani;0;0;Ninguno;Pesos;0;;;;; ;
1302;Categoria 1;Habilitado;Alejandro Garcia;;;Miralla 2927-Lugano;Capital Federal;Sin especificar;;Consumidor final;Alejandro Garcia;0;0;Ninguno;Pesos;0;;;;; ;
1303;Categoria 1;Habilitado;Javier Nevarez ;;;;Capital Federal;Sin especificar;;Consumidor final;Javier Nevarez ;0;0;Ninguno;Pesos;0;;;;; ;
1304;Categoria 1;Habilitado;TRONCOSO EDUARDO GREGORIO;;;ARBOL DE CATEDRALES 2939;Neuquen;Sin especificar;troncoso.nqn@gmail.com;IVA Responsable Inscripto;TRONCOSO EDUARDO GREGORIO;20230988405;0;Ninguno;Pesos;0;;;;; ;
1305;Categoria 1;Habilitado;Diego Campos ;;+54 9 11 3447-0908;San jose 950;Capital Federal;Sin especificar;;Consumidor final;Diego Campos ;0;0;Ninguno;Pesos;0;;;;; ;
1306;Categoria 1;Habilitado;Lady Avella;;;Av Rivadavia 4194 12 F;Capital Federal;Sin especificar;;Consumidor final;Lady Avella;0;0;Ninguno;Pesos;0;;;;; ;
1307;Categoria 1;Habilitado;PABLO GERBAUDO;Pablo Gerbaudo;+54 9 11 5379-4849;BILLINGURTS 377;Capital Federal;Sin especificar;graficab377@gmail.com;IVA Responsable Inscripto;PABLO GERBAUDO;20210951912;0;Ninguno;Pesos;0;;;;; ;
1308;Categoria 1;Habilitado;Rodolfo Guevara;;;triunvirato 3937;Capital Federal;Sin especificar;;Consumidor final;Rodolfo Guevara;0;0;Ninguno;Pesos;0;;;;; ;
1309;Categoria 1;Habilitado;Jose Viegas;;;mosconi 3470 depto 9;Capital Federal;Sin especificar;;Consumidor final;Jose Viegas;0;0;Ninguno;Pesos;0;;;;; ;
1310;Categoria 1;Habilitado;Fernando Emmanuel Rodriguez ;Ulloa jorge;;;RIO GALLEGOS;Sin especificar;;Consumidor final;Fernando Emmanuel Rodriguez ;0;32922600;DNI;Pesos;0;;;;; ;
1311;Categoria 1;Habilitado;Alberto Alumas;;;av la plata 2232;Capital Federal;Sin especificar;;Consumidor final;Alberto Alumas;0;0;Ninguno;Pesos;0;;;;; ;
1312;Categoria 1;Habilitado;MERCEDES ALVAREZ ;;;AMENABAR 2260 4 TO A;Capital Federal;Sin especificar;;Consumidor final;MERCEDES ALVAREZ ;0;0;Ninguno;Pesos;0;;;;; ;
1313;Categoria 1;Habilitado;Andres Seoane;;;;Capital Federal;Sin especificar;;Consumidor final;Andres Seoane;0;0;Ninguno;Pesos;0;;;;; ;
1314;Categoria 1;Habilitado;Roman andres salvo;;;;Capital Federal;Sin especificar;;Consumidor final;Roman andres salvo;0;0;Ninguno;Pesos;0;;;;; ;
1315;Categoria 1;Habilitado;Eduardo requejo;;;Uriarte 2191;Capital Federal;Sin especificar;;Consumidor final;Eduardo requejo;0;0;Ninguno;Pesos;0;;;;; ;
1316;Categoria 1;Habilitado;Majo o Sebastian;;;;Capital Federal;Sin especificar;;Consumidor final;Majo o Sebastian;0;0;Ninguno;Pesos;0;;;;; ;
1317;Categoria 1;Habilitado;Magali gadea;;;;Capital Federal;Sin especificar;;Consumidor final;Magali gadea;0;0;Ninguno;Pesos;0;;;;; ;
1318;Categoria 1;Habilitado;Roman Yasnikowski;;;ECHEVERRIA 5023;Ciudad Autónoma De Buenos Aires;CABA;;Responsable Monotributo;YASNIKOWSKI, ROMAN DEL VALLE;23316223699;0;Ninguno;Pesos;0;;;;; ;
1319;Categoria 1;Habilitado;GUILLERMO TORRES;;;Azucena Villaflor 450 37-02;Capital Federal;Sin especificar;;Consumidor final;GUILLERMO TORRES;0;0;Ninguno;Pesos;0;;;;; ;
1320;Categoria 1;Habilitado;Leo De la Penna;;;calle 33 N° 517 e/ 5 y 6 local1;La plata;Sin especificar;;Consumidor final;Leo De la Penna;0;0;Ninguno;Pesos;0;;;;; ;
1321;Categoria 1;Habilitado;Pablo Miraglia;;;Diaz Velez 4828;Capital Federal;Sin especificar;;Consumidor final;Pablo Miraglia;0;0;Ninguno;Pesos;0;;;;; ;
1322;Categoria 1;Habilitado;Jorge Goycochea ;Car Black;;centenera 3575;Capital Federal;Sin especificar;;Consumidor final;Jorge Goycochea ;0;0;Ninguno;Pesos;0;;;;; ;
1323;Categoria 1;Habilitado;nicolas Boyadjian;;;;Capital Federal;Sin especificar;;Consumidor final;nicolas Boyadjian;0;0;Ninguno;Pesos;0;;;;; ;
1324;Categoria 1;Deshabilitado;SUCESION DE ZILIN EUGENIA SUSANA;;;GIBRALTAR 1366;San justo;Sin especificar;;IVA Responsable Inscripto;SUCESION DE ZILIN EUGENIA SUSANA;27051507121;0;Ninguno;Pesos;0;;;;; ;
1325;Categoria 1;Habilitado;Maximo Biafore;;;Aitin 1061;MARTINEZ;Sin especificar;;Consumidor final;Maximo Biafore;0;0;Ninguno;Pesos;0;;;;; ;
1326;Categoria 1;Habilitado;Leonardo Villareal;;;;Capital Federal;Sin especificar;;Consumidor final;Leonardo Villareal;0;0;Ninguno;Pesos;0;;;;; ;
1327;Categoria 1;Habilitado;Ignacio Espeche;;;;Capital Federal;Sin especificar;;Consumidor final;Ignacio Espeche;0;0;Ninguno;Pesos;0;;;;; ;
1328;Categoria 1;Habilitado;Martin Imas;Muare;;calle 11 nro 1362 e 60 y 61;La plata;Sin especificar;;Consumidor final;Martin Imas;0;0;Ninguno;Pesos;0;;;;; ;
1329;Categoria 1;Habilitado;Ariel Bruno;;;lautaro 528;Capital Federal;Sin especificar;;Consumidor final;Ariel Bruno;0;0;Ninguno;Pesos;0;;;;; ;
1330;Categoria 1;Habilitado;Carlos Colman;;;;Capital;Sin especificar;;Consumidor final;Carlos Colman;0;0;Ninguno;Pesos;0;;;;; ;
1331;Categoria 1;Habilitado;Guillermo Marconi;;;Moron 4761;Capital Federal;Sin especificar;;Consumidor final;Guillermo Marconi;0;0;Ninguno;Pesos;0;;;;; ;
1332;Categoria 1;Habilitado;Sonkin Marcos Augusto;;;El chacho 425;Capital Federal;Sin especificar;;Consumidor final;Sonkin Marcos Augusto;0;0;Ninguno;Pesos;0;;;;; ;
1333;Categoria 1;Habilitado;Valdez Juan Jose;;;Barrio Republica Argentina manzana D Lote 40;CATAMARCA;Sin especificar;;Consumidor final;Valdez Juan Jose;20311970977;0;Ninguno;Pesos;0;;;;; ;
1334;Categoria 1;Habilitado;Valentina Gomez estudio totem;;;Calle 14 Nº 755 oficina 6 ( Entre calle 47 y 48);La plata;Sin especificar;;Consumidor final;Valentina Gomez estudio totem;0;11111111;DNI;Pesos;0;;;;; ;
1335;Categoria 1;Habilitado;GIMENEZ FERNANDEZ JAVIER GONZALO;;;FRAG. PTE. SARMIENTO 1225 Piso:5 Dpto:A;Capital Federal;Sin especificar;mercedes.milessi@gmail.com;IVA Responsable Inscripto;GIMENEZ FERNANDEZ JAVIER GONZALO;20188640835;0;Ninguno;Pesos;0;;;;; ;
1336;Categoria 1;Habilitado;FERRARI CECILIA ANDREA;;;8 E/481 BIS Y 483 5210;City Bell;Sin especificar;;IVA Responsable Inscripto;FERRARI CECILIA ANDREA;27209080791;0;Ninguno;Pesos;0;;;;; ;
1337;Categoria 1;Habilitado;jonatan ricconi;;; tacuari 1478 ;Capital Federal;Sin especificar;;Consumidor final;jonatan ricconi;0;0;Ninguno;Pesos;0;;;;; ;
1338;Categoria 1;Habilitado;Juan pablo Rutschi;StudioSuperA3;;Av nazca 1450;Capital Federal;Sin especificar;studiosupera3@gmail.com;Consumidor final;Juan pablo Rutschi;0;0;Ninguno;Pesos;0;;;;; ;
1339;Categoria 1;Habilitado;Maria Cecilia López;Bahiagrafica;;1º de Mayo 3810;CHAJARI;Sin especificar;bahiagrafica2@gmail.com;Responsable Monotributo;Maria Cecilia López;27254813694;0;Ninguno;Pesos;0;;;;; ;
1340;Categoria 1;Habilitado;CIA INDUSTRIAL DEL CAUCHO S R L;;;AV. SAN MARTIN 5508;Villa Madero;Sin especificar;Mflorenciamedina@outlook.es;IVA Responsable Inscripto;CIA INDUSTRIAL DEL CAUCHO S R L;30505512061;0;Ninguno;Pesos;0;;;;; ;
1341;Categoria 1;Habilitado;Agustin CABA;;;Greforio de laferrere 1244;Rincón de Milberg;Sin especificar;;Consumidor final;Agustin CABA;0;11111111;DNI;Pesos;0;;;;; ;
1342;Categoria 1;Habilitado;DP industria S.R.L.;;;Encina carlos 734;Capital Federal;Sin especificar;dp@dpindustria.com.ar;IVA Responsable Inscripto;DP industria S.R.L.;30716644703;0;Ninguno;Pesos;0;;;;; ;
1343;Categoria 1;Habilitado;Juan Romero  (CABA) ;;;Zañartu 1520 torre 1 3C;Capital Federal;Sin especificar;;Consumidor final;Juan Romero  (CABA) ;0;0;Ninguno;Pesos;0;;;;; ;
1344;Categoria 1;Habilitado;LG turismo srl;Damian DLG Grafica;;montañeses 3697 esquina lezica;San justo;Sin especificar;;IVA Responsable Inscripto;LG turismo srl;30710960360;0;Ninguno;Pesos;0;;;;; ;
1345;Categoria 1;Habilitado;PRO SOCIEDAD DE RESPONSABILIDAD LIMITADA ;;;Av. Pres. Perón 6780;ROSARIO;Santa Fe;;IVA Responsable Inscripto;PRO SOCIEDAD DE RESPONSABILIDAD LIMITADA ;30711970785;0;Ninguno;Pesos;0;;;;; ;
1347;Categoria 1;Habilitado;Roadway SA;Roadway SA;;Bernardo de Irigoyen 955;Buenos Aires;Sin especificar;produccion@domming.com.ar;IVA Responsable Inscripto;Roadway SA;30708896787;0;Ninguno;Pesos;0;;;;; ;
1348;Categoria 1;Habilitado;Heccar impresos;LANIC PLAST SRL;;Av Dr. Sabin 1901 esquina 361;Ranelagh;Sin especificar;heccarimpresos@hotmail.com;IVA Responsable Inscripto;Heccar impresos;30711975868;0;Ninguno;Pesos;0;;;;; ;
1349;Categoria 1;Habilitado;Matias Renovatio;ROGINES MATIAS GABRIEL;;Nicolas Repetto 1520 Villa Crespo;Capital Federal;Sin especificar;renovatiografico@hotmail.com;IVA Responsable Inscripto;Matias Renovatio;20286200479;0;Ninguno;Pesos;0;;;;; ;
1350;Categoria 1;Habilitado;Xplot S.A.;Xplot;;Oficial Primero Jose Maria Sanchez 2254;Quilmes;Sin especificar;xplotgrafica@gmail.com;IVA Responsable Inscripto;Xplot S.A.;30712241337;0;Ninguno;Pesos;0;;;;; ;
1351;Categoria 1;Habilitado;Villmar Blue;VILLMAR BLUE S.A.;0221-6319666;Calle 4 nº 1676 e/515 y 516 ;Ringuelet;Sin especificar;graficaprostamp@gmail.com;IVA Responsable Inscripto;Villmar Blue;33712505139;0;Ninguno;Pesos;0;;;;; ;
1352;Categoria 1;Habilitado;Osgraph;OSTAN RODRIGO MAXIMILIANO;+54 9 11 6156-7033;RAULIES 1951;Ciudad Autónoma De Buenos Aires;CABA;osgrafica@gmail.com;IVA Responsable Inscripto;OSTAN, RODRIGO MAXIMILIANO;20294780379;0;Ninguno;Pesos;0;;;;; ;
1353;Categoria 1;Habilitado;Donflex SRL;DONFLEX SAJA SRL;;GORRITI 5366 ;Capital Federal;Sin especificar;compras@donflex.com.ar;IVA Responsable Inscripto;Donflex SRL;30710551398;0;Ninguno;Pesos;0;;;;; ;
1354;Categoria 1;Habilitado;MARCELO/JULIETA BALBI;;;Monroe 2020 5°A;Capital Federal;Sin especificar;marceloabalbi@gmail.com;Consumidor final;MARCELO/JULIETA BALBI;0;0;Ninguno;Pesos;0;;;;; ;
1355;Categoria 1;Habilitado;Dario Stoneguard;;1540869107;Uspallata 867;Barracas;Sin especificar;;Consumidor final;Dario Stoneguard;0;0;Ninguno;Pesos;0;;;;; ;
1356;Categoria 1;Habilitado;Victor Manuel Riffo;Victor Manuel;+54 9 2944 75-1811;B* las Rosas casa 40 de las 96 viviendas. Calle rio negro 461.....(prov: Neuquén);SAN MARTIN DE LOS ANDES;Sin especificar;vicmarsmandes@gmail.com;Consumidor final;Victor Manuel Riffo;0;32518290;DNI;Pesos;0;;;;; ;
1357;Categoria 1;Habilitado;Vida color;CHEN SHUN CHUNG;2214273358;Calle 6 nº830 e/48 y 49;La plata;Sin especificar;vidacolor830@yahoo.com.ar;IVA Responsable Inscripto;Vida color;20188446508;0;Ninguno;Pesos;0;;;;; ;
1358;Categoria 1;Habilitado;Comunicar grafica;Javier ;;AV. hipolito yrigoyen 12085 turdera;Turdera;Sin especificar;impresionesjavier@gmail.com;Consumidor final;Comunicar grafica;0;0;Ninguno;Pesos;0;;;;; ;
1359;Categoria 1;Habilitado;dabra grafica ;CALVO MARIANO ANDRES;011-48324144;Av scalabrini ortiz 1389;Capital Federal;Sin especificar;info@dabragrafica.com.ar;IVA Responsable Inscripto;dabra grafica ;20325759837;0;Ninguno;Pesos;0;;;;; ;
1360;Categoria 1;Habilitado;2 graficos;2GRAFICOS S.R.L.;47091430;Estados Unidos 167 timbre grafica;Villa Martelli;Sin especificar;info@2graficos.com.ar;IVA Responsable Inscripto;2 graficos;30711063397;0;Ninguno;Pesos;0;;;;; ;
1361;Categoria 1;Habilitado;Grafika 2000;MIRANDA ANTONIO MANUEL;;Venezuela 4660;Villa Martelli;Sin especificar;info@grafika2000.com.ar;IVA Responsable Inscripto;Grafika 2000;20222413061;0;Ninguno;Pesos;0;;;;; ;
1362;Categoria 1;Habilitado;Andres Fama;Andres Grafira (grafirace);+54 9 11 6689-9926;Avenida La Plata 1058 12C;Ciudad Autónoma De Buenos Aires;CABA;grafirace@gmail.com;IVA Responsable Inscripto;FAMA, ANDRES ALEJANDRO EUGENIO;20331930297;0;Ninguno;Pesos;0;;<p>direccion de entrega &nbsp AVENIDA LA PLATA 1058 12C<span><br></span></p>;;; ;
1363;Categoria 1;Habilitado;Diego Iturralde;ITURRALDE DIEGO MARTIN;;Dean Funes 647;Formosa;Sin especificar;info@graficadelnorte.com.ar;IVA Responsable Inscripto;Diego Iturralde;20259267952;0;Ninguno;Pesos;0;;;;; ;
1364;Categoria 1;Habilitado;Matias Landa;;;;Capital Federal;Sin especificar;matiaslanda@gmail.com;Consumidor final;Matias Landa;0;0;Ninguno;Pesos;0;;;;; ;
1365;Categoria 1;Habilitado;Impresos Astro;FERNANDEZ ADRIAN LEONARDO;+54 9 11 6056-0048;Nazca 796;Capital Federal;Sin especificar;Facturacion@impresosastro.com;IVA Responsable Inscripto;Impresos Astro;20256414792;0;Ninguno;Pesos;0;;;;; ;
1367;Categoria 1;Habilitado;Adrian Sanchez;;1535897014;Ramella 3066 moron;Sin especificar;Sin especificar;sho.adrian@hotmail.com;Consumidor final;Adrian Sanchez;0;0;Ninguno;Pesos;0;;;;; ;
1368;Categoria 1;Habilitado;Elg Comunicaciones SH;;0280-154581401;Gregorio Mayo 2490;Trelew;Sin especificar;elg_comunicaciones@hotmail.com;Consumidor final;Elg Comunicaciones SH;0;0;Ninguno;Pesos;0;;;;; ;
1369;Categoria 1;Habilitado;Ruberto Ernesto Javier;Ruberto Ernesto Javier;;General César Díaz 5147;Sin especificar;Sin especificar;administraciongraficaya@fibertel.com.ar;IVA Responsable Inscripto;Ruberto Ernesto Javier;20228736946;0;Ninguno;Pesos;0;;;;; ;
1370;Categoria 1;Habilitado;Barreto;;47688443;1? de Agosto 4044 (San Martin);Capital Federal;Sin especificar;artegraficoimpresiones@gmail.com;Consumidor final;Barreto;0;0;Ninguno;Pesos;0;;;;; ;
1371;Categoria 1;Habilitado;AD Graphis;LEO AD GRAPHIS BUREAU CREATIVO SRL;+54 9 11 5185-1111;MARMOL JOSE 1757;Capital Federal;Sin especificar;TORRES@ADGRAPHIS.COM.AR;IVA Responsable Inscripto;AD Graphis;30685156365;0;Ninguno;Pesos;0;;;;; ;
1372;Categoria 1;Habilitado;Unión Docentes Argentinos;Unión Docentes Argentinos;; Pringles 54. 1 piso (esq Rivadavia);Capital Federal;Sin especificar;gabygilardi@hotmail.com;IVA Sujeto Exento;Unión Docentes Argentinos;30559074558;0;Ninguno;Pesos;0;;;;; ;
1373;Categoria 1;Habilitado;Espectro ;;4582-2302;PUNTA ARENAS 1763 ;Capital Federal;Sin especificar;lsilva@espectrogr.com.ar;Consumidor final;Espectro ;0;0;Ninguno;Pesos;0;;;;; ;
1374;Categoria 1;Deshabilitado;Estudio Panorama;MURPHY RAUL EDUARDO;49834130;Pje King 340;Capital Federal;Sin especificar;info@estudiopanorama.com.ar;IVA Responsable Inscripto;Estudio Panorama;20114501248;0;Ninguno;Pesos;0;;;;; ;
1375;Categoria 1;Habilitado;AYN industria publicitaria;;47506182/47346732;Carlos tejedor 4939;Caseros;Sin especificar;info@ayelenpublicidad.com.ar;Consumidor final;AYN industria publicitaria;0;0;Ninguno;Pesos;0;;;;; ;
1376;Categoria 1;Habilitado;Miguel Axis;;0351-156194129;Av Caraffa 2634 (esq Las Playas) Cod Postal 5009;Cordoba capital;Sin especificar;gerencia@axisgrafica.com.ar;Consumidor final;Miguel Axis;0;0;Ninguno;Pesos;0;;;;; ;
1377;Categoria 1;Habilitado;Ricardo Lopez;;;Av. constituyentes 4155;Capital Federal;Sin especificar;;Consumidor final;Ricardo Lopez;0;0;Ninguno;Pesos;0;;;;; ;
1378;Categoria 1;Habilitado;Infinitas Soluciones ;;2.272.421.112;Calle 109 Nº133 ;Navarro;Sin especificar;infinitasoluciones@gmail.com;Consumidor final;Infinitas Soluciones ;0;0;Ninguno;Pesos;0;;;;; ;
1379;Categoria 1;Habilitado;DISTEFANO SEBASTIAN ARIEL;Eugenia;+54 9 11 3335-8149;33 orientales 2166;Capital Federal;Sin especificar;sebastiandistefano@hotmail.com;IVA Responsable Inscripto;DISTEFANO SEBASTIAN ARIEL;20226452401;0;Ninguno;Pesos;0;;;;; ;
1380;Categoria 1;Habilitado;Ciberrotulos;Martin;+54 9 2215 56-3227;Calle 10 entre 527 y 528 n°426 - Tolosa;La plata;Sin especificar;ciberrotulos@gmail.com;IVA Responsable Inscripto;Ciberrotulos;30715306588;0;Ninguno;Pesos;0;;;;; ;
1381;Categoria 1;Habilitado;Diseño y realizacion;DISEÑO Y REALIZACION S.A.;46357347; FONROUGE 1571;Mataderos;Sin especificar;soluciones@terrad.com.ar;IVA Responsable Inscripto;Diseño y realizacion;30709227889;0;Ninguno;Pesos;0;;;;; ;
1382;Categoria 1;Habilitado;Gustavo Di rosa;DI ROSA NESTOR GUSTAVO;(02945)15682064;San Martín 395 ;Esquel;Sin especificar;ergum1.0@me.com;IVA Responsable Inscripto;Gustavo Di rosa;20184074940;0;Ninguno;Pesos;0;;;;; ;
1383;Categoria 1;Habilitado;Leonardo Bergamasco;Leonardo Bergamasco BALBER;45678680;Margariños Cervantes 5241;Capital Federal;Sin especificar;resinabalber@yahoo.com.ar;IVA Responsable Inscripto;Leonardo Bergamasco;23272598959;0;Ninguno;Pesos;0;;;;; ;
1384;Categoria 1;Habilitado;Coprint Tacuari;ROJAS ANTUNEZ DIEGO ANDRES Y RIVERA MONGE LUIS JAVIER S.H.;4865-2300;TACUARI 79      - BARRIO: MONSERRAT;Capital Federal;Sin especificar;ventas@coprint.com.ar;IVA Responsable Inscripto;Coprint Tacuari;30714776092;0;Ninguno;Pesos;0;;;;; ;
1385;Categoria 1;Habilitado;Helos Publicidad;;1540756161;Lascano 2382;Capital Federal;Sin especificar;;Consumidor final;Helos Publicidad;0;0;Ninguno;Pesos;0;;;;; ;
1386;Categoria 1;Habilitado;Daniel Frau;FRAU HUGO ALBERTO;;Guemes 223;San Carlos de Bolivar;Sin especificar;wgcalcos2003@hotmail.com;IVA Responsable Inscripto;Daniel Frau;20125370986;0;Ninguno;Pesos;0;;;;; ;
1387;Categoria 1;Habilitado;Teofilo Albiger;;+54 9 3329 61-9216; Colombres 880;Baradero;Sin especificar;albiger@gmail.com;IVA Responsable Inscripto;Teofilo Albiger;0;0;Ninguno;Pesos;0;;;;; ;
1388;Categoria 1;Habilitado;Verde Pleno;GILER SILVIA LEONOR Y SAPIR GUSTAVO DEMIAN SOCIEDAD HECHO;53520060;Gaona 1674;Capital Federal;Sin especificar;gustavo@verdepleno.com.ar;IVA Responsable Inscripto;Verde Pleno;30713329602;0;Ninguno;Pesos;0;;;;; ;
1389;Categoria 1;Habilitado;INKJET;INKJET S.A.;;Av 532 Nº 573 e/ 6 y 7;La plata;Sin especificar;info@grafyarte.com.ar;IVA Responsable Inscripto;INKJET;30714912603;0;Ninguno;Pesos;0;;;;; ;
1390;Categoria 1;Habilitado;Ornato Design;Ornato Design;351-5943206;Sagrada Familia 447 Torre 2 5 H Complejo Terraforte de Gama;Capital;Sin especificar;design.ornato@gmail.com;Consumidor final;Ornato Design;0;0;Ninguno;Pesos;0;;;;; ;
1391;Categoria 1;Deshabilitado;PAULUZZI RICARDO HUGO Y ALFREDO ALICIA BEATRIZ SOCIEDAD LEY ;;;AVDA. MITRE 282;Azul;Sin especificar;rhpauluzzi@hotmail.com;IVA Responsable Inscripto;PAULUZZI RICARDO HUGO Y ALFREDO ALICIA BEATRIZ SOCIEDAD LEY 19550 CAP I SEC IV;30714595608;0;Ninguno;Pesos;0;;;;; ;
1392;Categoria 1;Habilitado;Juan;DI STEFANO MARIA GRACIELA;;YERBAL 6357;Capital Federal;Sin especificar;quantita@speedy.com.ar;IVA Responsable Inscripto;Juan;27104602571;0;Ninguno;Pesos;0;;;;; ;
1393;Categoria 1;Habilitado;ORGA CONT  ;Lamelza Claudio;0236 - 154304880;Horacio de la cámara 314;Junin;Sin especificar;graficalamelza@hotmail.com;Consumidor final;ORGA CONT  ;0;0;Ninguno;Pesos;0;;;;; ;
1394;Categoria 1;Habilitado;Pablo Babor;;;Darwin 102;Capital Federal;Sin especificar;pablo@oracalshop.com.ar;Consumidor final;Pablo Babor;0;0;Ninguno;Pesos;0;;;;; ;
1395;Categoria 1;Habilitado; Fabián Domingo Curra;CURRA FABIAN DOMINGO;4581-4021  /  4588-1009;JUSTO JUAN B AV. 3330 Piso:PB - BARRIO: VILLA CRESPO;Capital Federal;Sin especificar;kartelacril@yahoo.com.ar;IVA Responsable Inscripto; Fabián Domingo Curra;20235409853;0;Ninguno;Pesos;0;;;;; ;
1396;Categoria 1;Habilitado;DALLA VIA LUCIANO HERNAN;Luciano octographics;+54 9 11 4700-0638;AV. MARQUEZ 2929  -SAN ISIDRO;San Isidro;Sin especificar;octoventas@gmail.com;IVA Responsable Inscripto;DALLA VIA LUCIANO HERNAN;20299549705;0;Ninguno;Pesos;0;;;;; ;
1397;Categoria 1;Habilitado;Esposerigraf;;0221-154344532;calle 19 e/montevideo y 169 (BERISO);Berisso;Sin especificar;esposerigraf@hotmail.com;Consumidor final;Esposerigraf;0;0;Ninguno;Pesos;0;;;;; ;
1398;Categoria 1;Habilitado;LIBRERIA MAFRA S.R.L.;gustavo y Martin (el apunte);49821370/ +54 9 11 6758-5143;campichuelo 375;Capital Federal;Sin especificar;info@graficaelapunte.com.ar;IVA Responsable Inscripto;LIBRERIA MAFRA S.R.L.;33711923999;0;Ninguno;Pesos;0;;;;; ;
1399;Categoria 1;Habilitado;SACCO LUIS ANDRES;;;NAHUEL NIYEU 530;VIEDMA;Sin especificar;chipserviciosgraficos@gmail.com;IVA Responsable Inscripto;SACCO LUIS ANDRES;20287819138;0;Ninguno;Pesos;0;;;;; ;
1400;Categoria 1;Habilitado;Universo Domes e impresiones;Universo Domes e impresiones SRL;4636-3205;General César Díaz 5147;Capital Federal;Sin especificar;universo.admviviana@gmail.com;IVA Responsable Inscripto;Universo Domes e impresiones;30714305057;0;Ninguno;Pesos;0;;;;; ;
1401;Categoria 1;Habilitado;Laboratorios Wcolor;ruben;42640693;Salta 260;Temperley;Sin especificar;laboratorio_wcolor@hotmail.com;Consumidor final;Laboratorios Wcolor;0;0;Ninguno;Pesos;0;;;;; ;
1402;Categoria 1;Habilitado;Policromo 47;;0221 4831880;alle 47 Nº247 esq 115;La plata;Sin especificar;policromo47@hotmail.com;Consumidor final;Policromo 47;0;0;Ninguno;Pesos;0;;;;; ;
1403;Categoria 1;Habilitado;Fusion grafica;Sergio;0221 4242389;calle 55 Nº741;La plata;Sin especificar;fusiongrafica2004@yahoo.com.ar;Consumidor final;Fusion grafica;0;0;Ninguno;Pesos;0;;;;; ;
1404;Categoria 1;Habilitado;fernando galera;GALERA FERNANDO MARIO JESUS;;ALEM 318 ;Quilmes;Sin especificar;fgalera@fibertel.com.ar;IVA Responsable Inscripto;fernando galera;20215435955;0;Ninguno;Pesos;0;;;;; ;
1405;Categoria 1;Habilitado;Eric jensen;JENSEN ERIC;2234983600;PASTEUR 734 Piso:1 Dpto:B;Barracas;Sin especificar;ericjensen@live.com.ar;Responsable Monotributo;Eric jensen;20353839048;0;Ninguno;Pesos;0;;;;; ;
1406;Categoria 1;Habilitado;HAZ PUBLICIDAD DE LA COSTA S.R.L;;;lebensohn 55 ;Mar de Ajo;Sin especificar;calsamda@gmail.com;IVA Responsable Inscripto;HAZ PUBLICIDAD DE LA COSTA S.R.L;30715851713;0;Ninguno;Pesos;0;;;;; ;
1407;Categoria 1;Habilitado;SOSA GERMAN EZEQUIEL;SOSA GERMAN EZEQUIEL;42062264;H ASCASUBI 1222;Wilde;Sin especificar;ing.sosa@air-jump.com;IVA Responsable Inscripto;SOSA GERMAN EZEQUIEL;20278605508;0;Ninguno;Pesos;0;;;;; ;
1408;Categoria 1;Habilitado;Blackpoint calcos;;154 563-7123 - 4502-2539;;Capital Federal;Sin especificar;bpcalcos@gmail.com;Consumidor final;Blackpoint calcos;0;0;Ninguno;Pesos;0;;;;; ;
1409;Categoria 1;Habilitado;MIRKO S.R.L.;MIRKO S.R.L.;;HUMBOLT 91 - BARRIO: LAS ROSAS;Villa Carlos Paz;Sin especificar;;IVA Responsable Inscripto;MIRKO S.R.L.;30712477225;0;Ninguno;Pesos;0;;;;; ;
1410;Categoria 1;Habilitado;Ariel Muller;MULLER ARIEL MAURICIO;44606308;almafuerte 1029;San justo;Sin especificar;amgraficas@gmail.com;IVA Responsable Inscripto;Ariel Muller;20274374765;0;Ninguno;Pesos;0;;;;; ;
1411;Categoria 1;Habilitado;Ivan Cariboni;CARIBONI IVAN ZACARIAS;;AVDA AVELLANEDA 86      - BARRIO: MORENO;Chivilcoy;Sin especificar;cariboni_racing@hotmail.com;IVA Responsable Inscripto;Ivan Cariboni;20334132367;0;Ninguno;Pesos;0;;;;; ;
1412;Categoria 1;Habilitado;Ignacio Conforti;CONFORTI IGNACIO JOSE;02241-15557447;AV. COBO 171;Lezama;Sin especificar;ignacioconforti@gmail.com;Responsable Monotributo;Ignacio Conforti;20234797116;0;Ninguno;Pesos;0;;;;; ;
1413;Categoria 1;Habilitado;Marcelo Filosi;FILOSI MARCELO RAMON;3489-513742;matheu 1146;Campana;Sin especificar;marcelofilosi@hotmail.com;IVA Responsable Inscripto;Marcelo Filosi;20172340440;0;Ninguno;Pesos;0;;;;; ;
1414;Categoria 1;Habilitado;ORTUÑO GONZALO FRANCISCO;Edmundo Vanni;;manuel trelles 2379;Capital Federal;Sin especificar;argoscom@gmail.com;IVA Responsable Inscripto;ORTUÑO GONZALO FRANCISCO;23258649699;0;Ninguno;Pesos;0;;;;; ;
1415;Categoria 1;Habilitado;Emilio Martin Puentes;;011-1538819970;142b entre 29 y 30 Nº 2947 ;Berazategui;Sin especificar;emilio.puentesml@gmail.com;Consumidor final;Emilio Martin Puentes;0;0;Ninguno;Pesos;0;;;;; ;
1416;Categoria 1;Habilitado;Cintia;;1536467088;Arenales 3800 10 C;Capital Federal;Sin especificar;cintialupinacci@hotmail.com;Consumidor final;Cintia;0;0;Ninguno;Pesos;0;;;;; ;
1417;Categoria 1;Habilitado;Hernan Viglione;VIGLIONE HERNAN ALBERTO;3471479015;LAVALLE 155;Cañada de Gomez;Sin especificar;viglioneyasoc@yahoo.com.ar;IVA Responsable Inscripto;Hernan Viglione;20256156114;0;Ninguno;Pesos;0;;;;; ;
1418;Categoria 1;Habilitado;Cristian Bermudez;;2974170599;Fagnano 82 (Cp 9011);Caleta Olivia;Sin especificar;c_bermudez@live.com.ar;Consumidor final;Cristian Bermudez;0;0;Ninguno;Pesos;0;;;;; ;
1419;Categoria 1;Habilitado;Via Cargo;VIA CARGO  SA;;Av. Del Sesquicentenario 1701 (CP 1613);Los polvorines;Sin especificar;preimpresos@viacorreo.com.ar;IVA Responsable Inscripto;Via Cargo;33711043069;0;Ninguno;Pesos;0;;;;; ;
1420;Categoria 1;Habilitado;Sebastián Ariel Capato;;156 715 5886; Olga Cossettini 771 1er Piso;Capital Federal;Sin especificar;seba.capato@gmail.com;Consumidor final;Sebastián Ariel Capato;0;0;Ninguno;Pesos;0;;;;; ;
1421;Categoria 1;Habilitado;Dardo Urbina;;0221 155996872 dardo;;La plata;Sin especificar;dardourbina@gmail.com;Consumidor final;Dardo Urbina;0;0;Ninguno;Pesos;0;;;;; ;
1422;Categoria 1;Habilitado;Arzulian Carlos Gabriel;Arzulian Carlos Gabriel;;Ferrai 307;Capital;Sin especificar;contacto@mohebio.com.ar;IVA Responsable Inscripto;Arzulian Carlos Gabriel;20239523359;0;Ninguno;Pesos;0;;;;; ;
1423;Categoria 1;Habilitado;Alexis Pilka;;;Machado 94;Capital Federal;Sin especificar;alexis_pilka@hotmail.com;Consumidor final;Alexis Pilka;0;30367152;DNI;Pesos;0;;;;; ;
1424;Categoria 1;Habilitado;Rodrigo Sentineo;;1158811392;francisco bauza 2672 (Devoto);Capital Federal;Sin especificar;vinilosmistick@gmail.com;Consumidor final;Rodrigo Sentineo;0;0;Ninguno;Pesos;0;;;;; ;
1425;Categoria 1;Habilitado;Carlos Huarte ;;1523181832;;San Antonio de Padua;Sin especificar;;Consumidor final;Carlos Huarte ;0;0;Ninguno;Pesos;0;;;;; ;
1426;Categoria 1;Habilitado;BARRERA KARINA VERONICA;FERNANDO OSUNA;+54 9 3489 57-5358;SALMINI 46;Campana;Sin especificar;hoprintgigantografia@gmail.com;IVA Responsable Inscripto;BARRERA KARINA VERONICA;27209794166;0;Ninguno;Pesos;0;;;;; ;
1427;Categoria 1;Habilitado;Crucero del norte ;;0376-154387612;;POSADAS;Misiones;comunicacion.visual@crucerodelnorte.com.ar;Consumidor final;Crucero del norte ;0;0;Ninguno;Pesos;0;;;;; ;
1428;Categoria 1;Habilitado;Sergio Fiorone;;1538306612;Juan Fliorio 2703 ;San justo;Sin especificar;iava.sergio@hotmail.com.ar;Consumidor final;Sergio Fiorone;0;0;Ninguno;Pesos;0;;;;; ;
1429;Categoria 1;Habilitado;Ploter Jet;BAGGIANI MERCEDES ANGELA;45829208; almirante f segui 1933;Paternal;Sin especificar;andres@ploterjet.com.ar;IVA Responsable Inscripto;Ploter Jet;27045757701;0;Ninguno;Pesos;0;;;;; ;
1430;Categoria 1;Habilitado;DUBHE SRL;DUBHE SRL;40084477;;Haedo;Sin especificar;compras@basicopos.com;IVA Responsable Inscripto;DUBHE SRL;30711745897;0;Ninguno;Pesos;0;;;;; ;
1431;Categoria 1;Habilitado;CRUCERO DEL NORTE SRL;CRUCERO DEL NORTE SRL;;RUTA 12 - KM 8 1/ 2;POSADAS;Misiones;comunicacion.visual@crucerodelnorte.com.ar;IVA Responsable Inscripto;CRUCERO DEL NORTE SRL;30626296250;0;Ninguno;Pesos;0;;;;; ;
1432;Categoria 1;Habilitado;Nicolas Carrubba ;;;;Sin especificar;Sin especificar;;Consumidor final;Nicolas Carrubba ;0;0;Ninguno;Pesos;0;;;;; ;
1433;Categoria 1;Habilitado;Javier Pcgrafica;PC grafica Javi;+54 9 11 2889-5742;superi 3046;Capital Federal;Sin especificar;info@pcgrafica.com.ar;Responsable Monotributo;Javier Pcgrafica;20253863251;0;Ninguno;Pesos;0;;;;; ;
1434;Categoria 1;Habilitado;Sabi Denise;;;;Sin especificar;Sin especificar;sabinadenise@hotmail.com;Consumidor final;Sabi Denise;0;0;Ninguno;Pesos;0;;;;; ;
1435;Categoria 1;Habilitado;Martin Mattaini;Martin matan;+54 9 2284 55-9736;;OLAVARRIA;Buenos Aires;;Consumidor final;Martin Mattaini;0;0;Ninguno;Pesos;0;;;;; ;
1436;Categoria 1;Deshabilitado;CORDERO PLOTTER S.A;;;Patron 7213;Liniers;Sin especificar;damian@corderoplotter.com.ar;IVA Responsable Inscripto;Damian Ruben Cordero;30717267814;0;Ninguno;Pesos;0;;<p>&nbsp DIRECCION DE ENTREGA !!!!!!!!!!!!!!!!!!! PARQUE AVELLANEDA Av. Olivera 949<br></p>;;; ;
1437;Categoria 1;Habilitado;ROBERTS DANIEL ALEN ALEJANDRO;ROL GRAFICO;;Ruta 40 Km 1906.50;LAS GOLONDRINAS, LAGO PUELO;Sin especificar;info@rolgrafico.com.ar;Responsable Monotributo;ROBERTS DANIEL ALEN ALEJANDRO;20292603410;0;Ninguno;Pesos;0;;;;; ;
1438;Categoria 1;Habilitado;Agustin Conde;;+54 9 11 3695-2358;Cramer 1580 colegiales;Capital Federal;Sin especificar;;Consumidor final;Agustin Conde;0;0;Ninguno;Pesos;0;;;;; ;
1439;Categoria 1;Habilitado; Emir Hernan Viotti;;;Pte Perón y San Juan s/n CP 3060;Tostado;Sin especificar;sabinadenise@hotmail.com;Consumidor final; Emir Hernan Viotti;0;0;Ninguno;Pesos;0;;;;; ;
1440;Categoria 1;Habilitado;Natalia Herrera;;;Club Social y Dep. Mitre 2282 (Salta y Santa Lucia);Pilar;Sin especificar;nataliavherrera@gmail.com;Consumidor final;Natalia Herrera;0;0;Ninguno;Pesos;0;;;;; ;
1441;Categoria 1;Habilitado;NET EMERGENCIAS SRL;NET EMERGENCIAS SRL;;BLANCO ENCALADA 2971 Piso:4 Dpto:A    - BARRIO: BELGRANO;Capital Federal;Sin especificar;;IVA Responsable Inscripto;NET EMERGENCIAS SRL;30714862754;0;Ninguno;Pesos;0;;;;; ;
1442;Categoria 1;Habilitado;CORINTHIAN ARGENTINA S.R.L.;CORINTHIAN ARGENTINA S.R.L.;;TRELLES MANUEL R. 2474;Capital Federal;Sin especificar;gustavodaino@corinthian.com.ar;IVA Responsable Inscripto;CORINTHIAN ARGENTINA S.R.L.;30710510993;0;Ninguno;Pesos;0;;;;; ;
1443;Categoria 1;Habilitado;NUÑEZ DARIO EZEQUIEL;NUÑEZ DARIO EZEQUIEL;1564032215;SALADILLO 2270;Mataderos;Sin especificar;defonsg@gmail.com;IVA Responsable Inscripto;NUÑEZ DARIO EZEQUIEL;20304106795;0;Ninguno;Pesos;0;;;;; ;
1444;Categoria 1;Habilitado;GRAFICA ZC;Germán Azcuy;46373769;Dolores 20 CABA;Capital Federal;Sin especificar;graficazc@yahoo.com.ar;IVA Responsable Inscripto;Grafica ZC;20206947749;0;Ninguno;Pesos;0;;;;; ;
1445;Categoria 1;Habilitado;MG Print ;MGPRINT S.R.L.;;Guillermo Marconi 1111;Olivos;Sin especificar;gt@mgprint.com.ar;IVA Responsable Inscripto;MG Print ;30713742402;0;Ninguno;Pesos;0;;;;; ;
1446;Categoria 1;Habilitado;VISENTINI MARIANO ANDRES;VISENTINI MARIANO ANDRES;47604340;AV. MITRE 124;Villa Martelli;Sin especificar;mariano@rinografica.com.ar;IVA Responsable Inscripto;VISENTINI MARIANO ANDRES;20261011752;0;Ninguno;Pesos;0;;;;; ;
1447;Categoria 1;Habilitado;SAN INSUMOS DIGITALES S.R.L.;SAN INSUMOS DIGITALES S.R.L.;45032294;GONZALEZ JOAQUIN V. 3154;Capital Federal;Sin especificar;contacto@insumosdigitales.com;IVA Responsable Inscripto;SAN INSUMOS DIGITALES S.R.L.;30710873689;0;Ninguno;Pesos;0;;;;; ;
1448;Categoria 1;Habilitado;La reina del vinilo;;1531134477;Villaroel 1126 2ºB;Capital Federal;Sin especificar;agustinagonzalezm@gmail.com;Consumidor final;La reina del vinilo;0;0;Ninguno;Pesos;0;;;;; ;
1449;Categoria 1;Habilitado;Juan Carlos Sosa;SALAMA MARIA TERESA  Y  PETRACCHI FACUNDO ROBERTO S.H.;;Luis saenz peña 1660 1ºpiso o 2ºpiso;Capital Federal;Sin especificar;signo.sos@gmail.com;IVA Responsable Inscripto;Juan Carlos Sosa;30711488789;0;Ninguno;Pesos;0;;;;; ;
1450;Categoria 1;Habilitado;Matias calco show;Matias;+54 9 11 5809-6298;;Sin especificar;Sin especificar;;Consumidor final;Matias calco show;0;0;Ninguno;Pesos;0;;;;; ;
1451;Categoria 1;Habilitado;Saracino;SARACINO GUSTAVO DANIEL;;COSQUIN 985 Piso:PB Dpto:4;Capital Federal;Sin especificar;;IVA Responsable Inscripto;Saracino;20206109107;0;Ninguno;Pesos;0;;;;; ;
1452;Categoria 1;Habilitado;Federico Bracco;BRACCO FERDERICO;;AVELLANEDA 1783;Bragado;Sin especificar;equiposhowcar@hotmail.com;IVA Responsable Inscripto;Federico Bracco;20366259342;0;Ninguno;Pesos;0;;;;; ;
1453;Categoria 1;Habilitado;Juan Manuel LAMION;;;Maipu 324;Avellaneda;Sin especificar;crearproductos@yahoo.com;Consumidor final;Juan Manuel LAMION;0;0;Ninguno;Pesos;0;;;;; ;
1454;Categoria 1;Habilitado;Sebastian Gaviria;;;;Junin;Sin especificar;;Consumidor final;Sebastian Gaviria;0;0;Ninguno;Pesos;0;;;;; ;
1455;Categoria 1;Habilitado;LOPEZ BRAÑEIRO NICOLAS Y LOPEZ BRAÑEIRO GERMAN S.H.;German bandurria deco;+54 9 11 6525-7471;Luis Viale 140;Centro;Sin especificar;proveedores@bandurriadeco.com.ar;IVA Responsable Inscripto;LOPEZ BRAÑEIRO NICOLAS Y LOPEZ BRAÑEIRO GERMAN S.H.;30714587273;0;Ninguno;Pesos;0;;;;; ;
1456;Categoria 1;Habilitado;Insugraf;Insugraf SRL; (0341) 431 6221;Callao 3649;ROSARIO;Santa Fe;federico@insugraf.com.ar;IVA Responsable Inscripto;Insugraf;30710303661;0;Ninguno;Pesos;0;;;;; ;
1457;Categoria 1;Habilitado;Ramos hector rodrigo;;;anadon 431 Tierra del Fuego CP 9420;Rio Grande;Sin especificar;;Consumidor final;Ramos hector rodrigo;0;0;Ninguno;Pesos;0;;;;; ;
1458;Categoria 1;Habilitado;ZONA NORTE HOTEL SRL;ZONA NORTE HOTEL SRL;2976247746;AV PRESIDENTE RAUL R ALFONSIN 75;Comodoro Rivadavia;Sin especificar;;IVA Responsable Inscripto;ZONA NORTE HOTEL SRL;33714631859;0;Ninguno;Pesos;0;;;;; ;
1459;Categoria 1;Habilitado;Pablo Car;;011 1541760621;Humberto primo 2486;Lanus Oeste;Sin especificar;carpublicidad@speedy.com.ar;Consumidor final;Pablo Car;0;0;Ninguno;Pesos;0;;;;; ;
1460;Categoria 1;Habilitado;Miguel Farah;;60236947;Av Eva Peron 553 e/alberdi y Oribe;San Antonio de Padua;Sin especificar;imagensolucionesgraficas11@gmail.com;Consumidor final;Miguel Farah;0;0;Ninguno;Pesos;0;;;;; ;
1461;Categoria 1;Habilitado;MB educativa;;;;Capital Federal;Sin especificar;;Consumidor final;MB educativa;0;0;Ninguno;Pesos;0;;;;; ;
1462;Categoria 1;Habilitado;Rodrigo Pollio;;11-41903521;Achaval 2652;Lanus Oeste;Sin especificar;polloestyle@hotmail.es;Consumidor final;Rodrigo Pollio;0;0;Ninguno;Pesos;0;;;;; ;
1463;Categoria 1;Habilitado;Quality Prints;QUALITY PRINTS S.A. Diego;+54 9 11 3878-5596;CARRANZA ANGEL J. 1737 Piso:PB Dpto:4;Capital Federal;Sin especificar;infoqualityprints@gmail.com;IVA Responsable Inscripto;Quality Prints;30714692506;0;Ninguno;Pesos;0;;;;; ;
1464;Categoria 1;Habilitado;SALAMA MARIA TERESA  Y  PETRACCHI FACUNDO ROBERTO S.H.;SALAMA MARIA TERESA  Y  PETRACCHI FACUNDO ROBERTO S.H.;;CUCHA CUCHA 1420 Piso:7 Dpto:B;Capital Federal;Sin especificar;fpetracchi@gmail.com;IVA Responsable Inscripto;SALAMA MARIA TERESA  Y  PETRACCHI FACUNDO ROBERTO S.H.;30711488789;0;Ninguno;Pesos;0;;;;; ;
1465;Categoria 1;Habilitado;Martin;LAS KAPRINAS S.R.L.;;RIVERA PEDRO I. DR. 5010 Piso:10 Dpto:B;Sin especificar;Sin especificar;;IVA Responsable Inscripto;Martin;30711892261;0;Ninguno;Pesos;0;;;;; ;
1466;Categoria 1;Habilitado;Rutamar;RUTAMAR SRL;; Av. Del Sesquicentenario 1701 (CP 1613);Los polvorines;Sin especificar;preimpresos@viacorreo.com.ar;IVA Responsable Inscripto;Rutamar;33602749199;0;Ninguno;Pesos;0;;;;; ;
1467;Categoria 1;Habilitado;Vaca Design S.A.;Vaca Design S.A.;43268592 / 20761661;Av Rivadavia 14840 ;Haedo;Sin especificar;admi-vaca@hotmail.com;IVA Responsable Inscripto;Vaca Design S.A.;33714813299;0;Ninguno;Pesos;0;;;;; ;
1468;Categoria 1;Habilitado;Grafica Imagen;NEMI LEONARDO DANIEL;;Naon 3213;Villa Urquiza;CABA;daniel@graficaimagen.com.ar;IVA Responsable Inscripto;Grafica Imagen;20225024376;0;Ninguno;Pesos;0;;;;; ;
1469;Categoria 1;Habilitado;RODRIGUEZ MARTINEZ ROCIO MARCELA;Hernan;;CAMPOS LUIS MARIA AV 559  Dpto:401;Capital Federal;Sin especificar;hernan.barreiro@rh-studio.com;IVA Responsable Inscripto;RODRIGUEZ MARTINEZ ROCIO MARCELA;27321901625;0;Ninguno;Pesos;0;;;;; ;
1470;Categoria 1;Habilitado;CASTALDI FLAVIO JORGE;CASTALDI FLAVIO JORGE;;DIRECTORIO AV. 2763;Capital Federal;Sin especificar;graficaazero@hotmail.com;IVA Responsable Inscripto;CASTALDI FLAVIO JORGE;23235151219;0;Ninguno;Pesos;0;;;;; ;
1471;Categoria 1;Habilitado;NAVETTA LEONARDO MARTIN Y PALUSCI ROBERTO DOMINGO SOCIEDAD D;NAVETTA LEONARDO MARTIN Y PALUSCI ROBERTO DOMINGO SOCIEDAD D;47.089.688;JOSE MARIA VERDUGA 1949;Villa Adelina;Sin especificar;robertoemedos@hotmail.com;IVA Responsable Inscripto;NAVETTA LEONARDO MARTIN Y PALUSCI ROBERTO DOMINGO SOCIEDAD D;30711445788;0;Ninguno;Pesos;0;;;;; ;
1472;Categoria 1;Habilitado;Hernan Brites;;42532122;Oficial Jose Maria Sanchez 149 ( entre Gran Canaria y Aristobulo del valle );Quilmes;Sin especificar;hernan.brites86@hotmail.com;Consumidor final;Hernan Brites;0;0;Ninguno;Pesos;0;;;;; ;
1473;Categoria 1;Habilitado;CRESPO SPORT SA;CRESPO SPORT SA;;Av libertador 8392 3D;Capital Federal;Sin especificar;flavio@crespocenter.com;IVA Responsable Inscripto;CRESPO SPORT SA;30710924186;0;Ninguno;Pesos;0;;;;; ;
1474;Categoria 1;Habilitado;Bernabe Daher;;2.93E+16;Arribeños 2617 1B;Capital Federal;Sin especificar;bernabe.daher@gmail.com;Consumidor final;Bernabe Daher;0;0;Ninguno;Pesos;0;;;;; ;
1475;Categoria 1;Habilitado;MAXVISION GRAFICA S.R.L.;MAXVISION GRAFICA S.R.L.;11 3221 1643;JUAN BAUTISTA SARGENTO CABRAL 2409 ;Munro;Sin especificar;admin@maxvisiongrafica.com.ar;IVA Responsable Inscripto;MAXVISION GRAFICA S.R.L.;30712195297;0;Ninguno;Pesos;0;;;;; ;
1476;Categoria 1;Habilitado;BEDERIAL SOCIEDAD ANONIMA;BEDERIAL SOCIEDAD ANONIMA;;RECONQUISTA 924;Sin especificar;Sin especificar;;IVA Responsable Inscripto;BEDERIAL SOCIEDAD ANONIMA;30707472835;0;Ninguno;Pesos;0;;;;; ;
1477;Categoria 1;Habilitado;Portal Print;;15-6473-2101;Avenida America 550 ;Saenz peña;Sin especificar;portalprint@hotmail.com;Consumidor final;Portal Print;0;0;Ninguno;Pesos;0;;;;; ;
1478;Categoria 1;Habilitado;RODRIGUEZ ALEJANDRA INES;RODRIGUEZ ALEJANDRA INES;02901-492426;MINKIOL 339 (CP 9412);Tolhuin;Sin especificar;PERSONALIZADOSMAH@hotmail.com;Responsable Monotributo;RODRIGUEZ ALEJANDRA INES;27250844986;0;Ninguno;Pesos;0;;;;; ;
1479;Categoria 1;Habilitado;ARTES& OFICIOS GRAFICOS SRL;ARTES& OFICIOS GRAFICOS SRL;47885404;CABILDO AV. 2548 - BARRIO: BELGRANO;Capital Federal;Sin especificar;administracion@artesyoficios.com.ar;IVA Responsable Inscripto;ARTES& OFICIOS GRAFICOS SRL;30712395148;0;Ninguno;Pesos;0;;;;; ;
1480;Categoria 1;Habilitado;13 ONZAS S.R.L;13 ONZAS S.R.L;221-5975173;117 nº74      - ENTRE LAS CALLES: 33 Y 34;La plata;Sin especificar;multiespacio@gmail.com;IVA Responsable Inscripto;13 ONZAS S.R.L;30711119961;0;Ninguno;Pesos;0;;;;; ;
1481;Categoria 1;Habilitado;Federico Calani;;0263-154367718;;Mendoza;Sin especificar;enlasendadelindio@gmail.com;Consumidor final;Federico Calani;0;0;Ninguno;Pesos;0;;;;; ;
1482;Categoria 1;Habilitado;Maximiliano Garcia;;;;Bolivar;Sin especificar;Protork_46@hotmail.com;Consumidor final;Maximiliano Garcia;0;0;Ninguno;Pesos;0;;;;; ;
1483;Categoria 1;Habilitado;ATENMED SA;ATENMED SA;;Lavalle 662;Capital Federal;Sin especificar;martinalvaro@atenmed.com.ar;IVA Responsable Inscripto;ATENMED SA;30708017236;0;Ninguno;Pesos;0;;;;; ;
1484;Categoria 1;Habilitado;MENENDEZ MANUEL;MENENDEZ MANUEL;;ANCHORENA 717     ;Temperley;Sin especificar;administracion@taller4.com.ar;IVA Responsable Inscripto;MENENDEZ MANUEL;20224111259;0;Ninguno;Pesos;0;;;;; ;
1485;Categoria 1;Habilitado;VERGNIAUD FERNANDO ALBERTO;VERGNIAUD FERNANDO ALBERTO;60913268;TERRY JOSE A. 391 Piso:4;Capital Federal;Sin especificar;fvergniaud@gmail.com;IVA Responsable Inscripto;VERGNIAUD FERNANDO ALBERTO;20142172306;0;Ninguno;Pesos;0;;;;; ;
1486;Categoria 1;Habilitado;PEREZ CESAR ADRIAN;PEREZ CESAR ADRIAN;+54 9 11 5620-9430;Camargo 524;Capital Federal;Sin especificar;info@klings.com.ar;IVA Responsable Inscripto;PEREZ CESAR ADRIAN;20238573301;0;Ninguno;Pesos;0;;;;; ;
1487;Categoria 1;Habilitado;Yesica Sayans;;;rio grande tierra del fuego;Rio Grande;Sin especificar;;Consumidor final;Yesica Sayans;0;0;Ninguno;Pesos;0;;;;; ;
1488;Categoria 1;Habilitado;Germán Lamas;;;calle 32 entre 175 norte y 176 barrio banco provincia;Berisso;Sin especificar;lamas.german@gmail.com;Responsable Monotributo;Germán Lamas;20314620691;0;Ninguno;Pesos;0;;;;; ;
1489;Categoria 1;Habilitado;Alan Puglisi;;1561950056º;marmol 1991;Sin especificar;Sin especificar;alan.dp.-@hotmail.com;Consumidor final;Alan Puglisi;0;0;Ninguno;Pesos;0;;;;; ;
1490;Categoria 1;Habilitado;Grafica Selekta;CUPERTINO BELLEZZE ARIEL MARCELO;;PELLIZA 4384;Munro;Sin especificar;proveedores@gruposelekta.com.ar;IVA Responsable Inscripto;Grafica Selekta;20234583973;0;Ninguno;Pesos;0;;;;; ;
1491;Categoria 1;Habilitado;Victor Manuel Lucero;;0280 154334256;Rosario 550 (Chubut cp 9120);Puerto Madryn;Sin especificar;;Consumidor final;Victor Manuel Lucero;0;0;Ninguno;Pesos;0;;;;; ;
1492;Categoria 1;Habilitado;Francisco Gramajo;;;martignone 40;Pilar;Sin especificar;;Consumidor final;Francisco Gramajo;0;37346610;DNI;Pesos;0;;;;; ;
1493;Categoria 1;Habilitado;Ariel Mendez;;1551859724;Av san martin 2730 ;Lomas de mirador;Sin especificar;puiblic-imagen@hotmail.com;Consumidor final;Ariel Mendez;0;0;Ninguno;Pesos;0;;;;; ;
1494;Categoria 1;Habilitado;Car vinyl;BARROS LEONARDO SEBASTIAN;;Av lope de vega 2902;Capital Federal;Sin especificar;carvinylprotect@gmail.com;Responsable Monotributo;Car vinyl;20243661537;0;Ninguno;Pesos;0;;;;; ;
1495;Categoria 1;Habilitado;Luciano gliubizzi;;1164345409;Dinamarca 1396;El Palomar;Sin especificar;Newcarplot@hotmail.com;Consumidor final;Luciano gliubizzi;0;0;Ninguno;Pesos;0;;;;; ;
1496;Categoria 1;Habilitado;Puntoa servicios graficos;;02926 15 403389;Av. Sixto Rodriguez 1772 CP: 7540;Coronel Suarez;Sin especificar;puntoarserviciosgraficos@gmail.com;Consumidor final;Puntoa servicios graficos;0;0;Ninguno;Pesos;0;;;;; ;
1497;Categoria 1;Habilitado;Pura Vida ;;;Av directorio 386 9A;Capital Federal;Sin especificar;puravidataller.dg@gmail.com;Consumidor final;Pura Vida ;0;0;Ninguno;Pesos;0;;;;; ;
1498;Categoria 1;Habilitado;Visual Group;VISUAL GROUP SRL;Rot:(541) 47993716;PELLIZA 3367;Olivos;Sin especificar;administracion@visualgroup.com.ar;IVA Responsable Inscripto;Visual Group;33707416519;0;Ninguno;Pesos;0;;;;; ;
1499;Categoria 1;Habilitado;Marcelo Lobotrico ;ULTRA;;nazarre 4785;Villa Devoto;Sin especificar;barcode779@gmail.com;Consumidor final;Marcelo Lobotrico ;0;0;Ninguno;Pesos;0;;;;; ;
1500;Categoria 1;Habilitado;Facundo Miller;MILLER FACUNDO MANUEL;;AV ZEBALLOS 135 LOCAL 4;GUATRACHE;Sin especificar;graficatecno7@gmail.com;IVA Responsable Inscripto;Facundo Miller;20399314284;0;Ninguno;Pesos;0;;;;; ;
1501;Categoria 1;Habilitado;INSIDE IMAGEN CORPORATIVA S,A,;INSIDE IMAGEN CORPORATIVA S,A,;2355441625;Cerrito 3711;Villa Adelina;Sin especificar;manuel@inside.com;IVA Responsable Inscripto;INSIDE IMAGEN CORPORATIVA S,A,;30715287176;0;Ninguno;Pesos;0;;;;; ;
1502;Categoria 1;Habilitado;Cristian Sapir;SAPIR CRISTIAN ARIEL;39697409;ALBERDI JUAN B. AV. 1924;Capital Federal;Sin especificar;info@crprint.com.ar;Responsable Monotributo;Cristian Sapir;20267864129;0;Ninguno;Pesos;0;;;;; ;
1503;Categoria 1;Habilitado;Maria florencia marenco;;011-1568039642;25 de mayo 1320 (casa) ;San Fernando;Sin especificar;Acuarelas180@hotmail.com;Consumidor final;Maria florencia marenco;0;0;Ninguno;Pesos;0;;;;; ;
1504;Categoria 1;Habilitado;Ciudad Grafica;ALBORNOZ JUAN CRUZ;4620-3754;BEVILACQUA 1990  Dpto:4;Ciudad Evita, La Matanza;Sin especificar;ciudadgrafic@gmail.com;IVA Responsable Inscripto;Ciudad Grafica;20307233887;0;Ninguno;Pesos;0;;;;; ;
1505;Categoria 1;Habilitado;NEUN FERNANDO DANIEL;NEUN FERNANDO DANIEL;;SAN MARTIN 2130;RIO GALLEGOS;Sin especificar;;IVA Responsable Inscripto;NEUN FERNANDO DANIEL;20227254565;0;Ninguno;Pesos;0;;;;; ;
1506;Categoria 1;Habilitado;Sake Print ;CAMPOS OJEDA RODRIGO WALTER;;PARANA 552 Piso:4&#186  44;Ciudad Autónoma De Buenos Aires;CABA;sakeprint@gmail.com;IVA Responsable Inscripto;SISTEMAS MATVAL;30716508915;0;Ninguno;Pesos;0;;;;; ;
1507;Categoria 1;Habilitado;Ants Clothes;;;General Arias 3635 ( entre chascomus y pirovano);Lanus este;Sin especificar;ants.clothes@gmail.com;Consumidor final;Ants Clothes;0;0;Ninguno;Pesos;0;;;;; ;
1508;Categoria 1;Habilitado;Andrea;;1562550206;Olavarria 933;Villa Madero;Sin especificar;ar@andrearodriguez.com.ar;Consumidor final;Andrea;0;0;Ninguno;Pesos;0;;;;; ;
1509;Categoria 1;Habilitado;Rolfi ploteos;;;                        Rio negro 1698;Florencio Varela;Sin especificar;rolfisploteos@yahoo.com.ar;Consumidor final;Rolfi ploteos;0;0;Ninguno;Pesos;0;;;;; ;
1510;Categoria 1;Habilitado;SAVOTINSKY DIEGO LEONARDO;SAVOTINSKY DIEGO LEONARDO;+54 9 11 4183-1897;VIRREY LINIERS 629;Villa Sarmiento;Sin especificar;Cuadrog@gmail.com;IVA Responsable Inscripto;SAVOTINSKY DIEGO LEONARDO;20243135975;0;Ninguno;Pesos;0;;;;; ;
1511;Categoria 1;Habilitado;Horacio Gabriel Fabris;FABRIS HORACIO GABRIEL;;SAAVEDRA 935 Piso:PA (8500);VIEDMA;Sin especificar;;IVA Responsable Inscripto;Horacio Gabriel Fabris;20166053782;0;Ninguno;Pesos;0;;;;; ;
1512;Categoria 1;Habilitado;Fabian Duarte;PLASTICOS REFORZADOS OESTE S.A.;1558795843;RAMALLO 5226;Caseros;Sin especificar;;IVA Responsable Inscripto;Fabian Duarte;30714079839;0;Ninguno;Pesos;0;;;;; ;
1513;Categoria 1;Habilitado;Carolina Cid campeador;;;Franklin 1132 4º 15;Caballito;Sin especificar;;Consumidor final;Carolina Cid campeador;0;0;Ninguno;Pesos;0;;;;; ;
1514;Categoria 1;Habilitado;Cg Carrera;C.G. CARRERA S.A.;;Vieytes 1448 - banfield;Buenos Aires;Sin especificar;Santiago@jpcarrera.com.ar;IVA Responsable Inscripto;Cg Carrera;30712352015;0;Ninguno;Pesos;0;;;;; ;
1515;Categoria 1;Habilitado;GRUPO NIZETO SRL;GRUPO NIZETO SRL;;JUAN DE RIVADENEIRA 3888      - BARRIO: LA FRANCE;La France;Sin especificar;;IVA Responsable Inscripto;GRUPO NIZETO SRL;30715298925;0;Ninguno;Pesos;0;;;;; ;
1516;Categoria 1;Habilitado;DIAZ FACUNDO EZEQUIEL;DIAZ FACUNDO EZEQUIEL;;Ercilla 5970 Puerta negra;Capital Federal;Sin especificar;darioezequiel.nunez@gmail.com;IVA Responsable Inscripto;DIAZ FACUNDO EZEQUIEL;20310088103;0;Ninguno;Pesos;0;;;;; ;
1517;Categoria 1;Habilitado;Daniel teran;ONLY SPORT S.R.L;;Jose leon cabezon 3254;Capital Federal;Sin especificar;danielteranp@gmail.com;IVA Responsable Inscripto;Daniel teran;30710098065;0;Ninguno;Pesos;0;;;;; ;
1518;Categoria 1;Habilitado;Adrian Alvarez ;prefectura;;Solis 642 PA;Tigre;Sin especificar;adrianmarcerloalvarez@yahoo.com.ar;Consumidor final;Adrian Alvarez ;0;0;Ninguno;Pesos;0;;;;; ;
1519;Categoria 1;Habilitado;Visual fotografia;;54 2281  50-7672;Salta 430;Azul;Sin especificar;visualfotovideo@live.com;Consumidor final;Visual fotografia;0;0;Ninguno;Pesos;0;;;;; ;
1520;Categoria 1;Habilitado;Visual Rafaela;;3492 206895;Ameghino 342;RAFAELA;Sin especificar;fp1987@live.com;Consumidor final;Visual Rafaela;0;0;Ninguno;Pesos;0;;;;; ;
1521;Categoria 1;Habilitado;grafica3g;;;Warnes 902;Capital Federal;Sin especificar;grafica3g@live.com;Consumidor final;grafica3g;0;0;Ninguno;Pesos;0;;;;; ;
1522;Categoria 1;Habilitado;Grafical;;;JB justo 4742;Sin especificar;Sin especificar;info@grafical.com.ar;Consumidor final;Grafical;0;0;Ninguno;Pesos;0;;;;; ;
1523;Categoria 1;Habilitado;Extreme Design;RODRIGUEZ OLIVERA EMILIO NICOLAS;;Pringles 2363;Ramos Mejia;Sin especificar;info@graficaextreme.com;Responsable Monotributo;Extreme Design;20283220797;0;Ninguno;Pesos;0;;;;; ;
1524;Categoria 1;Habilitado;NAVARRO HERNAN JAVIER;NAVARRO HERNAN JAVIER;02901-444544;OLMOS 908;Ushuaia;Sin especificar;impresionar@speedy.com.ar;IVA Responsable Inscripto;NAVARRO HERNAN JAVIER;20228475093;0;Ninguno;Pesos;0;;;;; ;
1525;Categoria 1;Habilitado;Martin Maisonnave;;;;Sin especificar;Sin especificar;martin.maisonnave@gmail.com;Consumidor final;Martin Maisonnave;0;0;Ninguno;Pesos;0;;;;; ;
1526;Categoria 1;Habilitado;RINGO PUBLICIDAD S.R.L.;RINGO PUBLICIDAD S.R.L. Valeria;+54 9 11 3027-3267;solano lopez 2155 - caba agronomia;Sin especificar;Sin especificar;administracion@ringopublicidad.com.ar;IVA Responsable Inscripto;RINGO PUBLICIDAD S.R.L.;30710884281;0;Ninguno;Pesos;0;;;;; ;
1527;Categoria 1;Habilitado;GESTION DE DOCUMENTACION ADUANERA SA;GESTION DE DOCUMENTACION ADUANERA SA;43428578;BELGRANO AV. 634 Piso:2 Dpto:C;Capital Federal;Sin especificar;soycabrol@gmail.com;IVA Responsable Inscripto;GESTION DE DOCUMENTACION ADUANERA SA;30709770035;0;Ninguno;Pesos;0;;;;; ;
1528;Categoria 1;Habilitado;Leonardo Buttera;BUTERA LEONARDO RODOLFO LEONARDO RODOLFO;1565962576;TRIUNVIRATO AV. 5509;Capital Federal;Sin especificar;leonardo@checkcar.com.ar;Responsable Monotributo;Leonardo Buttera;20308961967;0;Ninguno;Pesos;0;;;;; ;
1529;Categoria 1;Habilitado;Backup;;02241-15506167;Belgrano 410;chascomus;Sin especificar;n.rojas_24@hotmail.com;Consumidor final;Backup;0;0;Ninguno;Pesos;0;;;;; ;
1530;Categoria 1;Habilitado;ASTUTTI MARIO JOSE, DALTON TOMAS SANTIAGO Y FURLANI GONZALO;ASTUTTI MARIO JOSE, DALTON TOMAS SANTIAGO Y FURLANI GONZALO;;WARNES AV. 1984;Capital Federal;Sin especificar;laurasodapasta@gmail.com;IVA Responsable Inscripto;ASTUTTI MARIO JOSE, DALTON TOMAS SANTIAGO Y FURLANI GONZALO;30711690200;0;Ninguno;Pesos;0;;;;; ;
1531;Categoria 1;Habilitado;Lucas matias bezek;Estudio Enigma DCV;+54 9 2215 37-4988;Libertad 2213;9 de julio;Sin especificar;estudioenigma@hotmail.com;Consumidor final;Estudio Enigma DCV;0;27850606;DNI;Pesos;0;;;;;6500;
1532;Categoria 1;Habilitado;Mep publicidad;;1562805826;Sto Cabral 1593 Muñiz San miguel;Sin especificar;Sin especificar;Meppublicidad@gmail.com;Consumidor final;Mep publicidad;0;0;Ninguno;Pesos;0;;;;; ;
1533;Categoria 1;Habilitado;Facundo Lutturco;;;Uruguay 479;EL TALAR;Sin especificar;enron47@gmail.com;Consumidor final;Facundo Lutturco;0;0;Ninguno;Pesos;0;;;;; ;
1534;Categoria 1;Habilitado;Mario Albertogiannattasio;GIANNATTASIO MARIO ALBERTO;;RODRIGUEZ PEÑA 450 Piso:3 Dpto:B;Sin especificar;Sin especificar;;IVA Responsable Inscripto;Mario Albertogiannattasio;20045895107;0;Ninguno;Pesos;0;;;;; ;
1535;Categoria 1;Habilitado;estudio decorativo;;1152503994/54313693;arias 2946 castelar ;Sin especificar;Sin especificar;estudiodecorativo@hotmail.com;Consumidor final;estudio decorativo;0;0;Ninguno;Pesos;0;;;;; ;
1536;Categoria 1;Habilitado;Daniel Bernal;;;16 Nº6 38;Mercedes;Sin especificar;imagengraficamercedes@gmail.com;Consumidor final;Daniel Bernal;0;0;Ninguno;Pesos;0;;;;; ;
1537;Categoria 1;Habilitado;Ted Bodin Sa;TED BODIN S A;;BULNES 1059 Piso:PB;Sin especificar;Sin especificar;julietaf@etam.com.ar;IVA Responsable Inscripto;Ted Bodin Sa;30601117882;0;Ninguno;Pesos;0;;;;; ;
1538;Categoria 1;Habilitado;COSTA VIAJES S R L;COSTA VIAJES S R L;03548-425882 int 37;ALEM 617 ;Huerta Grande;Sin especificar;administracion@costaviajes.com.ar;IVA Responsable Inscripto;COSTA VIAJES S R L;30709922668;0;Ninguno;Pesos;0;;;;; ;
1539;Categoria 1;Habilitado;CALDERON RICARDO JAVIER;Lepol;;Pedro Macias 1465;Ushuaia;Sin especificar;lepol@live.com.ar;IVA Sujeto Exento;CALDERON RICARDO JAVIER;20276860454;0;Ninguno;Pesos;0;;;;; ;
1540;Categoria 1;Habilitado;Fedra Carol;;;Independencia 124 Cp2930;San Pedro;Sin especificar;carolfedra@gmail.com;Consumidor final;Fedra Carol;0;0;Ninguno;Pesos;0;;;;; ;
1541;Categoria 1;Habilitado;c.vc;CVC SOCIEDAD ANONIMA;1130162433;gellyn 3650;Capital Federal;Sin especificar;salvaerosa-98@hotmai9l.com;IVA Responsable Inscripto;c.vc;30582215703;0;Ninguno;Pesos;0;;;;; ;
1542;Categoria 1;Habilitado;Pes grafica;SEBASTIAN CARLOS GERONI;;Av Melian 4040;Capital Federal;Sin especificar;PROVEEDORES@PESGRAFICA.COM.AR;IVA Responsable Inscripto;Pes grafica;20238058261;0;Ninguno;Pesos;0;;;;; ;
1543;Categoria 1;Habilitado;SUCESION DE DUHAU FLORINDA;;;RAMON FRANCO 29;Salto;Sin especificar;vangrafmail@gmail.com;IVA Responsable Inscripto;SUCESION DE DUHAU FLORINDA;27062009964;0;Ninguno;Pesos;0;;;;; ;
1544;Categoria 1;Habilitado;TOLEDO ADRIAN MARCELO;TOLEDO ADRIAN MARCELO;;LIBERTADOR DEL AV. 5831 Piso:3 Dpto:C;Sin especificar;Sin especificar;;IVA Responsable Inscripto;TOLEDO ADRIAN MARCELO;20184395143;0;Ninguno;Pesos;0;;;;; ;
1545;Categoria 1;Habilitado;Glifos;VISUAL GRAPHICS  SRL;;Lope de Vega 654;Santa Rosa;Sin especificar;info@glifos.com.ar;IVA Responsable Inscripto;Glifos;30709934496;0;Ninguno;Pesos;0;;;;; ;
1546;Categoria 1;Habilitado;NIZETICH OSCAR MARCELO;NIZETICH OSCAR MARCELO;;CONCEPCION DEL BERMEJO 3638  Dpto:1;La France;Sin especificar;;IVA Responsable Inscripto;NIZETICH OSCAR MARCELO;20126691913;0;Ninguno;Pesos;0;;;;; ;
1547;Categoria 1;Habilitado;PROYECTO Y DECISIONES S.R.L.;MG CALCOS ALEJANDRO;;mitre 553 ;Villa Martelli;Sin especificar;mgvlopez@gmail.com;IVA Responsable Inscripto;PROYECTO Y DECISIONES S.R.L.;30707328505;0;Ninguno;Pesos;0;;;;; ;
1549;Categoria 1;Habilitado;GARCIA GABRIELA FERNANDA;GARCIA GABRIELA FERNANDA;;Adolfo Carranza 3049 PB B;Capital Federal;Sin especificar;okregabriela@gmail.com;Responsable Monotributo;GARCIA GABRIELA FERNANDA;27181833403;0;Ninguno;Pesos;0;;;;; ;
1550;Categoria 1;Habilitado;Enzo Faggiolani;;;;Sin especificar;Sin especificar;enzoefe@hotmail.com;Consumidor final;Enzo Faggiolani;0;0;Ninguno;Pesos;0;;;;; ;
1551;Categoria 1;Habilitado;NEIMAN EMILIO;NEIMAN EMILIO;1545785568;sarmiento 3560 Depto LL;Capital Federal;Sin especificar;emilioneiman@gmail.com;Responsable Monotributo;NEIMAN EMILIO;20302180556;0;Ninguno;Pesos;0;;;;; ;
1552;Categoria 1;Habilitado;SATELITAR DIVISION ALARMAS S.A.;SATELITAR DIVISION ALARMAS S.A.;42573396;COLON 140;Quilmes;Sin especificar;mzapata@saseguridad.com.ar;IVA Responsable Inscripto;SATELITAR DIVISION ALARMAS S.A.;30711535221;0;Ninguno;Pesos;0;;;;; ;
1553;Categoria 1;Habilitado;Serial Grafica SRL;Serial grafica SRL;;Av Ramirez 3352;Parana;Sin especificar;juliohfernandez@gmail.com;IVA Responsable Inscripto;Serial Grafica SRL;30715067621;0;Ninguno;Pesos;0;;;;; ;
1554;Categoria 1;Habilitado;Domo;BILBAO FEDERICO EZEQUIEL;+54 9 11 6092-1279;WILLIAM MORRIS 890 ;Vicente lopez;Sin especificar;ventasdomo@gmail.com;IVA Responsable Inscripto;Domo;20305937305;0;Ninguno;Pesos;0;;;;; ;
1555;Categoria 1;Habilitado;Jose Luis;;2478419915;;Arrecifes;Sin especificar;stiloimagen@yahoo.com.ar;Consumidor final;Jose Luis;0;0;Ninguno;Pesos;0;;;;; ;
1556;Categoria 1;Habilitado;AR DESIGN;Aldo (Chaco);;avenida güemes al 1524 (Chaco);Juan Jose Castelli;Sin especificar;reyesaldo338@gmail.com;Consumidor final;AR DESIGN;0;38970227;DNI;Pesos;0;;;;; ;
1557;Categoria 1;Habilitado;FERRARO LUCIANO GASTON;FERRARO LUCIANO GASTON;;Paso 4150;Lomas de mirador;Sin especificar;graphicstamp@gmail.com;IVA Responsable Inscripto;FERRARO LUCIANO GASTON;20303530720;0;Ninguno;Pesos;0;;;;; ;
1558;Categoria 1;Habilitado;POLVERA JAVIER PABLO;POLVERA JAVIER PABLO;;MONTIEL 3255;Sin especificar;Sin especificar;Graphicstamp@yahoo.com.ar;IVA Responsable Inscripto;POLVERA JAVIER PABLO;20272418560;0;Ninguno;Pesos;0;;;;; ;
1559;Categoria 1;Habilitado;Brian;;1133438410;;Ciudad Evita, La Matanza;Sin especificar;briaan324@gmail.com;Consumidor final;Brian;0;0;Ninguno;Pesos;0;;;;; ;
1560;Categoria 1;Habilitado;Maximiliano Donda;;;Gorriti 2383 ;Lomas de Zamora;Sin especificar;disenosgraficos.md@gmail.com;Consumidor final;Maximiliano Donda;0;0;Ninguno;Pesos;0;;;;; ;
1561;Categoria 1;Habilitado;poster shop;;;;Sin especificar;Sin especificar;gastontaiba@gmail.com;Consumidor final;poster shop;0;0;Ninguno;Pesos;0;;;;; ;
1562;Categoria 1;Habilitado;Letreros publicitarios;LETREROS PUBLICITARIOS SRL;485460200;DUMONT SANTOS 4819;Sin especificar;Sin especificar;administracion1@letrerosweb.com;IVA Responsable Inscripto;Letreros publicitarios;30708581778;0;Ninguno;Pesos;0;;;;; ;
1563;Categoria 1;Habilitado;Letreros Abel;MALLOFRE ROMAN JESUS;;SARMIENTO 148;Carlos Casares;Sin especificar;letrerosabel@yahoo.com.ar;IVA Responsable Inscripto;Letreros Abel;20294705601;0;Ninguno;Pesos;0;;;;; ;
1564;Categoria 1;Habilitado;Proyecto 7 publicidad SRL;Proyecto 7 Publicidad SRL;011 4460-2513; Igualdad 1197. Haedo.;Haedo;Sin especificar;roberto@proyectosiete.net;IVA Responsable Inscripto;Proyecto 7 publicidad SRL;33714550069;0;Ninguno;Pesos;0;;;;; ;
1565;Categoria 1;Habilitado;Focus Point;Focus Point S.A.;47626620/6272- 1556062000;Maestro Granada 251;Boulogne / San isidro;Sin especificar;augusto@focuspoint.com.ar;IVA Responsable Inscripto;Focus Point;33707451829;0;Ninguno;Pesos;0;;;;; ;
1566;Categoria 1;Habilitado;Ariel Zarate;;;Velazco 372 4B;Sin especificar;Sin especificar;ariel88826@yahoo.com.ar;Consumidor final;Ariel Zarate;0;0;Ninguno;Pesos;0;;;;; ;
1567;Categoria 1;Habilitado;RAPAGNANI ALICIA MARIA;RAPAGNANI ALICIA MARIA;;ELCANO AV. 3628;Sin especificar;Sin especificar;megaprint100@gmail.com;IVA Responsable Inscripto;RAPAGNANI ALICIA MARIA;27049827410;0;Ninguno;Pesos;0;;;;; ;
1568;Categoria 1;Habilitado;BOGADO LUCAS FERNANDO;BOGADO LUCAS FERNANDO;49580753;Atanasio Girardot 1361;Capital Federal;Sin especificar;lucas@xacto.com.ar;IVA Responsable Inscripto;BOGADO LUCAS FERNANDO;20280339262;0;Ninguno;Pesos;0;;;;; ;
1569;Categoria 1;Habilitado;CABRERA GUSTAVO MARIANO;CABRERA GUSTAVO MARIANO;1560921872;CAFERATA 5130;Caseros;Sin especificar;kuadraletreros@arnet.com.ar;IVA Responsable Inscripto;CABRERA GUSTAVO MARIANO;20224938986;0;Ninguno;Pesos;0;;;;; ;
1570;Categoria 1;Habilitado;Marcos Persico ;Marcos Glisten Car;+54 9 11 6274-3618;Mendoza 4368 villa urquiza;Capital Federal;Sin especificar;Persico.m@hotmail.com;Consumidor final;Marcos Persico ;0;0;Ninguno;Pesos;0;;;;; ;
1571;Categoria 1;Habilitado;Gustavo Marcelo Robles;ROBLES GUSTAVO MARCELO;;avenida entre rios 1808;Capital Federal;Sin especificar;info@roblesclimatizacion.com.ar;IVA Responsable Inscripto;Gustavo Marcelo Robles;20218807098;0;Ninguno;Pesos;0;;;;; ;
1572;Categoria 1;Habilitado;innovar;;2216753122;calle 47 entre 1 y 2 Nº 307;La plata;Sin especificar;innovargrafica@hotmail.com;Consumidor final;innovar;0;0;Ninguno;Pesos;0;;;;; ;
1573;Categoria 1;Habilitado;BD CINE S.R.L.;BD CINE S.R.L.;1544451041;ALVAREZ THOMAS AV. 198 Piso:2 Dpto:P;Capital Federal;Sin especificar;correodmarina@hotmail.com;IVA Responsable Inscripto;BD CINE S.R.L.;30707403493;0;Ninguno;Pesos;0;;;;; ;
1574;Categoria 1;Habilitado;Marisa Montero;MONTERO MARISA GRACIELA;+54 9 2215 31-0362;122 nº 2850;La plata;Sin especificar;marisa.dcv@hotmail.com;Responsable Monotributo;Marisa Montero;27313813075;0;Ninguno;Pesos;0;;;;; ;
1575;Categoria 1;Habilitado;Intenso Visual;PEROT MATIAS ROBERTO;1131608921;LA PINTA 6026 ;9 de Abril Esteban Echeverria;Sin especificar;info@intenso-visual.com;IVA Responsable Inscripto;Intenso Visual;20269205254;0;Ninguno;Pesos;0;;;;; ;
1576;Categoria 1;Habilitado;Facundo Ledesma;Facundo Ledesma;299 4 621500;Bahia Blanca 317;Neuquen;Sin especificar;contacto@thimonerservicios.com.ar;IVA Responsable Inscripto;Facundo Ledesma;20260579798;0;Ninguno;Pesos;0;;;;; ;
1577;Categoria 1;Habilitado;C   D  S.A.;C   D  S.A.;1161130588;VALENTIN GOMEZ 776;Sin especificar;Sin especificar;compras@containersdisplays.com.ar;IVA Responsable Inscripto;C   D  S.A.;30712082395;0;Ninguno;Pesos;0;;;;; ;
1578;Categoria 1;Habilitado;Agustina Gonzalez Martinez;;1.12E+16;Villarroel 1126-2b;Sin especificar;Sin especificar;agustinagonzalezm@gmail.com;Consumidor final;Agustina Gonzalez Martinez;0;0;Ninguno;Pesos;0;;;;; ;
1579;Categoria 1;Habilitado;D.G. -SNAP-;ROMAN MARCOS EMANUEL;54.341.156.021.303;Entre ríos 1154 CP 2200;San Lorenzo;Sin especificar;snap@outlook.com.ar;IVA Responsable Inscripto;D.G. -SNAP-;20289143522;0;Ninguno;Pesos;0;;;;; ;
1580;Categoria 1;Habilitado;Graphic Zone;;52184430;Grito de Asencio 3618;Capital Federal;Sin especificar;pedro@graphic-zone.com.ar;IVA Responsable Inscripto;Graphic Zone;30709903906;0;Ninguno;Pesos;0;;;;; ;
1581;Categoria 1;Habilitado;Grafica XD;;;Urquiza 319 (Entre Rios);Parana;Sin especificar;graficaxdpna@gmail.com;Consumidor final;Grafica XD;20313077072;0;Ninguno;Pesos;0;;;;; ;
1582;Categoria 1;Habilitado;Charly Sanchez;;+54 9 332 933-3505;;Sin especificar;Sin especificar;charlysanchez.1990.cs@gmail.com;Consumidor final;Charly Sanchez;0;0;Ninguno;Pesos;0;;;;; ;
1583;Categoria 1;Habilitado;Daniela ;;1132511849;;Sin especificar;Sin especificar;dany8867@live.com.ar;Consumidor final;Daniela ;0;0;Ninguno;Pesos;0;;;;; ;
1584;Categoria 1;Habilitado;matias!!!;MDG calco show;;guardia vieja 4422 Pb B;Capital Federal;Sin especificar;mdg@hotmail.com;Consumidor final;matias!!!;0;0;Ninguno;Pesos;0;;;;; ;
1585;Categoria 1;Habilitado;Sergio Luis Gerstner;;03718-15623863;;Sin especificar;Sin especificar;sergiofacundoleonel@hotmail.com;Consumidor final;Sergio Luis Gerstner;0;0;Ninguno;Pesos;0;;;;; ;
1586;Categoria 1;Habilitado;HOLLY POLLY S.R.L.;HOLLY POLLY S.R.L.;;CONDE 3041 Piso:1 Dpto:3;Sin especificar;Sin especificar;administracion1@letrerosweb.com;IVA Responsable Inscripto;HOLLY POLLY S.R.L.;30712284176;0;Ninguno;Pesos;0;;;;; ;
1587;Categoria 1;Habilitado;Mario Galloro;Galloro Mario;;Giribone 1183;Colegiales;Sin especificar;canalvisual@hotmail.com;IVA Responsable Inscripto;Mario Galloro;20169768332;0;Ninguno;Pesos;0;;;;; ;
1588;Categoria 1;Habilitado;BUSTAMANTE EMILIO ROLANDO;BUSTAMANTE EMILIO ROLANDO;;COSQUIN 2125;Mataderos;Sin especificar;emibus2000@yahoo.com.ar;IVA Responsable Inscripto;BUSTAMANTE EMILIO ROLANDO;20171257388;0;Ninguno;Pesos;0;;;;; ;
1589;Categoria 1;Habilitado;Giro Laser/Gabriela;;;pasaje ancon 5311 7mo C;Capital Federal;Sin especificar;consultasgirolaser@gmail.com;Consumidor final;Giro Laser/Gabriela;0;0;Ninguno;Pesos;0;;;;; ;
1590;Categoria 1;Habilitado;FUNDACION UNIVERSIDAD CATOLICA ARGENTINA;FUNDACION UNIVERSIDAD CATOLICA ARGENTINA;;MOREAU DE JUSTO A.AV 1300 Piso:01;Capital Federal;Sin especificar;;IVA Sujeto Exento;FUNDACION UNIVERSIDAD CATOLICA ARGENTINA;30536216584;0;Ninguno;Pesos;0;;;;; ;
1591;Categoria 1;Habilitado;DI STEFANO IVAN BRUNO;DI STEFANO IVAN BRUNO;1126451620;BUTTELER 67;Capital Federal;Sin especificar;ivandistefano@gmail.com;Responsable Monotributo;DI STEFANO IVAN BRUNO;20924553848;0;Ninguno;Pesos;0;;;;; ;
1592;Categoria 1;Habilitado;Rodrigo Piñeyro;;;Av cabildo 4936;Capital Federal;Sin especificar;rpineirosnm@hotmail.com;Consumidor final;Rodrigo Piñeyro;0;0;Ninguno;Pesos;0;;;;; ;
1593;Categoria 1;Habilitado;CVC SOCIEDAD ANONIMA;CVC SOCIEDAD ANONIMA;+54 9 11 3016-2433;PARAGUAY 660;Sin especificar;Sin especificar;salvaerosa-98@hotmail.com;IVA Responsable Inscripto;CVC SOCIEDAD ANONIMA;30582215703;0;Ninguno;Pesos;0;;;;; ;
1594;Categoria 1;Habilitado;Mach5Calcos;Pablo;;San Lorenzo 1745 ;San Miguel;Sin especificar;Mach5_calcos@hotmail.com;Consumidor final;Mach5Calcos;0;0;Ninguno;Pesos;0;;;;; ;
1595;Categoria 1;Habilitado;Belen;;1537034525;santa fe 397;9 de Abril Esteban Echeverria;Sin especificar;b.uteneche@gmail.com;Consumidor final;Belen;0;0;Ninguno;Pesos;0;;;;; ;
1596;Categoria 1;Habilitado;Matias Difilippo;;35289852;rivadavia 3410;Capital Federal;Sin especificar;estamsestudio.comercial@gmail.com;Consumidor final;Matias Difilippo;0;0;Ninguno;Pesos;0;;;;; ;
1597;Categoria 1;Habilitado;Marcelo;;;;Sin especificar;Sin especificar;marcelofalconi1983@gmail.com;Consumidor final;Marcelo;0;0;Ninguno;Pesos;0;;;;; ;
1598;Categoria 1;Habilitado;Membriani Nirma Karen;Membriani Nirma Karen;2474-598641;Lavalle 325;Rojas;Sin especificar;kmembriani@gmail.com;Responsable Monotributo;Membriani Nirma Karen;23241374734;0;Ninguno;Pesos;0;;;;; ;
1599;Categoria 1;Habilitado;Moonky;;+54 9 11 5893-3452;;Sin especificar;Sin especificar;moonkycreations@gmail.com;Consumidor final;Moonky;0;0;Ninguno;Pesos;0;;;;; ;
1600;Categoria 1;Habilitado;Augusto Turallas;MISA MONTAJES INDUSTRIALES S.A.;48323485;117 322      - ENTRE LAS CALLES: 528 Y 529;Sin especificar;Sin especificar;falopapas@gmail.com;IVA Responsable Inscripto;Augusto Turallas;30714219843;0;Ninguno;Pesos;0;;;;; ;
1601;Categoria 1;Habilitado;Luis Lillo Lillo;;2942456433;PRIMEROS POBLADORES 50;BUTA RANQUIL;Neuquén;luislillo2011@gmail.com;Responsable Monotributo;LILLO LUIS EMILIO;20283999077;0;Ninguno;Pesos;0;;;;; ;
1602;Categoria 1;Habilitado;Matias Casco;;3404439165;Ignacio Falchini 107;SAN JERONIMO NORTE;Sin especificar;razaploteos@gmail.com;Consumidor final;Matias Casco;0;0;Ninguno;Pesos;0;;;;; ;
1603;Categoria 1;Habilitado;Domotiks;RAMUNDO MARIA GRACIELA;;BENEDETTI O. E. DIP. 31 Piso:5 Dpto:21;Capital Federal;Sin especificar;;IVA Responsable Inscripto;Domotiks;23261145294;0;Ninguno;Pesos;0;;;;; ;
1604;Categoria 1;Habilitado;Carteleria 911;;02345-15476138;;Sin especificar;Sin especificar;carteleria911@hotmail.com;Consumidor final;Carteleria 911;0;0;Ninguno;Pesos;0;;;;; ;
1605;Categoria 1;Habilitado;Matias Germano;;1534525298;Yatay 444;Capital Federal;Sin especificar;matias_germano@hotmail.com;Consumidor final;Matias Germano;0;0;Ninguno;Pesos;0;;;;; ;
1606;Categoria 1;Habilitado;AVEDIKIAN MARCELO EDUARDO;AVEDIKIAN MARCELO EDUARDO;;MONTEVIDEO 751 Piso:4;Sin especificar;Sin especificar;;IVA Responsable Inscripto;AVEDIKIAN MARCELO EDUARDO;23172946569;0;Ninguno;Pesos;0;;;;; ;
1607;Categoria 1;Habilitado;Pablo Maldonado;;1539433962;Sanabria 4122;Villa Tesei;Sin especificar;pablo-maldonado@hotmail.com.ar;Consumidor final;Pablo Maldonado;0;0;Ninguno;Pesos;0;;;;; ;
1608;Categoria 1;Habilitado;Horacio Alfredo Vera;Horacio Alfredo Vera;2345652070;ruta 205 km183;Sin especificar;Sin especificar;cristales205@gmail.com;Responsable Monotributo;Horacio Alfredo Vera;20109098575;0;Ninguno;Pesos;0;;;;; ;
1609;Categoria 1;Habilitado;LUCOMP  SA;LUCOMP  SA;46631093;R PAYRO 4296 - ENTRE LAS CALLES: CHURCHIL Y R MEJIAS;Los polvorines;Sin especificar;noemi@lucomp.com.ar;IVA Responsable Inscripto;LUCOMP  SA;33707501079;0;Ninguno;Pesos;0;;;;; ;
1610;Categoria 1;Habilitado;Mercado Libre;;;;Capital Federal;Sin especificar;;Consumidor final;Mercado Libre;0;0;Ninguno;Pesos;0;;;;; ;
1611;Categoria 1;Habilitado;Damian Loza;;02302-15699945;;Sin especificar;Sin especificar;dloza.1vsqhv+2-ogeztkmjuheytamrw@mail.mercadolibre.com;Consumidor final;Damian Loza;0;0;Ninguno;Pesos;0;;;;; ;
1612;Categoria 1;Habilitado;Florencia Antonini;;11-31627890;;Sin especificar;Sin especificar;fantoni.215myl+2-ogeztkmjsgazdimju@mail.mercadolibre.com;Consumidor final;Florencia Antonini;0;0;Ninguno;Pesos;0;;;;; ;
1613;Categoria 1;Habilitado;manuel alcaraz;;011-1535074404;;Sin especificar;Sin especificar;malcara.wr39fv+2-ogeztkmjrgqydenjr@mail.mercadolibre.com;Consumidor final;manuel alcaraz;0;0;Ninguno;Pesos;0;;;;; ;
1614;Categoria 1;Habilitado;Maximiliano Gutierrez;;-2804264474;;Sin especificar;Sin especificar;maxy_tw_21@hotmail.com;Consumidor final;Maximiliano Gutierrez;0;0;Ninguno;Pesos;0;;;;; ;
1615;Categoria 1;Habilitado;Santiago Jorge Franco;;0345-4096024;;Sin especificar;Sin especificar;jorybeartista@hotmail.com;Consumidor final;Santiago Jorge Franco;0;0;Ninguno;Pesos;0;;;;; ;
1616;Categoria 1;Habilitado;Gabriel Nieto;;3525648704 352564870;;Sin especificar;Sin especificar;gabrielnieto52@gmail.com;Consumidor final;Gabriel Nieto;0;0;Ninguno;Pesos;0;;;;; ;
1617;Categoria 1;Habilitado;ALTIMARE JULIETA MICAELA;ALTIMARE JULIETA MICAELA;;CUCHA CUCHA 1525 Piso:1 Dpto:B;Capital Federal;Sin especificar;jnpublicidadvisual@gmail.com;IVA Responsable Inscripto;ALTIMARE JULIETA MICAELA;27380701648;0;Ninguno;Pesos;0;;;;; ;
1618;Categoria 1;Habilitado;LUCIANO BANEGA;;011-35351002 - 1554097542;;Sin especificar;Sin especificar;lucio_anto20@hotmail.com;Consumidor final;LUCIANO BANEGA;0;0;Ninguno;Pesos;0;;;;; ;
1619;Categoria 1;Habilitado; Nicolas Mazzola ; Nicolas Mazzola ;+54 9 11 5950-6811;yatay 654;Capital Federal;Sin especificar;nicolas@aguafuerte.com.ar;IVA Responsable Inscripto; Nicolas Mazzola ;20280522792;0;Ninguno;Pesos;0;;;;; ;
1620;Categoria 1;Habilitado;Jorge Beletzky;;1557502971;Luzuriaga 3362;Quilmes;Sin especificar;sistemasjorge@gmail.com;Consumidor final;Jorge Beletzky;0;0;Ninguno;Pesos;0;;;;; ;
1621;Categoria 1;Habilitado;TORRES STELLA MARIS;TORRES STELLA MARIS;;COMODORO PY 1345;Adrogue;Sin especificar;;IVA Responsable Inscripto;TORRES STELLA MARIS;27108955339;0;Ninguno;Pesos;0;;;;; ;
1622;Categoria 1;Habilitado;NELSON LUIS BALDASSERONI;;;;Sin especificar;Sin especificar;nbaldas.63x1jz+2-ogeztkmjwgm3dmnzv@mail.mercadolibre.com;Consumidor final;NELSON LUIS BALDASSERONI;0;0;Ninguno;Pesos;0;;;;; ;
1623;Categoria 1;Habilitado;PsVinilos;;1565362326;Colpayo 853;Capital Federal;Sin especificar;pablo.venezia@gmail.com;Consumidor final;PsVinilos;0;0;Ninguno;Pesos;0;;;;; ;
1624;Categoria 1;Habilitado;Florencia Viere;;;;Sin especificar;Sin especificar;boris_elperro@hotmail.com;Consumidor final;Florencia Viere;0;0;Ninguno;Pesos;0;;;;; ;
1625;Categoria 1;Habilitado;raul bramatti;;02245-446700;;Sin especificar;Sin especificar;trofeosdolores@hotmail.com;Consumidor final;raul bramatti;0;0;Ninguno;Pesos;0;;;;; ;
1626;Categoria 1;Habilitado;Lionel Pliego;;5.41E+15;;Sin especificar;Sin especificar;martin.pliego@outlook.com;Consumidor final;Lionel Pliego;0;0;Ninguno;Pesos;0;;;;; ;
1627;Categoria 1;Habilitado;INTERNATIONAL MERCHANDISING SOLUTIONS S.A.;INTERNATIONAL MERCHANDISING SOLUTIONS S.A.;54 11 4744 4452;SARMIENTO 1803;San Fernando;Sin especificar;ewolfl@ims-company.com;IVA Responsable Inscripto;INTERNATIONAL MERCHANDISING SOLUTIONS S.A.;30708837616;0;Ninguno;Pesos;0;;;;; ;
1628;Categoria 1;Habilitado;carolina afremov;;46244768;;Sin especificar;Sin especificar;caro_afremov@hotmail.com;Consumidor final;carolina afremov;0;0;Ninguno;Pesos;0;;;;; ;
1629;Categoria 1;Habilitado;Armando Sosa;;-3835401525;;Sin especificar;Sin especificar;armandoivan503@gmail.com;Consumidor final;Armando Sosa;0;0;Ninguno;Pesos;0;;;;; ;
1630;Categoria 1;Habilitado;Prisma;sistemas electronicos de telecomunicaciones SRL; 4374 8800;Lavalle 1765;Capital Federal;Sin especificar;dfalcone@prisma.com.ar;IVA Responsable Inscripto;Prisma;30620065923;0;Ninguno;Pesos;0;;;;; ;
1631;Categoria 1;Habilitado;Federico ;;1554843791;av corriente 5331 5º 10;Capital Federal;Sin especificar;federico.duarte82@live.com;Consumidor final;Federico ;0;0;Ninguno;Pesos;0;;;;; ;
1632;Categoria 1;Habilitado;ramon bach;;-2974994300;;Sin especificar;Sin especificar;rjb2975@hotmail.com;Consumidor final;ramon bach;0;0;Ninguno;Pesos;0;;;;; ;
1633;Categoria 1;Habilitado;Lali Benitez;;-1155507173;;Sin especificar;Sin especificar;lalibenitez461@gmail.com;Consumidor final;Lali Benitez;0;0;Ninguno;Pesos;0;;;;; ;
1634;Categoria 1;Habilitado;MINGOCHEA CARLOS GUILLERMO;;;Av 25 de Mayo 338 CP:7300 ;Azul;Sin especificar;contacto@chasgroup.com.ar;Responsable Monotributo;MINGOCHEA CARLOS GUILLERMO;20258735863;0;Ninguno;Pesos;0;;;;; ;
1635;Categoria 1;Habilitado;Carols ;CAROLS S.A.;43019105;QUINQUELA MARTIN B. 2150;Barracas;Sin especificar;info@carols.com.ar;IVA Responsable Inscripto;Carols ;30708538317;0;Ninguno;Pesos;0;;;;; ;
1636;Categoria 1;Habilitado;revolution hair;;-1156245566;;Sin especificar;Sin especificar;revolutionhair2713@hotmail.com;Consumidor final;revolution hair;0;0;Ninguno;Pesos;0;;;;; ;
1637;Categoria 1;Habilitado;Maria Abrigo;;-3329536300;;Sin especificar;Sin especificar;mar.abrigo.22@gmail.com;Consumidor final;Maria Abrigo;0;0;Ninguno;Pesos;0;;;;; ;
1638;Categoria 1;Habilitado;Julian andrade;;2.27E+16;calle 32 nº 780;Navarro;Sin especificar;info@julianandrade.com.ar;Consumidor final;Julian andrade;0;0;Ninguno;Pesos;0;;;;; ;
1639;Categoria 1;Habilitado;Ariel Damian Nocera;;-3434253246;;Sin especificar;Sin especificar;teko_me@hotmail.com;Consumidor final;Ariel Damian Nocera;0;0;Ninguno;Pesos;0;;;;; ;
1640;Categoria 1;Habilitado;Omnigraphics;OMNIGRAPHICS COMMERCIAL ARGENTINA S.A.;5031-7930; Río Cuarto 1464 ;Barracas;Sin especificar;jlfernandez@omnigraphics.com.ar;IVA Responsable Inscripto;Omnigraphics;30701021416;0;Ninguno;Pesos;0;;;;; ;
1641;Categoria 1;Habilitado;BENEGAS MAXIMILIANO RAUL;ZONA 07;; 7 de marzo 773;VIEDMA;Sin especificar;maxitj@hotmail.com;IVA Responsable Inscripto;BENEGAS MAXIMILIANO RAUL;20306902432;0;Ninguno;Pesos;0;;;;; ;
1642;Categoria 1;Habilitado;lucia jantus;;-2214256060;;Sin especificar;Sin especificar;luciajantus@gmail.com;Consumidor final;lucia jantus;0;0;Ninguno;Pesos;0;;;;; ;
1643;Categoria 1;Habilitado;Ricardo Jortack;;02920-463255;;Sin especificar;Sin especificar;rikijor@hotmail.com;Consumidor final;Ricardo Jortack;0;0;Ninguno;Pesos;0;;;;; ;
1644;Categoria 1;Habilitado;Eugenia Cabezas;;-2804373044;;Sin especificar;Sin especificar;eugeniacabezas@gmail.com;Consumidor final;Eugenia Cabezas;0;0;Ninguno;Pesos;0;;;;; ;
1645;Categoria 1;Habilitado;Fernando montenegro;;-2920470699;;Sin especificar;Sin especificar;fer_4628@hotmail.com;Consumidor final;Fernando montenegro;0;0;Ninguno;Pesos;0;;;;; ;
1646;Categoria 1;Habilitado;Andres Ortiz;;011-1521664348;;Sin especificar;Sin especificar;andresortiz10@hotmail.com;Consumidor final;Andres Ortiz;0;0;Ninguno;Pesos;0;;;;; ;
1647;Categoria 1;Habilitado;SV Equipamientos;SV EQUIPAMIENTOS S.A.;;Jose Hernandez 2346;Belgrano;Sin especificar;javierviollaz@fibertel.com.ar;IVA Responsable Inscripto;SV Equipamientos;30712131760;0;Ninguno;Pesos;0;;;;; ;
1648;Categoria 1;Habilitado;María Celeste Rodriguez;;2804564653;PERITO MORENO 36- RAWSON- CHUBUT;Rawson;Sin especificar;ro.celestem@gmail.com;Consumidor final;María Celeste Rodriguez;0;0;Ninguno;Pesos;0;;;;; ;
1649;Categoria 1;Habilitado;Daniel Tur;; -0342 154474172;;Sin especificar;Sin especificar;daniel_tur_77@hotmail.com;Consumidor final;Daniel Tur;0;0;Ninguno;Pesos;0;;;;; ;
1650;Categoria 1;Habilitado;Omar Leguizamon;;; Mate de Luna 752 ;CATAMARCA;Sin especificar;;Consumidor final;Omar Leguizamon;0;0;Ninguno;Pesos;0;;;;; ;
1651;Categoria 1;Habilitado;Comercial Aquino;Aquino Federico Martin;0223 480 9222;  M.T. de Alvear 365;Mar del plata;Sin especificar;comercial@aquino.com.ar;IVA Responsable Inscripto;Comercial Aquino;20280165558;0;Ninguno;Pesos;0;;;;; ;
1652;Categoria 1;Habilitado;Matias Galvez;;49223113;;Capital Federal;Sin especificar;magalvez83@gmail.com;Consumidor final;Matias Galvez;0;0;Ninguno;Pesos;0;;;;; ;
1653;Categoria 1;Habilitado;Estigma estudio;;1169956065;lascano 6925 1º piso;Capital Federal;Sin especificar;estigmaestudio@icloud.com;Consumidor final;Estigma estudio;0;0;Ninguno;Pesos;0;;;;; ;
1654;Categoria 1;Habilitado;gonzalo matias cabrera;;02317-423830;;Sin especificar;Sin especificar;gmcdcv@gmail.com;Consumidor final;gonzalo matias cabrera;0;0;Ninguno;Pesos;0;;;;; ;
1655;Categoria 1;Habilitado;belén Russo;;-1161170318;;Sin especificar;Sin especificar;belen_russo@hotmail.com;Consumidor final;belén Russo;0;0;Ninguno;Pesos;0;;;;; ;
1656;Categoria 1;Habilitado;COMPUSPAR ARGENTINA S A;COMPUSPAR ARGENTINA S A;;GUEVARA 1320 Piso:P B;Sin especificar;Sin especificar;;IVA Responsable Inscripto;COMPUSPAR ARGENTINA S A;33707838499;0;Ninguno;Pesos;0;;;;; ;
1657;Categoria 1;Habilitado;Gonzalo Cabrera;;+54 9 231 751-0799;Buenos aires CP B6500;9 de julio;Sin especificar;gmcdcv@gmail.com;Consumidor final;Gonzalo Cabrera;0;0;Ninguno;Pesos;0;;;;; ;
1658;Categoria 1;Habilitado;Jorge 8300;;1550141805;;Capital Federal;Sin especificar;;Consumidor final;Jorge 8300;0;0;Ninguno;Pesos;0;;;;; ;
1659;Categoria 1;Habilitado;Junior graficoss;;11-1527509115;;Sin especificar;Sin especificar;juniorgraficoss@gmail.com;Consumidor final;Junior graficoss;0;0;Ninguno;Pesos;0;;;;; ;
1660;Categoria 1;Habilitado;Nihon Tuning;;2.99E+16;Dr Ramon 1250 MZA 5 CASA 9 Calle colon y Spinelli Bº I. Malvinas CP: 8300;Neuquen;Sin especificar;gustavotrancon@gmail.com;Consumidor final;Nihon Tuning;0;0;Ninguno;Pesos;0;;;;; ;
1661;Categoria 1;Habilitado;benjamin alvarez;;-3533422244;;Sin especificar;Sin especificar;controlzerodesign@hotmail.com.ar;Consumidor final;benjamin alvarez;0;0;Ninguno;Pesos;0;;;;; ;
1662;Categoria 1;Habilitado;Juan Pablo Taborda;;3492650887;;RAFAELA;Sin especificar;flowgraficas@gmail.com;Consumidor final;Juan Pablo Taborda;0;0;Ninguno;Pesos;0;;;;; ;
1663;Categoria 1;Habilitado;Juan Muhn;;3424214974;Estanislao Lopez 2850  Franck CP 3009;Santa Fe;Sin especificar;juanmuhn_73@live.com.ar;Consumidor final;Juan Muhn;0;0;Ninguno;Pesos;0;;;;; ;
1664;Categoria 1;Habilitado;Pablo Fernandez (payo);Pablo;+54 9 11 5878-2330;Cramer 355 13*1;Capital Federal;Sin especificar;payocalcos@gmail.com;Consumidor final;Pablo Fernandez;0;31380921;DNI;Pesos;0;;;;; ;
1665;Categoria 1;Habilitado;LEMFER Y CIA SRL;LEMFER Y CIA SRL;1144068673;SERAPIO VILLEGAS 1245 Piso:1 - BARRIO: EL PALOMAR;Haedo;Sin especificar;juange07@yahoo.com.ar;IVA Responsable Inscripto;LEMFER Y CIA SRL;30710854293;0;Ninguno;Pesos;0;;;;; ;
1666;Categoria 1;Habilitado;Pablo Prietos;;46217488;;Sin especificar;Sin especificar;pprieto@rapela.com.ar;Consumidor final;Pablo Prietos;0;0;Ninguno;Pesos;0;;;;; ;
1667;Categoria 1;Habilitado;Jose Ezequiel Correa;;3865252641;;Sin especificar;Sin especificar;jose.ezequiel.correa@gmail.com;Consumidor final;Jose Ezequiel Correa;0;0;Ninguno;Pesos;0;;;;; ;
1668;Categoria 1;Habilitado;Isaac Saied;;-1151110030;;Sin especificar;Sin especificar;gncgear@gmail.com;Consumidor final;Isaac Saied;0;0;Ninguno;Pesos;0;;;;; ;
1669;Categoria 1;Habilitado;Ivan Martos;;3424290808;;Sin especificar;Sin especificar;martosi15@gmail.com;Consumidor final;Ivan Martos;0;0;Ninguno;Pesos;0;;;;; ;
1670;Categoria 1;Habilitado;hector hugo arias;;02972-424831;;Sin especificar;Sin especificar;indraleilaarias@hotmail.com;Consumidor final;hector hugo arias;0;0;Ninguno;Pesos;0;;;;; ;
1671;Categoria 1;Habilitado;Claudio;;;Esmeralda 380;Temperley;Sin especificar;sportgraf@hotmail.com;Consumidor final;Claudio;0;0;Ninguno;Pesos;0;;;;; ;
1672;Categoria 1;Habilitado;Andrea Trinidad Alcaraz;ALCARAZ ANDREA TRINIDAD;;monteagudo 459;Capital;Sin especificar;andreatalcaraz@gmail.com;Responsable Monotributo;Andrea Trinidad Alcaraz;27275034512;0;Ninguno;Pesos;0;;;;; ;
1673;Categoria 1;Habilitado;CDM Vinilos;;;Diaz Velez 5283;Capital Federal;Sin especificar;cosademaestro@gmail.com;Consumidor final;CDM Vinilos;0;0;Ninguno;Pesos;0;;;;; ;
1674;Categoria 1;Habilitado;elsa erdmann;;02281-15410434;;Sin especificar;Sin especificar;lazus_dg@yahoo.com.ar;Consumidor final;elsa erdmann;0;0;Ninguno;Pesos;0;;;;; ;
1675;Categoria 1;Habilitado;Stick it Vinilos;;11-1111111111;;Sin especificar;Sin especificar;vinilos.stickit@gmail.com;Consumidor final;Stick it Vinilos;0;0;Ninguno;Pesos;0;;;;; ;
1676;Categoria 1;Habilitado;Romina Bonavera;;011-1565512397;;Sin especificar;Sin especificar;romipb86@hotmail.com;Consumidor final;Romina Bonavera;0;0;Ninguno;Pesos;0;;;;; ;
1677;Categoria 1;Habilitado;Gustavo Andrés Pascual;;1536880425;;Sin especificar;Sin especificar;gustavopascual@yahoo.com;Consumidor final;Gustavo Andrés Pascual;0;0;Ninguno;Pesos;0;;;;; ;
1678;Categoria 1;Habilitado;Matias Borlenghi;;;3 de noviembre 337 CP2700;Pergamino;Sin especificar;mborlenghi@gmail.com;Consumidor final;Matias Borlenghi;0;0;Ninguno;Pesos;0;;;;; ;
1679;Categoria 1;Habilitado;COMPAGNUCCI MARCELO PEDRO;;;45 ESQ 151 3200;La plata;Sin especificar;inpecoacustica@hotmail.com;Responsable Monotributo;COMPAGNUCCI MARCELO PEDRO;20185482953;0;Ninguno;Pesos;0;;;;; ;
1680;Categoria 1;Habilitado;tobias ramasco;;1128490935;;Sin especificar;Sin especificar;tobiasramascopadilla@gmail.com;Consumidor final;tobias ramasco;0;0;Ninguno;Pesos;0;;;;; ;
1681;Categoria 1;Habilitado;franco altamiranda;; -+542915754503;;Sin especificar;Sin especificar;francoaltamiranda21@hotmail.com;Consumidor final;franco altamiranda;0;0;Ninguno;Pesos;0;;;;; ;
1682;Categoria 1;Habilitado;matias escalona;;0291-154168273;;Sin especificar;Sin especificar;matyas.e@hotmail.com;Consumidor final;matias escalona;0;0;Ninguno;Pesos;0;;;;; ;
1683;Categoria 1;Habilitado;Write the future;PASCUA FACUNDO AUGUSTO;3718-542856;Eros civiles 2647 Cp3400;Corrientes;Sin especificar;facu.ap95@gmail.com;Consumidor final;Write the future;20391875767;0;Ninguno;Pesos;0;;;;; ;
1684;Categoria 1;Habilitado;Bus Plus;Movimiento mkt S.R.L.;55333500 / int 3634; Av. Del Sesquicentenario 1701 (ex ruta 197);Sin especificar;Sin especificar;goribe@viacorreo.com.ar;IVA Responsable Inscripto;Bus Plus;30714851647;0;Ninguno;Pesos;0;;;;; ;
1686;Categoria 1;Habilitado;Mono espacial;;351-7667906;baigorri 535 cp500;Cordoba capital;Sin especificar;emilianoamoreno@gmail.com;Consumidor final;Mono espacial;0;0;Ninguno;Pesos;0;;;;; ;
1687;Categoria 1;Habilitado;Alexis Martinez;;02317-524077;;Sin especificar;Sin especificar;fcprofesional@gmail.com;Consumidor final;Alexis Martinez;0;0;Ninguno;Pesos;0;;;;; ;
1688;Categoria 1;Habilitado;WARHOL;;0342 155469965;Rivadavia 3478;Santa Fe;Sin especificar;warholarchivos@gmail.com;Consumidor final;WARHOL;0;0;Ninguno;Pesos;0;;;;; ;
1689;Categoria 1;Habilitado;Jose Pujol;;1534659480;Av corrientes 4894 1B;Capital Federal;Sin especificar;jose_pujol@hotmail.com;Consumidor final;Jose Pujol;0;0;Ninguno;Pesos;0;;;;; ;
1691;Categoria 1;Habilitado;Juan Cruz Taurel;;116 3094118;;Sin especificar;Sin especificar;lsnfs@hotmail.com;Consumidor final;Juan Cruz Taurel;0;0;Ninguno;Pesos;0;;;;; ;
1692;Categoria 1;Habilitado;Ariana Lafferriere;;-1565172124;;Sin especificar;Sin especificar;aarucha.lafferriere@gmail.com;Consumidor final;Ariana Lafferriere;0;0;Ninguno;Pesos;0;;;;; ;
1693;Categoria 1;Habilitado;Eduardo Gabriel Moya;;01115-64554785;;Sin especificar;Sin especificar;gabrieltecnicoysocorrista@hotmail.com;Consumidor final;Eduardo Gabriel Moya;0;0;Ninguno;Pesos;0;;;;; ;
1694;Categoria 1;Habilitado;Grafica Patagonica;;02966-438642;Av. San Martin 2130 cp. 9400;RIO GALLEGOS;Sin especificar;fernandoneun@hotmail.com;Consumidor final;Grafica Patagonica;0;0;Ninguno;Pesos;0;;;;; ;
1695;Categoria 1;Habilitado;Anjor SA;Anjor S.A. Martin;+54 9 3517 68-6010; Juan B. Justo 3702 ;Cordoba capital;Sin especificar;marceloroca@anjorsa.com.ar;IVA Responsable Inscripto;Anjor SA;30707481184;0;Ninguno;Pesos;0;;;;; ;
1696;Categoria 1;Habilitado;ARZANI DOMENGET VERONICA CECILIA;ARZANI DOMENGET VERONICA CECILIA;;25 DE MAYO Y ALSINA 0;San Andres de Giles;Sin especificar;cromaideasgraficas@hotmail.com;Responsable Monotributo;ARZANI DOMENGET VERONICA CECILIA;27288223268;0;Ninguno;Pesos;0;;;;; ;
1697;Categoria 1;Habilitado;CATALANO JOSE ALBERTO;CATALANO JOSE ALBERTO;;Buenos Aires 6395;Villa Ballester;Sin especificar;atomolux@atomolux.com;IVA Responsable Inscripto;CATALANO JOSE ALBERTO;20124342091;0;Ninguno;Pesos;0;;;;; ;
1698;Categoria 1;Habilitado;CRUACHAN S.R.L.;CRUACHAN S.R.L.;1565172124;MONTEVIDEO 1837 Piso:8;Capital Federal;Sin especificar;aarucha.lafferriere@gmail.com;IVA Responsable Inscripto;CRUACHAN S.R.L.;30715133659;0;Ninguno;Pesos;0;;;;; ;
1699;Categoria 1;Habilitado;Belen Urteneche;;-1148649973;;Sin especificar;Sin especificar;b.urteneche@gmail.com;Consumidor final;Belen Urteneche;0;0;Ninguno;Pesos;0;;;;; ;
1700;Categoria 1;Habilitado;Gonzalo Rojas;;011-1534320641;;Sin especificar;Sin especificar;gdrzeta@gmail.com;Consumidor final;Gonzalo Rojas;0;0;Ninguno;Pesos;0;;;;; ;
1701;Categoria 1;Habilitado;Ivan Buteler;;1536688663;miro 763 2ºC;Capital Federal;Sin especificar;ivan.buteler@yahoo.com;Consumidor final;Ivan Buteler;0;0;Ninguno;Pesos;0;;;;; ;
1702;Categoria 1;Habilitado;Jorge Sridi;;1144160832;Enrique fernandez 2476 timbre 4;Lanus Oeste;Sin especificar;jorgelucasridi@hotmail.com;Consumidor final;Jorge Sridi;0;0;Ninguno;Pesos;0;;;;; ;
1703;Categoria 1;Habilitado;cristian javier anabalon;;0297-4837076;;Sin especificar;Sin especificar;rcdesign08@hotmail.com;Consumidor final;cristian javier anabalon;0;0;Ninguno;Pesos;0;;;;; ;
1704;Categoria 1;Habilitado;Ivan Cesaretti;;3412476794;;Sin especificar;Sin especificar;ivancesaretti@hotmail.com;Consumidor final;Ivan Cesaretti;0;0;Ninguno;Pesos;0;;;;; ;
1705;Categoria 1;Habilitado;Gustavo Libonatti;;11-4674-4418;;Sin especificar;Sin especificar;glibonat@gmail.com;Consumidor final;Gustavo Libonatti;0;0;Ninguno;Pesos;0;;;;; ;
1706;Categoria 1;Habilitado;Pluscolor Digital SA;Pluscolor Digital S.A.;4857-2666;ROSETI 88;Chacarita;Sin especificar;ventas@pluscolor-digital.com.ar;IVA Responsable Inscripto;Pluscolor Digital SA;30686229498;0;Ninguno;Pesos;0;;;;; ;
1707;Categoria 1;Habilitado;METALURGICA URBANA SOCIEDAD DE RESPONSABILIDAD LIMITADA;METALURGICA URBANA SOCIEDAD DE RESPONSABILIDAD LIMITADA;;LOS PIAMONTESES 6386;Cordoba capital;Sin especificar;martin.herrero@orbearquigrafia.com.ar;IVA Responsable Inscripto;METALURGICA URBANA SOCIEDAD DE RESPONSABILIDAD LIMITADA;30707853189;0;Ninguno;Pesos;0;;;;; ;
1708;Categoria 1;Habilitado;Eduardo Esposito;;1144069311;aranguren 3831 dto A;Capital Federal;Sin especificar;eduardoesposito440@hotmail.com;Consumidor final;Eduardo Esposito;0;0;Ninguno;Pesos;0;;;;; ;
1709;Categoria 1;Habilitado;Javier La carlota;BANEGAS JAVIER ALEXIS;;GENERAL PAZ 237;La Carlota;Sin especificar;javimanel@hotmail.com;IVA Responsable Inscripto;Javier La carlota;20371259113;0;Ninguno;Pesos;0;;;;; ;
1710;Categoria 1;Habilitado;JARA CELIA IRENE;;;paysandu1944 timbre 9/arenales 3237;Capital Federal;Sin especificar;info@obracompleta.com.ar;IVA Responsable Inscripto;JARA CELIA IRENE;27261288643;0;Ninguno;Pesos;0;;;;; ;
1711;Categoria 1;Habilitado;DESSENO VICTOR ANDRES;DESSENO VICTOR ANDRES;1535501678;Alte. Brown 4767;La Tablada;Sin especificar;adesseno.arq@gmail.com;IVA Responsable Inscripto;DESSENO VICTOR ANDRES;20221799942;0;Ninguno;Pesos;0;;;;; ;
1712;Categoria 1;Habilitado;Tomás Di Gruttola;;1168540403;;Sin especificar;Sin especificar;tomas_digruttola@outlook.com;Consumidor final;Tomás Di Gruttola;0;0;Ninguno;Pesos;0;;;;; ;
1713;Categoria 1;Habilitado;Franco Dallaglio;;1166288692;;Sin especificar;Sin especificar;francod97@hotmail.com;Consumidor final;Franco Dallaglio;0;0;Ninguno;Pesos;0;;;;; ;
1714;Categoria 1;Habilitado;Carlos Basse;;54-2994247050;;Sin especificar;Sin especificar;carlos.basse@pecomenergia.com.ar;Consumidor final;Carlos Basse;0;0;Ninguno;Pesos;0;;;;; ;
1715;Categoria 1;Habilitado;Gonzalo Weder;;-3.49E+16;;Sin especificar;Sin especificar;gonzaloweder@gmail.com;Consumidor final;Gonzalo Weder;0;0;Ninguno;Pesos;0;;;;; ;
1716;Categoria 1;Habilitado;Sergio Raimundo;;+54 9 11 3826-6964;;Sin especificar;Sin especificar;;Consumidor final;Sergio Raimundo;0;0;Ninguno;Pesos;0;;;;; ;
1717;Categoria 1;Habilitado;Pablo Schiaratti ;Schiaratti Pablo Javier ;;Yatay 300;Capital Federal;Sin especificar;;IVA Responsable Inscripto;Pablo Schiaratti ;20215941850;0;Ninguno;Pesos;0;;;;; ;
1718;Categoria 1;Habilitado;Mercedes Solanas;;1556197747;;Sin especificar;Sin especificar;pipisolanas@gmail.com;Consumidor final;Mercedes Solanas;0;0;Ninguno;Pesos;0;;;;; ;
1719;Categoria 1;Habilitado;stefania luna;;-1.12E+16;;Sin especificar;Sin especificar;shesarainbow@live.com.ar;Consumidor final;stefania luna;0;0;Ninguno;Pesos;0;;;;; ;
1720;Categoria 1;Habilitado;DISTASIO MARISA SUSANA;DISTASIO MARISA SUSANA;;RGTO. 3 DE CABALLERIA 1000;Trenque Lauquen;Sin especificar;cristian@visual1.com.ar;IVA Responsable Inscripto;DISTASIO MARISA SUSANA;27134407013;0;Ninguno;Pesos;0;;;;; ;
1721;Categoria 1;Habilitado;Jorge Barbera;;;MARIANO ACHA 282;VILLA SANTOS TESEI;Buenos Aires;ventas@laplanta.com.ar;Responsable Monotributo;BARBERA, JORGE ANDRES;20306954432;0;Ninguno;Pesos;0;;;;; ;
1722;Categoria 1;Habilitado;Alejandro Vega;;-2616846517;;Sin especificar;Sin especificar;ale_vega90@hotmail.com;Consumidor final;Alejandro Vega;0;0;Ninguno;Pesos;0;;;;; ;
1723;Categoria 1;Habilitado;Pofi mundo creativo;;2477-303449;3 de noviembre 337;Pergamino;Sin especificar;mnborlenghi@gmail.com;Consumidor final;Pofi mundo creativo;0;0;Ninguno;Pesos;0;;;;; ;
1724;Categoria 1;Habilitado;exequiel Jones;;;barrio 490 viviendas norte casa 122;Rawson;Sin especificar;jonsart.graficaydiseno@gmail.com;Consumidor final;exequiel Jones;0;0;Ninguno;Pesos;0;;;;; ;
1725;Categoria 1;Habilitado;santiago vicente;;-482425;;Sin especificar;Sin especificar;stvfac@gmail.com;Consumidor final;santiago vicente;0;0;Ninguno;Pesos;0;;;;; ;
1726;Categoria 1;Habilitado;GRAFIK SEÑALETICA URBANA SOCIEDAD ANONIMA;GRAFIK SEÑALETICA URBANA SOCIEDAD ANONIMA;46620254;CAÑUELAS 2474;Sin especificar;Sin especificar;recepcion@grafik.com.ar;IVA Responsable Inscripto;GRAFIK SEÑALETICA URBANA SOCIEDAD ANONIMA;30710692374;0;Ninguno;Pesos;0;;;;; ;
1727;Categoria 1;Habilitado;newcar accesorios equipamientos;;1164345409;;Sin especificar;Sin especificar;equipamientosnewcar@gmail.com;Consumidor final;newcar accesorios equipamientos;0;0;Ninguno;Pesos;0;;;;; ;
1728;Categoria 1;Habilitado;Grafica Comunicar Pablo;Marcel Pablo Ariel;;AV. hipolito yrigoyen 12085 turdera;Turdera;Sin especificar;info@comunicargrafica.com.ar;IVA Responsable Inscripto;Grafica Comunicar Pablo;20280580466;0;Ninguno;Pesos;0;;;;; ;
1729;Categoria 1;Habilitado;PUNTOGRAPH SRL;PUNTOGRAPH SRL;45733653;ARTIGAS JOSE G. 5666 Piso:PB Dpto:1;Capital Federal;Sin especificar;info@puntografico.com.ar;IVA Responsable Inscripto;PUNTOGRAPH SRL;30699412836;0;Ninguno;Pesos;0;;;;; ;
1730;Categoria 1;Habilitado;Gaba Biasioli;;1150049319;;Sin especificar;Sin especificar;biasioliga@gmail.com;Consumidor final;Gaba Biasioli;0;0;Ninguno;Pesos;0;;;;; ;
1731;Categoria 1;Habilitado;GURPECA SRL;GURPECA SRL;;PIEDRAS 980;Capital Federal;Sin especificar;presupuestos@bacolor.com.ar;IVA Responsable Inscripto;GURPECA SRL;33677898459;0;Ninguno;Pesos;0;;;;; ;
1732;Categoria 1;Habilitado;Rodrigo Aranda ;;3815516790;;Sin especificar;Sin especificar;rodrigoaranda2190@gmail.com;Consumidor final;Rodrigo Aranda ;0;0;Ninguno;Pesos;0;;;;; ;
1733;Categoria 1;Habilitado;DOS HACHE SRL;DOS HACHE SRL;;CAMPOS LUIS MARIA AV 559 Piso:4 Dpto:401    - BARRIO: CAPITAL FEDERAL;Sin especificar;Sin especificar;hernan.barreiro@be-foodies.com;IVA Responsable Inscripto;DOS HACHE SRL;30715442430;0;Ninguno;Pesos;0;;;;; ;
1734;Categoria 1;Habilitado;Libreria;;;calle 49 nº 563 entre 6 y 7;La plata;Sin especificar;;Consumidor final;Libreria;0;0;Ninguno;Pesos;0;;;;; ;
1735;Categoria 1;Habilitado;Grafica darwind;;2.97E+16;FRANCISCO BEHR 961 Chubut Cp 9000;Comodoro Rivadavia;Sin especificar;graficadarwind@gmail.com;Consumidor final;Grafica darwind;0;0;Ninguno;Pesos;0;;;;; ;
1736;Categoria 1;Habilitado;ivan fontana;;03467-411445;;Sin especificar;Sin especificar;ivanfontana68@hotmail.com;Consumidor final;ivan fontana;0;0;Ninguno;Pesos;0;;;;; ;
1737;Categoria 1;Habilitado;Grafica Darwing;CRUZ LEONARDO MANUEL;;FRANCISCO BEHR 961      - BARRIO: PUEYRREDON;Comodoro Rivadavia;Sin especificar;;Consumidor final;Grafica Darwing;20300081526;0;Ninguno;Pesos;0;;;;; ;
1738;Categoria 1;Habilitado;Amado David Olivar;; -0342 154234209;;Sin especificar;Sin especificar;amadodavidm@gmail.com;Consumidor final;Amado David Olivar;0;0;Ninguno;Pesos;0;;;;; ;
1739;Categoria 1;Habilitado;Jorge Muñoz;J. O. Muñoz SRL;;Panamerica Km 49 Edificio Concord;Pilar;Sin especificar;;IVA Responsable Inscripto;Jorge Muñoz;30708606568;0;Ninguno;Pesos;0;;;;; ;
1740;Categoria 1;Habilitado;Ignacio Cafferata;;3513831251;;Sin especificar;Sin especificar;ignacio@icafferata.com;Consumidor final;Ignacio Cafferata;0;0;Ninguno;Pesos;0;;;;; ;
1741;Categoria 1;Habilitado;Bianca Cacciola;;011-155 5785858;;Sin especificar;Sin especificar;biancacacciola@gmail.com;Consumidor final;Bianca Cacciola;0;0;Ninguno;Pesos;0;;;;; ;
1742;Categoria 1;Habilitado;Fernando Marquez;;-3482646220;;Sin especificar;Sin especificar;fer_fgms@hotmail.com;Consumidor final;Fernando Marquez;0;0;Ninguno;Pesos;0;;;;; ;
1743;Categoria 1;Habilitado;Matias Zalazar;;5.42E+16;;Sin especificar;Sin especificar;mati_7623@hotmail.com;Consumidor final;Matias Zalazar;0;0;Ninguno;Pesos;0;;;;; ;
1744;Categoria 1;Habilitado;Juan Pablo Buczek;;02926-423457;;Sin especificar;Sin especificar;repuestosbuczek@yahoo.com.ar;Consumidor final;Juan Pablo Buczek;0;0;Ninguno;Pesos;0;;;;; ;
1745;Categoria 1;Habilitado;GIMENEZ VIVIANA MARIA LUJAN;Servigraphics;;LOYOLA 214 Piso:5 Dpto:B;Capital Federal;Sin especificar;alejandro@servigraphics.com.ar;IVA Responsable Inscripto;GIMENEZ VIVIANA MARIA LUJAN;27273865735;0;Ninguno;Pesos;0;;;;; ;
1746;Categoria 1;Habilitado;Santiago Greca;Santiago Greca;;Moreno 1238;Trelew;Sin especificar;;Consumidor final;Santiago Greca;0;0;Ninguno;Pesos;0;;;;; ;
1747;Categoria 1;Habilitado; Hospital Público Materno Infantil S.E.; Hospital Público Materno Infantil S.E.;387-4325090/71/95; Av. Sarmiento Nº 1301;SALTA;Sin especificar;LQuispe@hpmisalta.gob.ar;IVA Responsable Inscripto; Hospital Público Materno Infantil S.E.;30711560099;0;Ninguno;Pesos;0;;;;; ;
1748;Categoria 1;Habilitado;Scann de Damián Raijman;Scann de Damián Raijman;+54 9 11 7032-2727;Julian Alvarez 831 - CABA;Capital Federal;Sin especificar;trabajos@scannimage.com.ar;IVA Responsable Inscripto;Scann de Damián Raijman;20183407032;0;Ninguno;Pesos;0;;;;; ;
1749;Categoria 1;Habilitado;INGROUP;INGROUP SRL;4767-6676;Moreno 2652;Villa Ballester;Sin especificar;marcelo@ingroup.com.ar;IVA Responsable Inscripto;INGROUP;30707714782;0;Ninguno;Pesos;0;;;;; ;
1750;Categoria 1;Habilitado;GIMENEZ EMANUEL ;Daniel de Luro GIMENEZ EMANUEL ;+54 9 2916 48-0663;CALLE 28 N 139 LOCAL 2;Pedro Luro;Sin especificar;galle_d@hotmail.com;Consumidor final;GIMENEZ EMANUEL ;20378959757;0;Ninguno;Pesos;0;;;;; ;
1751;Categoria 1;Habilitado;NEG SRL;Nuevos emprendimientos Graficos SRL;;Luchter 181;Ciudadela;Sin especificar;administracion@negargentina.com;IVA Responsable Inscripto;NEG SRL;30709680575;0;Ninguno;Pesos;0;;;;; ;
1752;Categoria 1;Habilitado;ICCA;ICCA ;;Bernardo Irigoyen 88;Capital Federal;Sin especificar;;Responsable Monotributo;ICCA;30550008021;0;Ninguno;Pesos;0;;;;; ;
1753;Categoria 1;Habilitado;Maximiliano Braun ;;;;Las grutas;Sin especificar;;Consumidor final;Maximiliano Braun ;0;0;Ninguno;Pesos;0;;;;; ;
1754;Categoria 1;Habilitado;Proteina Pura;Proteina Pura SA;;;Sin especificar;Sin especificar;;IVA Responsable Inscripto;Proteina Pura;30712166637;0;Ninguno;Pesos;0;;;;; ;
1755;Categoria 1;Habilitado;Raico SA;Raico SA;;;Sin especificar;Sin especificar;;IVA Responsable Inscripto;Raico SA;30623356856;0;Ninguno;Pesos;0;;;;; ;
1756;Categoria 1;Habilitado;Toro Lubricantes SRL;Toro lubricantes srl;;Enrique Carbó 777;Parana;Sin especificar;comercial@torosrl.com.ar;IVA Responsable Inscripto;Toro Lubricantes SRL;30712268405;0;Ninguno;Pesos;0;;;;; ;
1757;Categoria 1;Habilitado;Raiper luminosos S.R.L.;Raiper luminosos S.R.L.; 4653-1661;Av. Gaona 4385;Ciudadela;Sin especificar;gviegas@raiper.com.ar;IVA Responsable Inscripto;Raiper luminosos S.R.L.;33610921189;0;Ninguno;Pesos;0;;;;; ;
1758;Categoria 1;Habilitado;Letreros Bianchi;Letreros Bianchi Jose;+54 9 2214 34-7515;Calle 1 y 38 Plaza Alsina Nº156;La plata;Sin especificar;;Consumidor final;Letreros Bianchi;0;0;Ninguno;Pesos;0;;;;; ;
1759;Categoria 1;Habilitado;Imagen 2;Bertone Roberto Miguel;;Av. Triunvirato 4386;Sin especificar;Sin especificar;lucas@imagen2online.com.ar;IVA Responsable Inscripto;Imagen 2;20084884899;0;Ninguno;Pesos;0;;;;; ;
1760;Categoria 1;Habilitado;Decero-grafica;Diego Plitman;;Aristobulo del Valle 3263;Merlo;Sin especificar;decero-grafica@hotmail.com;IVA Responsable Inscripto;Decero-grafica;20250703431;0;Ninguno;Pesos;0;;;;; ;
1761;Categoria 1;Habilitado;Inch comunicacion;Inch Comunicacion S.A.;;Av. Del Libertador 15991;San Isidro;Sin especificar;dbordet@inchcomunicacion.com;IVA Responsable Inscripto;Inch comunicacion;30714228710;0;Ninguno;Pesos;0;;;;; ;
1762;Categoria 1;Habilitado;Javier Conles;;;Av independencia 2929 (san cristobal);Capital Federal;Sin especificar;jconles@gmail.com;Consumidor final;Javier Conles;0;23376345;DNI;Pesos;0;;;;; ;
1763;Categoria 1;Habilitado;Articulos Promocionales S.A.;zecat;+54 9 11 3866-7634;Marcos Sastre 3620;Carapachay;Sin especificar;proveedores@zecat.com;IVA Responsable Inscripto;Articulos Promocionales S.A.;30707174265;0;Ninguno;Pesos;0;;;;; ;
1764;Categoria 1;Habilitado;Via Bariloche;Via Bariloche S.A.;55333500;Av. Sesquicentenario 1701;Los polvorines;Sin especificar;preimpresos@viacorreo.com.ar;IVA Responsable Inscripto;Via Bariloche;30643922157;0;Ninguno;Pesos;0;;;;; ;
1765;Categoria 1;Habilitado;Visual Comunication;Visual Comunication S.A.;;San Antonio 389;Barracas;Sin especificar;compras@visualcomunication.com.ar;IVA Responsable Inscripto;Visual Comunication;30714350796;0;Ninguno;Pesos;0;;;;; ;
1766;Categoria 1;Habilitado;mg impresiones srl;Moi;+54 9 11 4067-4498;Ecuador 719;Capital Federal;Sin especificar;moigraph@moigraph.com.ar;IVA Responsable Inscripto;mg impresiones srl;30709777099;0;Ninguno;Pesos;0;;;;; ;
1767;Categoria 1;Habilitado;Carolina Viscardi;;1140754730;Av. Diaz Velez 5283;Sin especificar;Sin especificar;cosademaestro@gmail.com;Consumidor final;Carolina Viscardi;0;0;Ninguno;Pesos;0;;;;; ;
1768;Categoria 1;Deshabilitado;HARDBAR SA;diseño bar;;Dragones 1939;Capital Federal;Sin especificar;gaston@diseniobar.com.ar;IVA Responsable Inscripto;HARDBAR SA;30707623272;0;Ninguno;Pesos;0;;;;; ;
1769;Categoria 1;Habilitado;LUCAS DAMIAN TORNIFLOGLIA;DISART;;RICARDO GUTIERREZ 5667;Caseros;Sin especificar;graficadisart@gmail.com;IVA Responsable Inscripto;LUCAS DAMIAN TORNIFLOGLIA;20345763121;0;Ninguno;Pesos;0;;;;; ;
1770;Categoria 1;Habilitado;LBS Carteles ;LBS Carteles SH de sergio omar gomez y gabriel andres gomez;;Av montes de Oca 1644;Barracas;Sin especificar;info@lbscarteles.com.ar;IVA Responsable Inscripto;LBS Carteles ;30711460574;0;Ninguno;Pesos;0;;;;; ;
1771;Categoria 1;Habilitado;Ana Madias;Ana Madias;;;Capital Federal;Sin especificar;anamadias@msn.com;IVA Responsable Inscripto;Ana Madias;27246231716;0;Ninguno;Pesos;0;;;;; ;
1772;Categoria 1;Habilitado;Haddock Films S.R.L;Haddock Films;;Carranza angel 1932;Capital Federal;Sin especificar;;IVA Responsable Inscripto;Haddock Films S.R.L;30709554316;0;Ninguno;Pesos;0;;;;; ;
1773;Categoria 1;Deshabilitado;Estudio Paolillo ;Paolillo Leonardo;;39 nro 586 - 7A;La plata;Sin especificar;administracion@paolilloycia.com;IVA Responsable Inscripto;Estudio Paolillo ;20216030118;0;Ninguno;Pesos;0;;;;; ;
1774;Categoria 1;Habilitado;Laguia Ricardo Genaro;Laguia Ricardo Genaro;1550522000;Vicente lopez 3068;Villa Ballester;Sin especificar;lorenalaguia@gmail.com;IVA Responsable Inscripto;Laguia Ricardo Genaro;20081185205;0;Ninguno;Pesos;0;;;;; ;
1775;Categoria 1;Habilitado;Dac srl;;;montevideo 666;Capital Federal;Sin especificar;;IVA Responsable Inscripto;Dac srl;30711454647;0;Ninguno;Pesos;0;;;;; ;
1776;Categoria 1;Habilitado; Promocion Publicidad y Propaganda SRL;Promocion Publicidad y Propaganda SRL;;Cetrangolo 3723 Vicente López;Ciudad Autónoma De Buenos Aires;CABA;fran@promocionpublicidad.com;IVA Responsable Inscripto; Promocion Publicidad y Propaganda SRL;30714620300;0;Ninguno;Pesos;0;;;;; ;
1777;Categoria 1;Habilitado;Daniel Galano;Pepe miguel angel;;;Sin especificar;Sin especificar;;IVA Responsable Inscripto;Daniel Galano;20135344991;0;Ninguno;Pesos;0;;;;; ;
1778;Categoria 1;Habilitado;Vinil Plata;Marasco Ricardo Luis;;Almirante Brown 5709;Mar del plata;Sin especificar;contacto@vinilplata.com;IVA Responsable Inscripto;Vinil Plata;20178014758;0;Ninguno;Pesos;0;;;;; ;
1779;Categoria 1;Habilitado;Pablo Iglesias;Pablo Iglesias;1164523851;terrada 2378 (Villa del parque);Sin especificar;Sin especificar;vision-activa@outlook.com;Responsable Monotributo;Pablo Iglesias;20229822188;0;Ninguno;Pesos;0;;;;; ;
1780;Categoria 1;Habilitado;Colombo Pablo Alejandro;Colombo Pablo Alejandro;42985555;Hipolito Irigoyen 10330 (timbre interno);Temperley;Sin especificar;info@colorfactory.com.ar;IVA Responsable Inscripto;Colombo Pablo Alejandro;20256923514;0;Ninguno;Pesos;0;;;;; ;
1781;Categoria 1;Habilitado;Pro Design SRL;Pro Design SRL;;Arturo Umberto Illia 2643 ;San justo;Sin especificar;jessicam@prodesign.com.ar;IVA Responsable Inscripto;Pro Design SRL;30708195533;0;Ninguno;Pesos;0;;;;; ;
1782;Categoria 1;Habilitado;Leonardo Smart Loft;GIANCASPRO LEONARDO FABIAN Y PARODI MARIA MARTA SOCIEDAD DE;42451156;CNEL BRANDSEN 594;Temperley;Sin especificar;administracion@smartloft.com.ar;IVA Responsable Inscripto;Leonardo Smart Loft;30711808260;0;Ninguno;Pesos;0;;;;; ;
1783;Categoria 1;Habilitado;Ruca panel SRL;RUCA PANEL SRL;42603446;Dinamarca 3489 (dinamarca altura 4300);Sin especificar;Sin especificar;ezequiel@rucapanel.com.ar;IVA Responsable Inscripto;Ruca panel SRL;30707460152;0;Ninguno;Pesos;0;;;;; ;
1784;Categoria 1;Habilitado;Transportes Magnone srl;TRANSPORTES MAGNONE SRL.;;;Sin especificar;Sin especificar;;IVA Responsable Inscripto;Transportes Magnone srl;30710175922;0;Ninguno;Pesos;0;;;;; ;
1785;Categoria 1;Habilitado;Cincuenta y nueve;CINCUENTA Y NUEVE SRL.;;Av. Velez Sardfield 175;Sin especificar;Sin especificar;administracion@imagen59.com.ar;IVA Responsable Inscripto;Cincuenta y nueve;30709788554;0;Ninguno;Pesos;0;;;;; ;
1786;Categoria 1;Habilitado;Elgart Osvaldo;;;calle 9 Nº 216 entre 36 y 37;La plata;Sin especificar;elgartvr@gmail.com;IVA Sujeto Exento;Elgart Osvaldo;0;0;Ninguno;Pesos;0;;;;; ;
1787;Categoria 1;Habilitado;Maria Cecilia Nieto;;2914194507;Panama 825.  cod postal 8000;Bahia Blanca;Buenos Aires;mcecilia.nieto@gmail.com;Consumidor final;Maria Cecilia Nieto;0;0;Ninguno;Pesos;0;;;;; ;
1788;Categoria 1;Habilitado;Dinamo Virtual;Dinamo Virtual SRL.;;Tucuman 3465;Capital Federal;Sin especificar;mj@dinamovirtual.com;IVA Responsable Inscripto;Dinamo Virtual;30711964572;0;Ninguno;Pesos;0;;;;; ;
1789;Categoria 1;Habilitado;Monica Mustafa;Monica;+54 9 2215 06-3739;Montevideo nº 2445 entre 27 y 28 ;Berisso;Sin especificar;estacionidearte@gmail.com;Consumidor final;Monica Mustafa;0;0;Ninguno;Pesos;0;;;;; ;
1790;Categoria 1;Habilitado;alan dillon;;-42831280;;Sin especificar;Sin especificar;adillon.6379tp+2-ogeytmnrzg44tamrq@mail.mercadolibre.com;Consumidor final;alan dillon;0;0;Ninguno;Pesos;0;;;;; ;
1791;Categoria 1;Habilitado;lucas albite;;1158103782;;Sin especificar;Sin especificar;lalbite.qfn1gm+2-ogeytmnrygi3tcmbw@mail.mercadolibre.com;Consumidor final;lucas albite;0;0;Ninguno;Pesos;0;;;;; ;
1792;Categoria 1;Habilitado;Ruben eduardo montenegro;Ruben montenegro;42627979 / 1559784266;Chubut 1974 - localidad : Bs As ;Lanus Oeste;Sin especificar;calcomanias.fox@hotmail.com;IVA Responsable Inscripto;Ruben eduardo montenegro;23165942809;0;Ninguno;Pesos;0;;;;; ;
1793;Categoria 1;Habilitado;Wolcan Diego;WOLCAN DIEGO ANDRES;2214249667;calle 121 nº26 (esquina 32);La plata;Sin especificar;mercuriorotulos@hotmail.com;IVA Responsable Inscripto;Wolcan Diego;20207973840;0;Ninguno;Pesos;0;;;;; ;
1794;Categoria 1;Habilitado;Monica Melano;;03564-15560366;;Sin especificar;Sin especificar;mmelano.xqbmym+2-ogeytmojtgu4dkmjs@mail.mercadolibre.com;Consumidor final;Monica Melano;0;0;Ninguno;Pesos;0;;;;; ;
1795;Categoria 1;Habilitado;claudio fabian fernandez;;01115-31573519;;Sin especificar;Sin especificar;cfernan.twvv9h+2-ogeytmojvgu2tkobs@mail.mercadolibre.com;Consumidor final;claudio fabian fernandez;0;0;Ninguno;Pesos;0;;;;; ;
1796;Categoria 1;Habilitado;Monica Beatriz Melano ;MELANO MONICA BEATRIZ;;Costa Rica 141. san francisco cordoba;Sin especificar;Sin especificar;monicabiancagaido@gmail.com;IVA Responsable Inscripto;Monica Beatriz Melano ;27268756286;0;Ninguno;Pesos;0;;;;; ;
1797;Categoria 1;Habilitado;marcos german alcalde miranda;;0261-4211211;;Sin especificar;Sin especificar;malcald.x1kpnwk+2-ogeytombygeydeobu@mail.mercadolibre.com;Consumidor final;marcos german alcalde miranda;0;0;Ninguno;Pesos;0;;;;; ;
1798;Categoria 1;Habilitado;cristian fabian carrazana;;3873456328;;Sin especificar;Sin especificar;ccarraz.y9rfxv+2-ogeytombyhe2tknjs@mail.mercadolibre.com;Consumidor final;cristian fabian carrazana;0;0;Ninguno;Pesos;0;;;;; ;
1799;Categoria 1;Habilitado;Brenda Almiron;;011-1561374203;;Sin especificar;Sin especificar;balmiro.kwts8z+2-ogeytomjwgy4tgmbv@mail.mercadolibre.com;Consumidor final;Brenda Almiron;0;0;Ninguno;Pesos;0;;;;; ;
1800;Categoria 1;Habilitado;Juan Ignacio Laffue;;;Paysandu 1468;Capital Federal;Sin especificar;laffuejuanignacio@hotmail.com;Consumidor final;Juan Ignacio Laffue;0;0;Ninguno;Pesos;0;;;;; ;
1801;Categoria 1;Habilitado;Cesar Cieri;Cieri Cesar Jose;236311564;Sanabria 418;Junin;Sin especificar;cesar_cieri@yahoo.com.ar;IVA Responsable Inscripto;Cesar Cieri;20226055992;0;Ninguno;Pesos;0;;;;; ;
1802;Categoria 1;Habilitado;BUFANDITA S.R.L.;;;DARWIN 102;Ciudad Autónoma De Buenos Aires;CABA;;IVA Responsable Inscripto;BUFANDITA S.R.L.;30714646512;0;Ninguno;Pesos;0;;;;; ;
1803;Categoria 1;Habilitado;KASTIKA SOFIA GABRIELA;Sofia;1135181153;PERON EVA AV. 1661;Ciudad Autónoma De Buenos Aires;CABA;;Responsable Monotributo;KASTIKA, SOFIA GABRIELA;23246243034;0;Ninguno;Pesos;0;;;;;1406;
1804;Categoria 1;Habilitado;GORI, LUCIANO LUIS;;;AVDA COLON 3299;OLAVARRIA;Buenos Aires;;IVA Responsable Inscripto;GORI, LUCIANO LUIS;20138960340;0;Ninguno;Pesos;0;;;;; ;
1805;Categoria 1;Habilitado;GRUPO ABACO S.A.;EMILIANO LAQUIDARA;+54 9 2215 40-2416;LIMA 355 Piso:6 Dpto:B;Ciudad Autónoma De Buenos Aires;CABA;;IVA Responsable Inscripto;GRUPO ABACO S.A.;30711139598;0;Ninguno;Pesos;0;;;;; ;
1806;Categoria 1;Habilitado;paula Berghmans;1150643628;11450643628;bartolome mitre 4230;Sin especificar;Sin especificar;paulaBerghmans@gmail.com;Consumidor final;;0;0;Ninguno;Pesos;0;;;;; ;
1807;Categoria 1;Habilitado;BS print;1136042518;;francisco Acuña Figueroa 1471;Sin especificar;Sin especificar;;Consumidor final;;0;0;Ninguno;Pesos;0;;;;; ;
1808;Categoria 1;Habilitado;Sharon Di Rocco;Sharon ;+54 9 2983 56-9401;Solís 1266.TRES ARROYOS;Sin especificar;Sin especificar;;Consumidor final;;0;40881837;DNI;Pesos;0;;;;; ;
1810;Categoria 1;Habilitado;TRANSPORTES CREXELL SA;Emanuel Venturini;+54 9 2994 11-1415;ENRIQUE MOSCONI 2731;NEUQUEN;Neuquén;;IVA Responsable Inscripto;TRANSPORTES CREXELL SA;30684503797;0;Ninguno;Pesos;0;;;;; ;
1811;Categoria 1;Habilitado;Braian Ramzoni;1135130296;;Miguel Cane 3752/ San fernando.Zona norte;Sin especificar;Sin especificar;braian_ramzoni@gmail.com;Consumidor final;;0;36297107;DNI;Pesos;0;;;;; ;
1812;Categoria 1;Habilitado;Fernando Lobatti;1166158016;;Itaqui 3264/ soldati;Sin especificar;Sin especificar;fernandolobatti@gmail.com;Consumidor final;;20359579722;0;Ninguno;Pesos;0;;;;; ;
1813;Categoria 1;Habilitado;SEBRE S R L TRANSPORTES;Stefania ;+54 9 3364 65-2019;JUAN B JUSTO 181;SAN NICOLAS;Buenos Aires;;IVA Responsable Inscripto;SEBRE S R L TRANSPORTES;30602827611;0;Ninguno;Pesos;0;;;;; ;
1814;Categoria 1;Deshabilitado;Alejandro Bustos;1531529220;;VIDELA CASTILLO 859 Piso:1 Dpto:a;Ciudad Autónoma De Buenos Aires;CABA;alejandrojavierbustos@gmail.com;IVA Responsable Inscripto;BUSTOS, ALEJANDRO JAVIER;20267337285;0;Ninguno;Pesos;0;;;;; ;
1815;Categoria 1;Habilitado;Soledad Rodriguez;11575506461;;Isabela Catolica 875/1 A;Sin especificar;Sin especificar;masoledad2001@gmail.com;Consumidor final;;0;28327984;DNI;Pesos;0;;;;; ;
1816;Categoria 1;Habilitado;SAAVEDRA, SERGIO MARCELO;39737104;1538246859;ESPINOSA 141 Piso:PB Dpto:D;Ciudad Autónoma De Buenos Aires;CABA;info@misspolonia.com.ar;IVA Responsable Inscripto;SAAVEDRA, SERGIO MARCELO;20241121748;0;Ninguno;Pesos;0;;;;; ;
1817;Categoria 1;Habilitado;GUERRA, ROMINA LAURA;;+54 9 11 4069-3221;YERBAL 304;Ciudad Autónoma De Buenos Aires;CABA;estampaok@gmail.com;IVA Responsable Inscripto;GUERRA, ROMINA LAURA;27331931948;0;Ninguno;Pesos;0;;;;; ;
1818;Categoria 1;Habilitado;RF COMPETICION SRL;;1123006776;DEAN FUNES 1957;Ciudad Autónoma De Buenos Aires;CABA;mlauravila@hotmail.com;IVA Responsable Inscripto;RF COMPETICION SRL;30711350914;0;Ninguno;Pesos;0;;;;; ;
1819;Categoria 1;Habilitado;BUSTOS, ALEJANDRO JAVIER;Alejandro;+54 9 11 3152-9220;VIDELA CASTILLO 859 Piso:1 Dpto:a;Ciudad Autónoma De Buenos Aires;CABA;;IVA Responsable Inscripto;BUSTOS, ALEJANDRO JAVIER;20267337285;0;Ninguno;Pesos;0;;;;; ;
1820;Categoria 1;Habilitado;RUTSCHI, JUAN PABLO;;1133077664;NAZCA AV. 1450 Piso:3 Dpto:B;Ciudad Autónoma De Buenos Aires;CABA;jprutschi@gmail.com;IVA Responsable Inscripto;RUTSCHI, JUAN PABLO;23272171459;0;Ninguno;Pesos;0;;;;; ;
1821;Categoria 1;Habilitado;FARRO URIBE, SERGIO ANDRE;;;SUAREZ 567 Piso:PB Dpto:3;Ciudad Autónoma De Buenos Aires;CABA;;Responsable Monotributo;FARRO URIBE, SERGIO ANDRE;20940533784;0;Ninguno;Pesos;0;;;;; ;
1822;Categoria 1;Habilitado;Rissola maria cecilia ;5492324649112;;103 entre 108 y 114 num 3218 (mercedes Bs as , 6600;Mercedes;Sin especificar;;Consumidor final;;0;38820544;DNI;Pesos;0;;;;; ;
1823;Categoria 1;Habilitado;RODOLFO MARCHESE E HIJOS S.H.;;+54 9 11 3253-8969;PLANES 1252;Ciudad Autónoma De Buenos Aires;CABA;;IVA Responsable Inscripto;RODOLFO MARCHESE E HIJOS S.H.;30500257985;0;Ninguno;Pesos;0;;;;; ;
1824;Categoria 1;Habilitado;RUIZ, MARINA ESPERANZA;+54 9 11 5731-5208;1157315208; Billinghurst 22;Ciudad Autónoma De Buenos Aires;CABA;lacopiavelozadm@gmail.com;IVA Responsable Inscripto;RUIZ, MARINA ESPERANZA;27268245427;0;Ninguno;Pesos;0;;;;; ;
1825;Categoria 1;Habilitado;DI LANZO GARCIA, GONZALO JAVIER;;;CINCUENTENARIO 1635;FIRMAT;Santa Fe;;IVA Responsable Inscripto;DI LANZO GARCIA, GONZALO JAVIER;20313027466;0;Ninguno;Pesos;0;;;;; ;
1826;Categoria 1;Habilitado;SISLOC - AT S.R.L.;;1133125686;BILBAO FRANCISCO 5812;Ciudad Autónoma De Buenos Aires;CABA;felipermartinez15@gmail.com;IVA Responsable Inscripto;SISLOC - AT S.R.L.;30715283499;0;Ninguno;Pesos;0;;;;; ;
1827;Categoria 1;Habilitado;taller 4;;;;Sin especificar;Sin especificar;;Consumidor final;;0;0;Ninguno;Pesos;0;;;;; ;
1828;Categoria 1;Habilitado;SEBASTIAN MORENO;;1566944445;alberdi 893.CABALLITO;Sin especificar;Sin especificar;go_sebastian@HOTMAIL.COM;Consumidor final;;0;28064072;DNI;Pesos;0;;;;; ;
1829;Categoria 1;Habilitado;CRISTIAN PENA;imprimag;1126311848;bogota 250.CABALLITO;Sin especificar;Sin especificar;imprimag@hotmail.com;Consumidor final;;0;22589834;DNI;Pesos;0;;;;; ;
1830;Categoria 1;Habilitado;Nahuel fontela;Hernan Fontel;+54 9 2474 44-6962;;Salto;Sin especificar;;Consumidor final;;0;0;Ninguno;Pesos;0;;;;; ;
1831;Categoria 1;Habilitado;DIEGO VAITEIN;;1554975807;ambroseti 885-caballito;Sin especificar;Sin especificar;info@silkap.com.ar;Consumidor final;;0;25866964;DNI;Pesos;0;;;;; ;
1832;Categoria 1;Habilitado;TRANSPORTE PILAR S.R.L.;;;MARIA CABEZAS 1240;PILAR;Buenos Aires;;IVA Responsable Inscripto;TRANSPORTE PILAR S.R.L.;30709445282;0;Ninguno;Pesos;0;;<p>impresos astro pidió facturarle a ellos</p>;;; ;
1833;Categoria 1;Deshabilitado;Walter ariel cuadra ;+54 9 11 5958-2136;;Juan bautista alberdi 1099;Capital Federal;Sin especificar;;Consumidor final;;0;0;Ninguno;Pesos;0;;;;; ;
1835;Categoria 1;Habilitado;Maria Laura Mendez Quiros;;;29 de SEPTIEMBRE 1446- (entre general Guido y eva Perón);Lanus este;Sin especificar;ml.mendezquiros@gmail.com;Consumidor final;;0;30494967;DNI;Pesos;0;;;;; ;
1836;Categoria 1;Habilitado; ZUÑIGA NERI PAUL;;;;CHOELE CHOEL;Sin especificar;;IVA Responsable Inscripto; ZUÑIGA NERI PAUL;20339429473;0;Ninguno;Pesos;0;;;;; ;
1837;Categoria 1;Habilitado;GLOBAL COMPONENTES SOCIEDAD ANONIMA;;;HORACIO JULIAN 837;MORON;Buenos Aires;;IVA Responsable Inscripto;GLOBAL COMPONENTES SOCIEDAD ANONIMA;30708579773;0;Ninguno;Pesos;0;;;;; ;
1838;Categoria 1;Habilitado;TINTO, CHRISTIAN ARIEL;;;GRITO DE ASENCIO 3175;Ciudad Autónoma De Buenos Aires;CABA;nextpublic@yahoo.com.ar;IVA Responsable Inscripto;TINTO, CHRISTIAN ARIEL;20253803992;0;Ninguno;Pesos;0;;;;; ;
1839;Categoria 1;Deshabilitado;dario villegas (No);;; Humberto primo 180 torre 1, 7mo G-SAN TELMO.;Sin especificar;Sin especificar;dariovillegas88@yahoo.com.ar;Consumidor final;;0;0;Ninguno;Pesos;0;;;;; ;
1840;Categoria 1;Habilitado;BRUGGER, GABRIEL ENRIQUE;;;RAFAEL OBLIGADO 621;GLEW;Buenos Aires;;IVA Responsable Inscripto;BRUGGER, GABRIEL ENRIQUE;20255351576;0;Ninguno;Pesos;0;;;;; ;
1841;Categoria 1;Habilitado;LEO CHAUQUE;Leo ;+54 9 11 6223-3177;treita y tres orientales 1250;Ciudad Autónoma De Buenos Aires;CABA;Leonchauq@outlook.com;IVA Responsable Inscripto;CHAUQUE LEO NAHUEL;20377515073;37751507;DNI;Pesos;0;;;;; ;
1843;Categoria 1;Habilitado;DI LANZO GARCIA, GONZALO JAVIER;;;CINCUENTENARIO 1635;FIRMAT;Santa Fe;;IVA Responsable Inscripto;DI LANZO GARCIA, GONZALO JAVIER;20313027466;0;Ninguno;Pesos;0;;;;; ;
1844;Categoria 1;Habilitado;BERSANINI, GONZALO IGNACIO;;;MENDOZA 2529;LANUS;Buenos Aires;;IVA Responsable Inscripto;BERSANINI, GONZALO IGNACIO;20233741117;0;Ninguno;Pesos;0;;;;; ;
1846;Categoria 1;Habilitado;LEHMANN, ANDRES;andres;1544732361;IBERA 2975;Ciudad Autónoma De Buenos Aires;CABA;andres.lehmann@gmail.com;IVA Responsable Inscripto;LEHMANN, ANDRES;20271820322;0;Ninguno;Pesos;0;;;;; ;
1847;Categoria 1;Habilitado;MIRTA EGERT;TAYTI DECO;;TARIJA 3971-BOEDO;Sin especificar;Sin especificar;mirtaegert@gmail.com;Consumidor final;;0;16606009;DNI;Pesos;0;;;;; ;
1848;Categoria 1;Habilitado;BARAIBAR, SANDRA PATRICIA;Daniel Grafica ;+5491167271152;9 DE JULIO 358;MORON;Buenos Aires;info@graficaeltata.com.ar;IVA Responsable Inscripto;BARAIBAR, SANDRA PATRICIA;27178239746;0;Ninguno;Pesos;0;;;;; ;
1849;Sin especificar;Habilitado;matias santa maria;;;;Sin especificar;Sin especificar;;Consumidor final;;0;0;Ninguno;Pesos;0;;;;; ;
1850;Categoria 1;Habilitado;Matias Don Maria;;;;Sin especificar;Sin especificar;;Consumidor final;;0;0;Ninguno;Pesos;0;;;;; ;
1851;Categoria 1;Habilitado;Punto uno Grafica;Luciano;+54 9 2213 53-8999;No 19 e/ 66 y 67 num 1686;La plata;Sin especificar;;Consumidor final;;0;0;Ninguno;Pesos;0;;;;; ;
1852;Categoria 1;Habilitado;PEREZ ALBERT PABLO MARIO;;;;Sin especificar;Sin especificar;;IVA Responsable Inscripto;PEREZ ALBERT PABLO MARIO;20186551762;0;Ninguno;Pesos;0;;;;; ;
1853;Categoria 1;Habilitado;JOSE FERNANDEZ ;JINDIEL;;AZUL 6852-GONZALES CATAN ;Sin especificar;Sin especificar;josefernandez.jin@gmail.com;Consumidor final;;0;34249323;DNI;Pesos;0;;;;; ;
1854;Sin especificar;Habilitado;juan cruz mastradrea;;;;Sin especificar;Sin especificar;;Consumidor final;;0;31094566;DNI;Pesos;82632385;;Cliente agregado automáticamente desde MercadoLibre;;; ;
1855;Sin especificar;Habilitado;patricio damian castagnino Castagnino;;11-49422003;SAAVEDRA 1175;Ciudad Autónoma De Buenos Aires;CABA;;Responsable Monotributo;CASTAGNINO, PATRICIO DAMIAN;20240422736;0;Ninguno;Pesos;158946748;;Cliente agregado automáticamente desde MercadoPago;;; ;
1856;Sin especificar;Habilitado;Axel Gabriel Piskulic;;;;Sin especificar;Sin especificar;;Consumidor final;;0;16131353;DNI;Pesos;79720160;;Cliente agregado automáticamente desde MercadoLibre;;; ;
1857;Sin especificar;Habilitado;Cliente N° 1857;;;;Sin especificar;Sin especificar;;Consumidor final;;0;0;Ninguno;Pesos;74439144;;Cliente agregado automáticamente desde MercadoPago;;; ;
1858;Sin especificar;Habilitado;Cliente N° 1858;;;;Sin especificar;Sin especificar;;Consumidor final;;0;0;Ninguno;Pesos;8483211;;Cliente agregado automáticamente desde MercadoPago;;; ;
1859;Sin especificar;Habilitado;Cliente N° 1859;;;;Sin especificar;Sin especificar;;Consumidor final;;0;0;Ninguno;Pesos;166471407;;Cliente agregado automáticamente desde MercadoPago;;; ;
1860;Sin especificar;Habilitado;Cliente N° 1860;;;;Sin especificar;Sin especificar;;Consumidor final;;0;0;Ninguno;Pesos;48865756;;Cliente agregado automáticamente desde MercadoPago;;; ;
1861;Sin especificar;Habilitado;virginia naranjo;;;;Sin especificar;Sin especificar;;Consumidor final;;0;26590163;DNI;Pesos;233648773;;Cliente agregado automáticamente desde MercadoLibre;;; ;
1862;Sin especificar;Habilitado;Franco Muller;;;;Sin especificar;Sin especificar;;Consumidor final;;0;40555901;DNI;Pesos;206539946;;Cliente agregado automáticamente desde MercadoLibre;;; ;
1863;Sin especificar;Habilitado;mile lopez;;;SAN MARTIN 145;HILARIO ASCASUBI;Buenos Aires;;Consumidor final;LOPEZ, MILENA NOEMI;27367047106;36704710;DNI;Pesos;172720119;;Cliente agregado automáticamente desde MercadoLibre;;; ;
1864;Sin especificar;Habilitado;Guillermo Ferrando;;;;Sin especificar;Sin especificar;;Consumidor final;;0;29857240;DNI;Pesos;25110800;;Cliente agregado automáticamente desde MercadoLibre;;; ;
1865;Sin especificar;Habilitado;agustin villa;;;;Sin especificar;Sin especificar;;Consumidor final;;0;37894275;DNI;Pesos;173459983;;Cliente agregado automáticamente desde MercadoLibre;;; ;
1866;Sin especificar;Habilitado;Karina Zarate;;;;Sin especificar;Sin especificar;;Consumidor final;;0;23939656;DNI;Pesos;152374316;;Cliente agregado automáticamente desde MercadoLibre;;; ;
1867;Sin especificar;Habilitado;Eimon Viegas;;01138579007;;Sin especificar;Sin especificar;delfinnegro41@gmail.com;Consumidor final;;0;21670354;DNI;Pesos;275539541;;Cliente agregado automáticamente desde MercadoPago;;; ;
1868;Categoria 1;Habilitado;JCM PROJECT;Juan Cruz Mastradrea;1151612813;Paul Harris 160;Sin especificar;Sin especificar;;Consumidor final;;0;31094566;DNI;Pesos;0;;;;; ;
1869;Sin especificar;Habilitado;Cliente N° 1869;;;;Sin especificar;Sin especificar;;Consumidor final;;0;0;Ninguno;Pesos;147688640;;Cliente agregado automáticamente desde MercadoPago;;; ;
1870;Sin especificar;Habilitado;cristian russo;;15 53 48 71 64;;Sin especificar;Sin especificar;;Consumidor final;;0;31951467;DNI;Pesos;38751314;;Cliente agregado automáticamente desde MercadoPago;;; ;
1871;Sin especificar;Habilitado;nidia segovia;; -03471 493380;SARMIENTO 985;VILLA ELOISA;Santa Fe;maruloks@hotmail.com;Responsable Monotributo;SEGOVIA, MARIBEL;27386000749;38600074;DNI;Pesos;168782367;;Cliente agregado automáticamente desde MercadoPago;;; ;
1872;Sin especificar;Habilitado;Ignacio Blotta;;1130649859;TERRERO 189 Piso:1 Dpto:3;Ciudad Autónoma De Buenos Aires;CABA;igblotta@gmail.com;IVA Sujeto Exento;BLOTTA, IGNACIO;20381658652;38165865;DNI;Pesos;154792219;;Cliente agregado automáticamente desde MercadoPago;;; ;
1873;Sin especificar;Habilitado;Liliana Orozco;;;;Sin especificar;Sin especificar;;Consumidor final;;0;14405001;DNI;Pesos;336303035;;Cliente agregado automáticamente desde MercadoPago;;; ;
1874;Sin especificar;Habilitado;Cliente N° 1874;;;;Sin especificar;Sin especificar;;Consumidor final;;0;0;Ninguno;Pesos;57776673;;Cliente agregado automáticamente desde MercadoPago;;; ;
1875;Sin especificar;Habilitado;Natalia Faggiani;;;CIRC. 3&#176  E/ 20 Y 22 1231;VERONICA;Buenos Aires;;Consumidor final;FAGGIANI, MARIA NATALIA;27369362963;36936296;DNI;Pesos;180973559;;Cliente agregado automáticamente desde MercadoLibre;;; ;
1876;Categoria 1;Habilitado;bruno campos;;;almirante segui 510;Sin especificar;Sin especificar;bururabelocampos@gmail.com;Consumidor final;;0;94705398;DNI;Pesos;0;;;;; ;
1877;Sin especificar;Habilitado;Cliente N° 1877;;;;Sin especificar;Sin especificar;;Consumidor final;;0;0;Ninguno;Pesos;132555947;;Cliente agregado automáticamente desde MercadoPago;;; ;
1878;Sin especificar;Habilitado;Cliente N° 1878;;;;Sin especificar;Sin especificar;;Consumidor final;;0;0;Ninguno;Pesos;17188163;;Cliente agregado automáticamente desde MercadoPago;;; ;
1879;Sin especificar;Habilitado;Cliente N° 1879;;;;Sin especificar;Sin especificar;;Consumidor final;;0;0;Ninguno;Pesos;26338774;;Cliente agregado automáticamente desde MercadoPago;;; ;
1880;Sin especificar;Habilitado;Cliente N° 1880;;;;Sin especificar;Sin especificar;;Consumidor final;;0;0;Ninguno;Pesos;154191398;;Cliente agregado automáticamente desde MercadoPago;;; ;
1881;Sin especificar;Habilitado;Agustin Ignacio Silfeni;;0297-154589021;;Sin especificar;Sin especificar;;Consumidor final;;0;30503123;DNI;Pesos;2172700;;Cliente agregado automáticamente desde MercadoPago;;; ;
1882;Sin especificar;Habilitado;Cliente N° 1882;;;;Sin especificar;Sin especificar;;Consumidor final;;0;0;Ninguno;Pesos;323221858;;Cliente agregado automáticamente desde MercadoPago;;; ;
1883;Sin especificar;Habilitado;Cliente N° 1883;;;;Sin especificar;Sin especificar;;Consumidor final;;0;0;Ninguno;Pesos;354605370;;Cliente agregado automáticamente desde MercadoPago;;; ;
1884;Sin especificar;Habilitado;Cliente N° 1884;;;;Sin especificar;Sin especificar;;Consumidor final;;0;0;Ninguno;Pesos;61875858;;Cliente agregado automáticamente desde MercadoPago;;; ;
1885;Sin especificar;Habilitado;Marce Turin;;;;Sin especificar;Sin especificar;;Consumidor final;;0;36703302;DNI;Pesos;167088889;;Cliente agregado automáticamente desde MercadoLibre;;; ;
1886;Sin especificar;Habilitado;Emilce Montenegro;;1166039568;;Sin especificar;Sin especificar;;Consumidor final;;0;35370969;DNI;Pesos;273220009;;Cliente agregado automáticamente desde MercadoPago;;; ;
1887;Sin especificar;Habilitado;Julio Cesar Gaspar;;11-27388519;BOGOTA 12;Ciudad Autónoma De Buenos Aires;CABA;;Responsable Monotributo;DA SILVA GASPAR, JULIO CESAR;20946021734;94602173;DNI;Pesos;206681747;;Cliente agregado automáticamente desde MercadoPago;;; ;
1888;Sin especificar;Habilitado;Cliente N° 1888;;;;Sin especificar;Sin especificar;;Consumidor final;;0;0;Ninguno;Pesos;111963995;;Cliente agregado automáticamente desde MercadoPago;;; ;
1889;Sin especificar;Habilitado;Betina Moggio;;;LAVALLE 244;SUNCHALES;Santa Fe;;Responsable Monotributo;MOGGIO, BETINA DANIELA;23267503524;26750352;DNI;Pesos;130667006;;Cliente agregado automáticamente desde MercadoLibre;;; ;
1890;Sin especificar;Habilitado;Cliente N° 1890;;;;Sin especificar;Sin especificar;;Consumidor final;;0;0;Ninguno;Pesos;135162366;;Cliente agregado automáticamente desde MercadoPago;;; ;
1891;Sin especificar;Habilitado;Cliente N° 1891;;;;Sin especificar;Sin especificar;;Consumidor final;;0;0;Ninguno;Pesos;51367851;;Cliente agregado automáticamente desde MercadoPago;;; ;
1892;Sin especificar;Habilitado;Cliente N° 1892;;;;Sin especificar;Sin especificar;;Consumidor final;;0;0;Ninguno;Pesos;73819741;;Cliente agregado automáticamente desde MercadoPago;;; ;
1893;Sin especificar;Habilitado;Cliente N° 1893;;;;Sin especificar;Sin especificar;;Consumidor final;;0;0;Ninguno;Pesos;461108033;;Cliente agregado automáticamente desde MercadoPago;;; ;
1894;Sin especificar;Habilitado;Cliente N° 1894;;;;Sin especificar;Sin especificar;;Consumidor final;;0;0;Ninguno;Pesos;35028118;;Cliente agregado automáticamente desde MercadoPago;;; ;
1895;Sin especificar;Habilitado;Cliente N° 1895;;;;Sin especificar;Sin especificar;;Consumidor final;;0;0;Ninguno;Pesos;7482989;;Cliente agregado automáticamente desde MercadoPago;;; ;
1896;Sin especificar;Habilitado;Franco Panelo;;;LOS PINOS 1866;VILLA ELISA;Entre Ríos;;Consumidor final;PANELO FORCLAZ, FRANCO DANIEL;20395805178;39580517;DNI;Pesos;261751417;;Cliente agregado automáticamente desde MercadoPago;;; ;
1897;Sin especificar;Habilitado;Malevo Malevo;; -1158102757;MAIPU 726 Piso:5 Dpto:B;Ciudad Autónoma De Buenos Aires;CABA;;IVA Responsable Inscripto;JAIME, GONZALO MATIAS;20342606459;34260645;DNI;Pesos;224739832;;Cliente agregado automáticamente desde MercadoPago;;; ;
1898;Sin especificar;Habilitado;Cliente N° 1898;;;;Sin especificar;Sin especificar;;Consumidor final;;0;0;Ninguno;Pesos;96328635;;Cliente agregado automáticamente desde MercadoPago;;; ;
1899;Sin especificar;Habilitado;maria nicosia;;;;Sin especificar;Sin especificar;;Consumidor final;;0;31892241;DNI;Pesos;167442088;;Cliente agregado automáticamente desde MercadoLibre;;; ;
1900;Sin especificar;Habilitado;Cliente N° 1900;;;;Sin especificar;Sin especificar;;Consumidor final;;0;0;Ninguno;Pesos;12163669;;Cliente agregado automáticamente desde MercadoPago;;; ;
1901;Sin especificar;Habilitado;Cliente N° 1901;;;;Sin especificar;Sin especificar;;Consumidor final;;0;0;Ninguno;Pesos;127945468;;Cliente agregado automáticamente desde MercadoPago;;; ;
1902;Sin especificar;Habilitado;Cliente N° 1902;;;;Sin especificar;Sin especificar;;Consumidor final;;0;0;Ninguno;Pesos;249697189;;Cliente agregado automáticamente desde MercadoPago;;; ;
1903;Sin especificar;Habilitado;Cliente N° 1903;;;;Sin especificar;Sin especificar;;Consumidor final;;0;0;Ninguno;Pesos;150627931;;Cliente agregado automáticamente desde MercadoPago;;; ;
1904;Sin especificar;Habilitado;Héctor Sánchez de la Serena;;1169307315;;Sin especificar;Sin especificar;hsdlaserna@gmail.com;Consumidor final;;0;94811755;DNI;Pesos;436805564;;Cliente agregado automáticamente desde MercadoPago;;; ;
1905;Sin especificar;Habilitado;Cliente N° 1905;;;;Sin especificar;Sin especificar;;Consumidor final;;0;0;Ninguno;Pesos;94579399;;Cliente agregado automáticamente desde MercadoPago;;; ;
1906;Sin especificar;Habilitado;Noelia Madelein Lara;;299-4011575;;Sin especificar;Sin especificar;;Consumidor final;;0;35592562;DNI;Pesos;198486677;;Cliente agregado automáticamente desde MercadoPago;;; ;
1907;Sin especificar;Deshabilitado;PARES OMAR ,PARES JUAN CARLO;;;ECHEANDIA 5446;Ciudad Autónoma De Buenos Aires;CABA;serigrafiazouk@gmail.com.ar;IVA Responsable Inscripto;PARES OMAR ALBERTO Y PARES JUAN CARLOS  SOC DE HECHO;30696698828;0;Ninguno;Pesos;0;;;;; ;
1908;Sin especificar;Habilitado;Cliente N° 1908;;;;Sin especificar;Sin especificar;;Consumidor final;;0;0;Ninguno;Pesos;196622881;;Cliente agregado automáticamente desde MercadoPago;;; ;
1909;Sin especificar;Habilitado;Cliente N° 1909;;;;Sin especificar;Sin especificar;;Consumidor final;;0;0;Ninguno;Pesos;40696208;;Cliente agregado automáticamente desde MercadoPago;;; ;
1910;Sin especificar;Habilitado;Cliente N° 1910;;;;Sin especificar;Sin especificar;;Consumidor final;;0;0;Ninguno;Pesos;5726245;;Cliente agregado automáticamente desde MercadoPago;;; ;
1911;Sin especificar;Habilitado;Cliente N° 1911;;;;Sin especificar;Sin especificar;;Consumidor final;;0;0;Ninguno;Pesos;229177930;;Cliente agregado automáticamente desde MercadoPago;;; ;
1912;Sin especificar;Habilitado;Facu Bernini;;1538649223;;Sin especificar;Sin especificar;;Consumidor final;;0;39464827;DNI;Pesos;166568069;;Cliente agregado automáticamente desde MercadoPago;;; ;
1913;Sin especificar;Habilitado;Cliente N° 1913;;;;Sin especificar;Sin especificar;;Consumidor final;;0;0;Ninguno;Pesos;86697335;;Cliente agregado automáticamente desde MercadoPago;;; ;
1914;Sin especificar;Habilitado;Maxi Soria;;0261-156810017;;Sin especificar;Sin especificar;;Consumidor final;;0;30017651;DNI;Pesos;9377765;;Cliente agregado automáticamente desde MercadoPago;;; ;
1915;Sin especificar;Habilitado;Cliente N° 1915;;;;Sin especificar;Sin especificar;;Consumidor final;;0;0;Ninguno;Pesos;150741483;;Cliente agregado automáticamente desde MercadoPago;;; ;
1916;Sin especificar;Habilitado;Cliente N° 1916;;;;Sin especificar;Sin especificar;;Consumidor final;;0;0;Ninguno;Pesos;23703411;;Cliente agregado automáticamente desde MercadoPago;;; ;
1917;Sin especificar;Habilitado;Cliente N° 1917;;;;Sin especificar;Sin especificar;;Consumidor final;;0;0;Ninguno;Pesos;292487237;;Cliente agregado automáticamente desde MercadoPago;;; ;
1918;Sin especificar;Habilitado;Cliente N° 1918;;;;Sin especificar;Sin especificar;;Consumidor final;;0;0;Ninguno;Pesos;82953827;;Cliente agregado automáticamente desde MercadoPago;;; ;
1919;Sin especificar;Habilitado;A.M. Computación Angel Musura;;;CONSTITUCION 1090;SAN FERNANDO;Buenos Aires;;IVA Responsable Inscripto;MUSURA, ANGEL CLEMENTE;20132835803;0;Ninguno;Pesos;26477247;;Cliente agregado automáticamente desde MercadoLibre;;; ;
1920;Categoria 1;Habilitado;ANTONELA DE MARCHI ;;;Direccion Araoz 906 Entre Jufre y Lerma;Sin especificar;Sin especificar;racewayindumentaria@gmail.com;Consumidor final;;0;34230746;DNI;Pesos;0;;;;; ;
1921;Categoria 1;Habilitado;maria belen lencina;Maria belen lencina;+54 9 11 7134-9312;;Villa Urquiza;CABA;;Responsable Monotributo;LENCINA, MARIA BELEN;27344187806;34418780;DNI;Pesos;0;;Cliente agregado automáticamente desde MercadoPago;;; ;
1922;Sin especificar;Habilitado;Cliente N° 1922;;;;Sin especificar;Sin especificar;;Consumidor final;;0;0;Ninguno;Pesos;619618976;;Cliente agregado automáticamente desde MercadoPago;;; ;
1923;Sin especificar;Habilitado;Cliente N° 1923;;;;Sin especificar;Sin especificar;;Consumidor final;;0;0;Ninguno;Pesos;157478897;;Cliente agregado automáticamente desde MercadoPago;;; ;
1924;Sin especificar;Habilitado;Regina Cejas;;;;Sin especificar;Sin especificar;;Consumidor final;;0;40286964;DNI;Pesos;309832703;;Cliente agregado automáticamente desde MercadoLibre;;; ;
1925;Sin especificar;Habilitado;Leonardo H González;;011-4331 3933;BELGRANO AV. 360 Piso:2 Dpto:B;Ciudad Autónoma De Buenos Aires;CABA;;Responsable Monotributo;GONZALEZ, LEONARDO HECTOR;20291938389;29193838;DNI;Pesos;81526669;;Cliente agregado automáticamente desde MercadoPago;;; ;
1926;Sin especificar;Habilitado;Cliente N° 1926;;;;Sin especificar;Sin especificar;;Consumidor final;;0;0;Ninguno;Pesos;183694716;;Cliente agregado automáticamente desde MercadoPago;;; ;
1927;Sin especificar;Habilitado;hernan figueroa;;011-47502983;MITRE 4494 Piso:2;CASEROS;Buenos Aires;her_figueroa@yahoo.com.ar;Consumidor final;FIGUEROA, HERNAN ALBERTO;20288570435;28857043;DNI;Pesos;39630080;;Cliente agregado automáticamente desde MercadoPago;;; ;
1928;Categoria 1;Habilitado;Siarrusta,Osvaldo Fabian;;;Las Heras 415 Neuquén capital;NEUQUEN;Neuquén;nexxusgrafix@gmail.com;Responsable Monotributo;SIARRUSTA, OSVALDO FABIAN;20246596701;0;Ninguno;Pesos;0;;;;; ;
1929;Sin especificar;Habilitado;Hernán Gilardo;;0111558350640;COSTA RICA 5639;Ciudad Autónoma De Buenos Aires;CABA;;Responsable Monotributo;GILARDO, HERNAN RODRIGO;20252932608;25293260;DNI;Pesos;26634254;;Cliente agregado automáticamente desde MercadoPago;;; ;
1930;Sin especificar;Habilitado;Cliente N° 1930;;;;Sin especificar;Sin especificar;;Consumidor final;;0;0;Ninguno;Pesos;235138806;;Cliente agregado automáticamente desde MercadoPago;;; ;
1931;Sin especificar;Habilitado;Cliente N° 1931;;;;Sin especificar;Sin especificar;;Consumidor final;;0;0;Ninguno;Pesos;40422567;;Cliente agregado automáticamente desde MercadoPago;;; ;
1932;Sin especificar;Habilitado;PATRICIA ANDREA VERBOVEN;;;;Sin especificar;Sin especificar;;Consumidor final;;0;23234161;DNI;Pesos;47472487;;Cliente agregado automáticamente desde MercadoLibre;;; ;
1933;Sin especificar;Habilitado;Cliente N° 1933;;;;Sin especificar;Sin especificar;;Consumidor final;;0;0;Ninguno;Pesos;522412524;;Cliente agregado automáticamente desde MercadoPago;;; ;
1934;Categoria 1;Habilitado;Mario Bustos;Mario;0221-155036106;;SAN MARTIN DE LOS ANDES;Neuquén;;Responsable Monotributo;BUSTOS, MARIO NICOLAS;20316964886;31696488;DNI;Pesos;0;;Cliente agregado automáticamente desde MercadoLibre;;; ;
1936;Sin especificar;Habilitado;Andrea Judith De Bardeci G L;;   -39173374;SAAVEDRA 348 Piso:1 Dpto:F;Ciudad Autónoma De Buenos Aires;CABA;debardeci@hotmail.com;Responsable Monotributo;DE BARDECI GARCIA LOPEZ, ANDREA JUDITH;27252109272;25210927;DNI;Pesos;43831509;;Cliente agregado automáticamente desde MercadoPago;;; ;
1937;Sin especificar;Habilitado;Martin Herrera ;;1121580837;independencia 4346;Capital Federal;Sin especificar;martin-herrara@light.com.ar;Consumidor final;;0;0;Ninguno;Pesos;0;;;;; ;
1938;Sin especificar;Habilitado;Pablo Luis Albornoz;;;;Sin especificar;Sin especificar;;Consumidor final;;0;28427575;DNI;Pesos;242673451;;Cliente agregado automáticamente desde MercadoLibre;;; ;
1939;Sin especificar;Habilitado;Cliente N° 1939;;;;Sin especificar;Sin especificar;;Consumidor final;;0;0;Ninguno;Pesos;62252817;;Cliente agregado automáticamente desde MercadoPago;;; ;
1940;Sin especificar;Habilitado;Cliente N° 1940;;;;Sin especificar;Sin especificar;;Consumidor final;;0;0;Ninguno;Pesos;527676670;;Cliente agregado automáticamente desde MercadoPago;;; ;
1941;Sin especificar;Habilitado;Luciano Regis Cañas;;3544595999;;Sin especificar;Sin especificar;;Consumidor final;;0;37125623;DNI;Pesos;172526875;;Cliente agregado automáticamente desde MercadoPago;;; ;
1942;Sin especificar;Habilitado;Cliente N° 1942;;;;Sin especificar;Sin especificar;;Consumidor final;;0;0;Ninguno;Pesos;139734421;;Cliente agregado automáticamente desde MercadoPago;;; ;
1943;Sin especificar;Habilitado;Cliente N° 1943;;;;Sin especificar;Sin especificar;;Consumidor final;;0;0;Ninguno;Pesos;87036764;;Cliente agregado automáticamente desde MercadoPago;;; ;
1944;Sin especificar;Habilitado;Cliente N° 1944;;;;Sin especificar;Sin especificar;;Consumidor final;;0;0;Ninguno;Pesos;183590098;;Cliente agregado automáticamente desde MercadoPago;;; ;
1945;Sin especificar;Habilitado;Cliente N° 1945;;;;Sin especificar;Sin especificar;;Consumidor final;;0;0;Ninguno;Pesos;479058794;;Cliente agregado automáticamente desde MercadoPago;;; ;
1946;Sin especificar;Habilitado;Cliente N° 1946;;;;Sin especificar;Sin especificar;;Consumidor final;;0;0;Ninguno;Pesos;59100025;;Cliente agregado automáticamente desde MercadoPago;;; ;
1947;Sin especificar;Habilitado;Cliente N° 1947;;;;Sin especificar;Sin especificar;;Consumidor final;;0;0;Ninguno;Pesos;304536492;;Cliente agregado automáticamente desde MercadoPago;;; ;
1948;Sin especificar;Habilitado;Malena Blanco;;1124674993;;Sin especificar;Sin especificar;;Consumidor final;;0;44456718;DNI;Pesos;318842998;;Cliente agregado automáticamente desde MercadoPago;;; ;
1949;Sin especificar;Habilitado;Cynthia Sanchez;; -1153296789;MARMOL JOSE 60 Piso:4 Dpto:21;Ciudad Autónoma De Buenos Aires;CABA;;Responsable Monotributo;SANCHEZ, CYNTHIA SOLEDAD;27347975686;34797568;DNI;Pesos;171982958;;Cliente agregado automáticamente desde MercadoPago;;; ;
1950;Sin especificar;Habilitado;Javier Nicolas Tustanoski;;;;Sin especificar;Sin especificar;;Consumidor final;;0;30719014;DNI;Pesos;55425476;;Cliente agregado automáticamente desde MercadoLibre;;; ;
1951;Sin especificar;Habilitado;Cliente N° 1951;;;;Sin especificar;Sin especificar;;Consumidor final;;0;0;Ninguno;Pesos;76106727;;Cliente agregado automáticamente desde MercadoPago;;; ;
1952;Sin especificar;Habilitado;Cliente N° 1952;;;;Sin especificar;Sin especificar;;Consumidor final;;0;0;Ninguno;Pesos;5486692;;Cliente agregado automáticamente desde MercadoPago;;; ;
1953;Sin especificar;Habilitado;Cliente N° 1953;;;;Sin especificar;Sin especificar;;Consumidor final;;0;0;Ninguno;Pesos;632421787;;Cliente agregado automáticamente desde MercadoPago;;; ;
1954;Sin especificar;Habilitado;Cliente N° 1954;;;;Sin especificar;Sin especificar;;Consumidor final;;0;0;Ninguno;Pesos;414000306;;Cliente agregado automáticamente desde MercadoPago;;; ;
1955;Sin especificar;Habilitado;Cliente N° 1955;;;;Sin especificar;Sin especificar;;Consumidor final;;0;0;Ninguno;Pesos;184763362;;Cliente agregado automáticamente desde MercadoPago;;; ;
1956;Sin especificar;Habilitado;Cliente N° 1956;;;;Sin especificar;Sin especificar;;Consumidor final;;0;0;Ninguno;Pesos;310005189;;Cliente agregado automáticamente desde MercadoPago;;; ;
1957;Sin especificar;Habilitado;Claudia Cárdenas;;;;Sin especificar;Sin especificar;;Consumidor final;;0;39439619;DNI;Pesos;231933711;;Cliente agregado automáticamente desde MercadoLibre;;; ;
1958;Sin especificar;Habilitado;facundo branha;;011-1550286174;;Sin especificar;Sin especificar;;Consumidor final;;0;31661709;DNI;Pesos;89694825;;Cliente agregado automáticamente desde MercadoPago;;; ;
1959;Sin especificar;Habilitado;Fabiola Horga;;911-58325455;BILLINGHURST 882;Ciudad Autónoma De Buenos Aires;CABA;;Responsable Monotributo;HORGA, MARIA FABIOLA;23270895204;27089520;DNI;Pesos;157912974;;Cliente agregado automáticamente desde MercadoPago;;; ;
1960;Sin especificar;Habilitado;Carolina Farias;; -1140257702;MANSILLA GENERAL 3736 Piso:PB Dpto:D;Ciudad Autónoma De Buenos Aires;CABA;;Responsable Monotributo;FARIAS, CAROLINA GABRIELA;27383628151;38362815;DNI;Pesos;239342333;;Cliente agregado automáticamente desde MercadoPago;;; ;
1961;Sin especificar;Habilitado;Cristian Velastegui;; -1569465543;;Sin especificar;Sin especificar;;Consumidor final;;0;23246136;DNI;Pesos;153407789;;Cliente agregado automáticamente desde MercadoPago;;; ;
1962;Sin especificar;Habilitado;Gustavo Laya;;011-46310368;YERBAL 2248 Piso:2 Dpto:A;Ciudad Autónoma De Buenos Aires;CABA;;Responsable Monotributo;LAYA, GUSTAVO ADOLFO;20229920295;22992029;DNI;Pesos;5466417;;Cliente agregado automáticamente desde MercadoPago;;; ;
1963;Categoria 1;Habilitado;TAMANINI, CLAUDIO FABIAN;;;ECUADOR 719;Ciudad Autónoma De Buenos Aires;CABA;graficadigital11@gmail.com;Responsable Monotributo;TAMANINI, CLAUDIO FABIAN;20245762543;0;Ninguno;Pesos;0;;;;; ;
1964;Sin especificar;Habilitado;Cliente N° 1964;;;;Sin especificar;Sin especificar;;Consumidor final;;0;0;Ninguno;Pesos;76605510;;Cliente agregado automáticamente desde MercadoPago;;; ;
1965;Categoria 1;Habilitado;Marcela Molinari;;1126140216;San jose 2310 Becar-San Isidro;Sin especificar;Sin especificar;tallerfrisa@gmail.com.ar;Consumidor final;;0;0;Ninguno;Pesos;0;;;;; ;
1966;Sin especificar;Habilitado;Cliente N° 1966;;;;Sin especificar;Sin especificar;;Consumidor final;;0;0;Ninguno;Pesos;63613852;;Cliente agregado automáticamente desde MercadoPago;;; ;
1967;Sin especificar;Habilitado;Florencia Calio;; -42449020;;Sin especificar;Sin especificar;;Consumidor final;;0;32553413;DNI;Pesos;164194405;;Cliente agregado automáticamente desde MercadoPago;;; ;
1968;Sin especificar;Habilitado;maura fermin;;;;Sin especificar;Sin especificar;;Consumidor final;;0;32590850;DNI;Pesos;323535857;;Cliente agregado automáticamente desde MercadoLibre;;; ;
1969;Categoria 1;Habilitado;PLATAPEL S.R.L.;;;51 1024;LA PLATA SUDESTE CALLE 50 AMBAS VEREDAS;Buenos Aires;Juan@platapel.com.ar;IVA Responsable Inscripto;PLATAPEL S.R.L.;30711660018;0;Ninguno;Pesos;0;;;;; ;
1970;Categoria 1;Habilitado;KOHLER STUDIO S.R.L.;;;BERUTI 3219 Piso:3 Dpto:A;Ciudad Autónoma De Buenos Aires;CABA;mariangerome@gmail.com;IVA Responsable Inscripto;KOHLER STUDIO S.R.L.;30715375180;0;Ninguno;Pesos;0;;;;; ;
1971;Sin especificar;Habilitado;Cliente N° 1971;;;;Sin especificar;Sin especificar;;Consumidor final;;0;0;Ninguno;Pesos;79901096;;Cliente agregado automáticamente desde MercadoPago;;; ;
1972;Sin especificar;Habilitado;Cliente N° 1972;;;;Sin especificar;Sin especificar;;Consumidor final;;0;0;Ninguno;Pesos;256376674;;Cliente agregado automáticamente desde MercadoPago;;; ;
1973;Sin especificar;Habilitado;Cliente N° 1973;;;;Sin especificar;Sin especificar;;Consumidor final;;0;0;Ninguno;Pesos;196237452;;Cliente agregado automáticamente desde MercadoPago;;; ;
1974;Sin especificar;Habilitado;Claudio Rio Garcia;;11-40961771;;Sin especificar;Sin especificar;;Consumidor final;;0;23477673;DNI;Pesos;32325433;;Cliente agregado automáticamente desde MercadoPago;;; ;
1975;Categoria 1;Deshabilitado;Hector silva;;+54 9 11 5996-1412;;Quilmes;Sin especificar;;Consumidor final;;0;0;Ninguno;Pesos;0;;;;; ;
1976;Categoria 1;Habilitado;VATO ADVERTAINMENT S.A.;;;THAMES 1488 Piso:1;Ciudad Autónoma De Buenos Aires;CABA;;IVA Responsable Inscripto;VATO ADVERTAINMENT S.A.;30714782580;0;Ninguno;Pesos;0;;;;; ;
1977;Sin especificar;Habilitado;Cliente N° 1977;;;;Sin especificar;Sin especificar;;Consumidor final;;0;0;Ninguno;Pesos;372587938;;Cliente agregado automáticamente desde MercadoPago;;; ;
1978;Sin especificar;Habilitado;GONZALEZ, GABRIEL ESTEBAN;;;LOPE DE VEGA AV. 1991;Ciudad Autónoma De Buenos Aires;CABA;;IVA Responsable Inscripto;GONZALEZ, GABRIEL ESTEBAN;20308149669;0;Ninguno;Pesos;0;;;;; ;
1979;Categoria 1;Habilitado;Hector silva;Hector silva;+54 9 11 5996-1412; Irala 4365 quilmes o.;Quilmes;Sin especificar;Letrerosilva@yahoo.com.ar;Consumidor final;;0;0;Ninguno;Pesos;0;;;;; ;
1980;Sin especificar;Habilitado;Cliente N° 1980;;;;Sin especificar;Sin especificar;;Consumidor final;;0;0;Ninguno;Pesos;320573131;;Cliente agregado automáticamente desde MercadoPago;;; ;
1981;Sin especificar;Habilitado;Cliente N° 1981;;;;Sin especificar;Sin especificar;;Consumidor final;;0;0;Ninguno;Pesos;151671527;;Cliente agregado automáticamente desde MercadoPago;;; ;
1982;Categoria 1;Habilitado;Amalia Rios Pisoni;;;Calle 64 num 134 e 117 y 118_la plata;La plata;Sin especificar;Amaliariospisoni@gmail.com;Consumidor final;;0;35596875;DNI;Pesos;0;;;;; ;
1983;Sin especificar;Habilitado;GERONIMO Roldan;;3434568794;VILLAGUAY 1132;PARANA;Entre Ríos;;Responsable Monotributo;ROLDAN, ANDRES GERONIMO;20282576903;28257690;DNI;Pesos;139040239;;Cliente agregado automáticamente desde MercadoPago;;; ;
1984;Sin especificar;Habilitado;Cliente N° 1984;;;;Sin especificar;Sin especificar;;Consumidor final;;0;0;Ninguno;Pesos;481727793;;Cliente agregado automáticamente desde MercadoPago;;; ;
1985;Sin especificar;Habilitado;Cliente N° 1985;;;;Sin especificar;Sin especificar;;Consumidor final;;0;0;Ninguno;Pesos;77002885;;Cliente agregado automáticamente desde MercadoPago;;; ;
1986;Sin especificar;Habilitado;Cliente N° 1986;;;;Sin especificar;Sin especificar;;Consumidor final;;0;0;Ninguno;Pesos;132343284;;Cliente agregado automáticamente desde MercadoPago;;; ;
1987;Sin especificar;Habilitado;Mauro Zemel;;0343-4221172;;Sin especificar;Sin especificar;;Consumidor final;;0;25307227;DNI;Pesos;4854948;;Cliente agregado automáticamente desde MercadoPago;;; ;
1988;Categoria 1;Habilitado;MOLTENI, EDUARDO JOSE;;;ALEM 591;SAN ANTONIO DE ARECO;Buenos Aires;ploteos@complott.com.ar;IVA Responsable Inscripto;MOLTENI, EDUARDO JOSE;20214254353;0;Ninguno;Pesos;0;;;;; ;
1989;Sin especificar;Habilitado;Cliente N° 1989;;;;Sin especificar;Sin especificar;;Consumidor final;;0;0;Ninguno;Pesos;12153779;;Cliente agregado automáticamente desde MercadoPago;;; ;
1990;Categoria 1;Habilitado;juan Gerardo Lemi ;Juan;+54 9 11 4406-8673;;MORON;Buenos Aires;juange07@yahoo.com.ar;Consumidor final;;0;17224449;DNI;Pesos;0;;;;; ;
1991;Categoria 1;Habilitado;PROESTILO SRL .-;;;MORENO JOSE MARIA AV 124;Ciudad Autónoma De Buenos Aires;CABA;;IVA Responsable Inscripto;PROESTILO SRL;30709210315;31860114;DNI;Pesos;190360578;;Cliente agregado automáticamente desde MercadoPago;;; ;
1992;Sin especificar;Habilitado;Vanesa Valenzuela;; -1555800398;;Sin especificar;Sin especificar;;Consumidor final;;0;37558676;DNI;Pesos;168780325;;Cliente agregado automáticamente desde MercadoPago;;; ;
1993;Sin especificar;Habilitado;Javier Godoy;; -1158605151;;Sin especificar;Sin especificar;;Consumidor final;;0;95125043;DNI;Pesos;249499826;;Cliente agregado automáticamente desde MercadoPago;;; ;
1994;Sin especificar;Habilitado;Rolee Gari;;;;Sin especificar;Sin especificar;;Consumidor final;;0;41569137;DNI;Pesos;547938990;;Cliente agregado automáticamente desde MercadoPago;;; ;
1996;Sin especificar;Habilitado;Cliente N° 1996;;;;Sin especificar;Sin especificar;;Consumidor final;;0;0;Ninguno;Pesos;67212195;;Cliente agregado automáticamente desde MercadoPago;;; ;
1997;Categoria 1;Habilitado;ACOPLADOS SALTO S A;;;VALENTIN GOMEZ 151;HAEDO;Buenos Aires;;IVA Responsable Inscripto;ACOPLADOS SALTO S A;30504996588;0;Ninguno;Pesos;0;;;;; ;
1998;Sin especificar;Habilitado;yamila nair kiffer;;;;Sin especificar;Sin especificar;;Consumidor final;;0;33880229;DNI;Pesos;96471046;;Cliente agregado automáticamente desde MercadoLibre;;; ;
1999;Sin especificar;Habilitado;Cliente N° 1999;;;;Sin especificar;Sin especificar;;Consumidor final;;0;0;Ninguno;Pesos;75425148;;Cliente agregado automáticamente desde MercadoPago;;; ;
2000;Sin especificar;Habilitado;Cliente N° 2000;;;;Sin especificar;Sin especificar;;Consumidor final;;0;0;Ninguno;Pesos;26840242;;Cliente agregado automáticamente desde MercadoPago;;; ;
2001;Sin especificar;Habilitado;Cliente N° 2001;;;;Sin especificar;Sin especificar;;Consumidor final;;0;0;Ninguno;Pesos;155322379;;Cliente agregado automáticamente desde MercadoPago;;; ;
2002;Categoria 1;Habilitado;OPORTO ADV S.R.L;Fabian;+54 9 11 5226-8119;GARCIA JUAN A. 4799;Ciudad Autónoma De Buenos Aires;CABA;marcelo@oporto.com.ar;IVA Responsable Inscripto;OPORTO ADV S.R.L;30709962945;0;Ninguno;Pesos;0;;;;; ;
2003;Sin especificar;Habilitado;Cliente N° 2003;;;;Sin especificar;Sin especificar;;Consumidor final;;0;0;Ninguno;Pesos;273325525;;Cliente agregado automáticamente desde MercadoPago;;; ;
2004;Categoria 1;Habilitado;MURPHY, ROCIO INES;estudio panorama (rocio-);+54 9 11 6572-1412;Pje King 340;Ciudad Autónoma De Buenos Aires;CABA;estudiopanoramaok@gmail.com;IVA Responsable Inscripto;MURPHY, ROCIO INES;27326390009;0;Ninguno;Pesos;0;;;;; ;
2005;Sin especificar;Habilitado;Cliente N° 2005;;;;Sin especificar;Sin especificar;;Consumidor final;;0;0;Ninguno;Pesos;113248736;;Cliente agregado automáticamente desde MercadoPago;;; ;
2006;Sin especificar;Habilitado;Cliente N° 2006;;;;Sin especificar;Sin especificar;;Consumidor final;;0;0;Ninguno;Pesos;96632408;;Cliente agregado automáticamente desde MercadoPago;;; ;
2007;Sin especificar;Habilitado;Cliente N° 2007;;;;Sin especificar;Sin especificar;;Consumidor final;;0;0;Ninguno;Pesos;21345960;;Cliente agregado automáticamente desde MercadoPago;;; ;
2008;Sin especificar;Habilitado;Ana Micaela Villena Bastias;;011-49838504;ACOYTE 746 Piso:7 Dpto:B;Ciudad Autónoma De Buenos Aires;CABA;;Consumidor final;VILLENA BASTIAS, ANA MICAELA;27335315958;33531595;DNI;Pesos;64412561;;Cliente agregado automáticamente desde MercadoPago;;; ;
2009;Sin especificar;Habilitado;Veronica Aspilche;;;;Sin especificar;Sin especificar;;Consumidor final;;0;28852173;DNI;Pesos;84784559;;Cliente agregado automáticamente desde MercadoLibre;;; ;
2010;Sin especificar;Habilitado;javier velasquez;; -2966-313772;GREGORIO DEAN FUNES 2124;RIO GALLEGOS;Santa Cruz;;Consumidor final;VELASQUEZ SOTO, JAVIER ALEJANDRO;20361057075;36105707;DNI;Pesos;17821537;;Cliente agregado automáticamente desde MercadoPago;;; ;
2011;Categoria 1;Habilitado;Mariela Molina;;;Av eva peron 2221;Sin especificar;Sin especificar;Mis3amores84@gmail.com;Consumidor final;;0;30662760;DNI;Pesos;0;;;;; ;
2012;Categoria 1;Habilitado;COOPERATIVA DE TRABAJO PRIMAVERA LIMITADA;;;RUCCI JOSE IGNACIO 4555;Ciudad Autónoma De Buenos Aires;CABA;;IVA Responsable Inscripto;COOPERATIVA DE TRABAJO PRIMAVERA LIMITADA;33709503249;0;Ninguno;Pesos;0;;;;; ;
2013;Sin especificar;Habilitado;Cliente N° 2013;;;;Sin especificar;Sin especificar;;Consumidor final;;0;0;Ninguno;Pesos;207564430;;Cliente agregado automáticamente desde MercadoPago;;; ;
2014;Sin especificar;Habilitado;Miguel rafael Molina;;383-4054337;;Sin especificar;Sin especificar;;Consumidor final;;0;27053077;DNI;Pesos;43268997;;Cliente agregado automáticamente desde MercadoPago;;; ;
2015;Sin especificar;Habilitado;Cristian Herrera;; -11 1536322693;RODRIGUEZ M. A. GRAL 1290  Dpto:2;Ciudad Autónoma De Buenos Aires;CABA;;Consumidor final;HERRERA MONZON, CRISTIAN;23940805759;94080575;DNI;Pesos;204511970;;Cliente agregado automáticamente desde MercadoPago;;; ;
2016;Sin especificar;Habilitado;pablo depetris;; -0354115371966;;Sin especificar;Sin especificar;;Consumidor final;;0;34708021;DNI;Pesos;142144527;;Cliente agregado automáticamente desde MercadoPago;;; ;
2017;Sin especificar;Habilitado;debora enriquez;;;;Sin especificar;Sin especificar;;Consumidor final;;0;32102815;DNI;Pesos;323280043;;Cliente agregado automáticamente desde MercadoLibre;;; ;
2018;Sin especificar;Habilitado;noelia cardacci;;01133062480;;Sin especificar;Sin especificar;;Consumidor final;;0;30011284;DNI;Pesos;58064972;;Cliente agregado automáticamente desde MercadoLibre;;; ;
2019;Categoria 1;Habilitado;ALEPH MEDIA S A;;;CARRANZA ANGEL J. 2180;Ciudad Autónoma De Buenos Aires;CABA;valentinachamblat@gmail.com.ar;IVA Responsable Inscripto;ALEPH MEDIA S A;30699636017;0;Ninguno;Pesos;0;;;;; ;
2020;Sin especificar;Habilitado;Marcelo Balbi;;;MONROE 2022 Piso:5 Dpto:A;Ciudad Autónoma De Buenos Aires;CABA;;Responsable Monotributo;BALBI, JULIETA;27384549174;38454917;DNI;Pesos;225574757;;Cliente agregado automáticamente desde MercadoLibre;;; ;
2021;Sin especificar;Habilitado;Cliente N° 2021;;;;Sin especificar;Sin especificar;;Consumidor final;;0;0;Ninguno;Pesos;270255514;;Cliente agregado automáticamente desde MercadoPago;;; ;
2022;Categoria 1;Habilitado;Carucha Impresos;;15-5101-9786;Carlos Calvo 4264;Capital Federal;Sin especificar;;Consumidor final;;0;0;Ninguno;Pesos;0;;;;; ;
2023;Sin especificar;Habilitado;valeria fernandez;;1126721673;SAN JOSE 2354;BECCAR;Buenos Aires;;Responsable Monotributo;FERNANDEZ FERRUFINO, VALERIA SOL;27338963292;33896329;DNI;Pesos;70427706;;Cliente agregado automáticamente desde MercadoPago;;; ;
2024;Sin especificar;Habilitado;Luciana Renne;;011-1522349022;;Sin especificar;Sin especificar;;Consumidor final;;0;32267321;DNI;Pesos;36299069;;Cliente agregado automáticamente desde MercadoPago;;; ;
2025;Sin especificar;Habilitado;Marcia Gallardo;;;av.San martin 3935-paternal;Sin especificar;Sin especificar;hola@nomad.ar;Consumidor final;;0;30850873;DNI;Pesos;0;;;;; ;
2026;Sin especificar;Habilitado;Cliente N° 2026;;;;Sin especificar;Sin especificar;;Consumidor final;;0;0;Ninguno;Pesos;294320486;;Cliente agregado automáticamente desde MercadoPago;;; ;
2027;Categoria 1;Habilitado;Alejandro Valverde;;1122521414;;Capital Federal;Sin especificar;;Consumidor final;;0;0;Ninguno;Pesos;0;;;;; ;
2028;Sin especificar;Habilitado;Cliente N° 2028;;;;Sin especificar;Sin especificar;;Consumidor final;;0;0;Ninguno;Pesos;97175595;;Cliente agregado automáticamente desde MercadoPago;;; ;
2029;Sin especificar;Habilitado;Cliente N° 2029;;;;Sin especificar;Sin especificar;;Consumidor final;;0;0;Ninguno;Pesos;156940358;;Cliente agregado automáticamente desde MercadoPago;;; ;
2030;Categoria 1;Habilitado;FERNANDEZ HECK, MATIAS NICOLAS;;;RIVADAVIA AV. 5474 Piso:3 Dpto:B;Ciudad Autónoma De Buenos Aires;CABA;pymsolucionesgraficas@gmail.com;IVA Responsable Inscripto;FERNANDEZ HECK, MATIAS NICOLAS;20293942332;0;Ninguno;Pesos;0;;;;; ;
2031;Sin especificar;Habilitado;Cliente N° 2031;;;;Sin especificar;Sin especificar;;Consumidor final;;0;0;Ninguno;Pesos;85750207;;Cliente agregado automáticamente desde MercadoPago;;; ;
2032;Categoria 1;Habilitado;Laura Mabel Vogel;;;Serrano 1568, Oberá, Misiones. CP 3360;Sin especificar;Sin especificar;lauramabelvogel@hotmail.com;Consumidor final;;0;30717943;DNI;Pesos;0;;;;; ;
2033;Sin especificar;Habilitado;Cliente N° 2033;;;;Sin especificar;Sin especificar;;Consumidor final;;0;0;Ninguno;Pesos;178962927;;Cliente agregado automáticamente desde MercadoPago;;; ;
2035;Sin especificar;Habilitado;Ornella Grieco;;011-1555991591;;Sin especificar;Sin especificar;;Consumidor final;;0;32477856;DNI;Pesos;40268435;;Cliente agregado automáticamente desde MercadoPago;;; ;
2036;Categoria 1;Habilitado;Felisa espinosa;;;Río grande tierra del fuego  Espora 1160 ;Sin especificar;Sin especificar;a_milagros_2007@hotmail.com;Consumidor final;;0;28604541;DNI;Pesos;0;;;;; ;
2037;Sin especificar;Habilitado;Matias Miraglia;;;27 N.637 e/ 44 y 45 - La Plata;Sin especificar;Sin especificar;matudcv@gmail.com;Consumidor final;;0;0;Ninguno;Pesos;0;;;;; ;
2038;Sin especificar;Habilitado;Victoria Alvarez;;1554618861;;Sin especificar;Sin especificar;;Consumidor final;;0;33506720;DNI;Pesos;229657783;;Cliente agregado automáticamente desde MercadoPago;;; ;
2039;Sin especificar;Habilitado;Cliente N° 2039;;;;Sin especificar;Sin especificar;;Consumidor final;;0;0;Ninguno;Pesos;42282316;;Cliente agregado automáticamente desde MercadoPago;;; ;
2040;Sin especificar;Habilitado;lorena grimaldi;;1133183207;;Sin especificar;Sin especificar;;Consumidor final;;0;23510745;DNI;Pesos;57757589;;Cliente agregado automáticamente desde MercadoPago;;; ;
2041;Sin especificar;Habilitado;Cliente N° 2041;;;;Sin especificar;Sin especificar;;Consumidor final;;0;0;Ninguno;Pesos;114082931;;Cliente agregado automáticamente desde MercadoPago;;; ;
2042;Sin especificar;Habilitado;Cliente N° 2042;;;;Sin especificar;Sin especificar;;Consumidor final;;0;0;Ninguno;Pesos;32648932;;Cliente agregado automáticamente desde MercadoPago;;; ;
2043;Sin especificar;Habilitado;Sandra Masciotra;;;;Sin especificar;Sin especificar;;Consumidor final;;0;32848257;DNI;Pesos;57365505;;Cliente agregado automáticamente desde MercadoLibre;;; ;
2044;Sin especificar;Habilitado;Deluchi Camila;;;;Sin especificar;Sin especificar;;Consumidor final;;0;33282373;DNI;Pesos;622701264;;Cliente agregado automáticamente desde MercadoLibre;;; ;
2045;Sin especificar;Habilitado;Jorge Borjas;;1131054049;;Sin especificar;Sin especificar;;Consumidor final;;0;95802085;DNI;Pesos;282453032;;Cliente agregado automáticamente desde MercadoPago;;; ;
2046;Sin especificar;Habilitado;Cliente N° 2046;;;;Sin especificar;Sin especificar;;Consumidor final;;0;0;Ninguno;Pesos;93967319;;Cliente agregado automáticamente desde MercadoPago;;; ;
2047;Sin especificar;Habilitado;Cliente N° 2047;;;;Sin especificar;Sin especificar;;Consumidor final;;0;0;Ninguno;Pesos;436450089;;Cliente agregado automáticamente desde MercadoPago;;; ;
2048;Sin especificar;Habilitado;Alejandro Angel Manfroni;;011-55653366;;Sin especificar;Sin especificar;;Consumidor final;;20126670851;0;Ninguno;Pesos;176711059;;Cliente agregado automáticamente desde MercadoLibre;;; ;
2049;Sin especificar;Habilitado;Cliente N° 2049;;;;Sin especificar;Sin especificar;;Consumidor final;;0;0;Ninguno;Pesos;178935147;;Cliente agregado automáticamente desde MercadoPago;;; ;
2050;Sin especificar;Habilitado;Cliente N° 2050;;;;Sin especificar;Sin especificar;;Consumidor final;;0;0;Ninguno;Pesos;55670454;;Cliente agregado automáticamente desde MercadoPago;;; ;
2051;Sin especificar;Habilitado;Cliente N° 2051;;;;Sin especificar;Sin especificar;;Consumidor final;;0;0;Ninguno;Pesos;35207346;;Cliente agregado automáticamente desde MercadoPago;;; ;
2052;Categoria 1;Habilitado;Union trabajadores de entidades deportivas y civiles;;;;Sin especificar;Sin especificar;;IVA Responsable Inscripto;Union trabajadores de entidades deportivas y civiles;30531602273;0;Ninguno;Pesos;0;;;;; ;
2053;Categoria 1;Habilitado;GRUPO ALFA SOLUCIONES COMERCIALES  S.R.L.;;;ARGUERO 5206;SAN MIGUEL;Buenos Aires;ignacio@grupoalfasc.com;IVA Responsable Inscripto;GRUPO ALFA SOLUCIONES COMERCIALES  S.R.L.;30710844093;0;Ninguno;Pesos;0;;;;; ;
2054;Sin especificar;Habilitado;Cliente N° 2054;;;;Sin especificar;Sin especificar;;Consumidor final;;0;0;Ninguno;Pesos;23652216;;Cliente agregado automáticamente desde MercadoPago;;; ;
2055;Sin especificar;Habilitado;matias medina;; -1163002284;;Sin especificar;Sin especificar;;Consumidor final;;0;32439146;DNI;Pesos;165783622;;Cliente agregado automáticamente desde MercadoPago;;; ;
2056;Sin especificar;Habilitado;Marcela Benitez;;011-39236293;;Sin especificar;Sin especificar;;Consumidor final;;0;34309462;DNI;Pesos;37251828;;Cliente agregado automáticamente desde MercadoPago;;; ;
2057;Categoria 1;Habilitado;BASICO COMUNICACION S R L;;;TRES ARROYOS 329 Dpto:40;HAEDO;Buenos Aires;macarenamiguel96@gmail.com;IVA Responsable Inscripto;BASICO COMUNICACION S R L;30707349081;0;Ninguno;Pesos;0;;;;; ;
2058;Sin especificar;Habilitado;Cliente N° 2058;;;;Sin especificar;Sin especificar;;Consumidor final;;0;0;Ninguno;Pesos;195972478;;Cliente agregado automáticamente desde MercadoPago;;; ;
2059;Sin especificar;Habilitado;candela coscia;;11-45033982;;Sin especificar;Sin especificar;;Consumidor final;;0;31659232;DNI;Pesos;31305589;;Cliente agregado automáticamente desde MercadoPago;;; ;
2060;Categoria 1;Habilitado;LEVY, LUISINA;;;FERNANDEZ DE ENCISO 3775 Piso:2 Dpto:C;Ciudad Autónoma De Buenos Aires;CABA;info@menesunda.net;IVA Responsable Inscripto;LEVY, LUISINA;27329916362;0;Ninguno;Pesos;0;;;;; ;
2062;Sin especificar;Habilitado;Cliente N° 2062;;;;Sin especificar;Sin especificar;;Consumidor final;;0;0;Ninguno;Pesos;75505532;;Cliente agregado automáticamente desde MercadoPago;;; ;
2063;Sin especificar;Habilitado;Cliente N° 2063;;;;Sin especificar;Sin especificar;;Consumidor final;;0;0;Ninguno;Pesos;460962782;;Cliente agregado automáticamente desde MercadoPago;;; ;
2064;Sin especificar;Habilitado;Cliente N° 2064;;;;Sin especificar;Sin especificar;;Consumidor final;;0;0;Ninguno;Pesos;99711977;;Cliente agregado automáticamente desde MercadoPago;;; ;
2065;Sin especificar;Habilitado;Cliente N° 2065;;;;Sin especificar;Sin especificar;;Consumidor final;;0;0;Ninguno;Pesos;553944797;;Cliente agregado automáticamente desde MercadoPago;;; ;
2066;Sin especificar;Habilitado;Cliente N° 2066;;;;Sin especificar;Sin especificar;;Consumidor final;;0;0;Ninguno;Pesos;257224421;;Cliente agregado automáticamente desde MercadoPago;;; ;
2067;Sin especificar;Habilitado;Paola Anselmi;;11-15 6170-3213;;Sin especificar;Sin especificar;;Consumidor final;;0;0;Ninguno;Pesos;128848010;;Cliente agregado automáticamente desde MercadoLibre;;; ;
2068;Sin especificar;Habilitado;Cliente N° 2068;;;;Sin especificar;Sin especificar;;Consumidor final;;0;0;Ninguno;Pesos;21423841;;Cliente agregado automáticamente desde MercadoPago;;; ;
2069;Sin especificar;Habilitado;Cliente N° 2069;;;;Sin especificar;Sin especificar;;Consumidor final;;0;0;Ninguno;Pesos;43875210;;Cliente agregado automáticamente desde MercadoPago;;; ;
2070;Sin especificar;Habilitado;Yesica Nicolini;;;;Sin especificar;Sin especificar;;Consumidor final;;0;37210925;DNI;Pesos;213527936;;Cliente agregado automáticamente desde MercadoLibre;;; ;
2071;Sin especificar;Habilitado;Cliente N° 2071;;;;Sin especificar;Sin especificar;;Consumidor final;;0;0;Ninguno;Pesos;151859339;;Cliente agregado automáticamente desde MercadoPago;;; ;
2073;Sin especificar;Habilitado;Cliente N° 2073;;;;Sin especificar;Sin especificar;;Consumidor final;;0;0;Ninguno;Pesos;211256435;;Cliente agregado automáticamente desde MercadoPago;;; ;
2074;Sin especificar;Habilitado;Cliente N° 2074;;;;Sin especificar;Sin especificar;;Consumidor final;;0;0;Ninguno;Pesos;412602118;;Cliente agregado automáticamente desde MercadoPago;;; ;
2075;Sin especificar;Habilitado;Cliente N° 2075;;;;Sin especificar;Sin especificar;;Consumidor final;;0;0;Ninguno;Pesos;12007830;;Cliente agregado automáticamente desde MercadoPago;;; ;
2076;Sin especificar;Habilitado;Cliente N° 2076;;;;Sin especificar;Sin especificar;;Consumidor final;;0;0;Ninguno;Pesos;48225087;;Cliente agregado automáticamente desde MercadoPago;;; ;
2077;Categoria 1;Habilitado;GRYCUK, JORGE ALEJANDRO;;;RIVADAVIA 1272;PINAMAR;Buenos Aires;grafikpinamar@gmail.com;Responsable Monotributo;GRYCUK, JORGE ALEJANDRO;20221477422;0;Ninguno;Pesos;0;;;;; ;
2078;Sin especificar;Habilitado;Cliente N° 2078;;;;Sin especificar;Sin especificar;;Consumidor final;;0;0;Ninguno;Pesos;145833138;;Cliente agregado automáticamente desde MercadoPago;;; ;
2079;Categoria 1;Habilitado;CORVALAN, JUAN MANUEL;;;60 422 Piso:10 Dpto:B;LA PLATA SUDESTE CALLE 50 AMBAS VEREDAS;Buenos Aires;;Responsable Monotributo;CORVALAN, JUAN MANUEL;20337458336;0;Ninguno;Pesos;0;;;;; ;
2080;Sin especificar;Habilitado;Patricia Gauchat;;;;Sin especificar;Sin especificar;;Consumidor final;;0;24066156;DNI;Pesos;140271265;;Cliente agregado automáticamente desde MercadoLibre;;; ;
2081;Sin especificar;Habilitado;Cliente N° 2081;;;;Sin especificar;Sin especificar;;Consumidor final;;0;0;Ninguno;Pesos;40291778;;Cliente agregado automáticamente desde MercadoPago;;; ;
2082;Sin especificar;Habilitado;Cliente N° 2082;;;;Sin especificar;Sin especificar;;Consumidor final;;0;0;Ninguno;Pesos;214147986;;Cliente agregado automáticamente desde MercadoPago;;; ;
2083;Sin especificar;Habilitado;Cliente N° 2083;;;;Sin especificar;Sin especificar;;Consumidor final;;0;0;Ninguno;Pesos;198995064;;Cliente agregado automáticamente desde MercadoPago;;; ;
2084;Sin especificar;Habilitado;BODY HEALTH S A;;;BELGRANO 2668;DON TORCUATO NORTE;Buenos Aires;;IVA Responsable Inscripto;BODY HEALTH S A;30709500887;0;Ninguno;Pesos;0;;;;; ;
2085;Sin especificar;Habilitado;Romina Zugazaga;;;;Sin especificar;Sin especificar;;Consumidor final;;0;32384262;DNI;Pesos;34203942;;Cliente agregado automáticamente desde MercadoLibre;;; ;
2086;Sin especificar;Habilitado;Cliente N° 2086;;;;Sin especificar;Sin especificar;;Consumidor final;;0;0;Ninguno;Pesos;84043240;;Cliente agregado automáticamente desde MercadoPago;;; ;
2087;Sin especificar;Habilitado;Cliente N° 2087;;;;Sin especificar;Sin especificar;;Consumidor final;;0;0;Ninguno;Pesos;109800731;;Cliente agregado automáticamente desde MercadoPago;;; ;
2088;Sin especificar;Habilitado;Cliente N° 2088;;;;Sin especificar;Sin especificar;;Consumidor final;;0;0;Ninguno;Pesos;262160029;;Cliente agregado automáticamente desde MercadoPago;;; ;
2089;Sin especificar;Habilitado;Cliente N° 2089;;;;Sin especificar;Sin especificar;;Consumidor final;;0;0;Ninguno;Pesos;18981327;;Cliente agregado automáticamente desde MercadoPago;;; ;
2090;Sin especificar;Habilitado;Cliente N° 2090;;;;Sin especificar;Sin especificar;;Consumidor final;;0;0;Ninguno;Pesos;40811584;;Cliente agregado automáticamente desde MercadoPago;;; ;
2091;Sin especificar;Habilitado;Cliente N° 2091;;;;Sin especificar;Sin especificar;;Consumidor final;;0;0;Ninguno;Pesos;13430940;;Cliente agregado automáticamente desde MercadoPago;;; ;
2092;Sin especificar;Habilitado;Cliente N° 2092;;;;Sin especificar;Sin especificar;;Consumidor final;;0;0;Ninguno;Pesos;25492285;;Cliente agregado automáticamente desde MercadoPago;;; ;
2093;Sin especificar;Habilitado;Cliente N° 2093;;;;Sin especificar;Sin especificar;;Consumidor final;;0;0;Ninguno;Pesos;170737628;;Cliente agregado automáticamente desde MercadoPago;;; ;
2094;Sin especificar;Habilitado;Cliente N° 2094;;;;Sin especificar;Sin especificar;;Consumidor final;;0;0;Ninguno;Pesos;407583770;;Cliente agregado automáticamente desde MercadoPago;;; ;
2095;Sin especificar;Habilitado;Cliente N° 2095;;;;Sin especificar;Sin especificar;;Consumidor final;;0;0;Ninguno;Pesos;321465231;;Cliente agregado automáticamente desde MercadoPago;;; ;
2096;Sin especificar;Habilitado;Nicolas Ezequiel Gonzalez Sanna;;11-61170897;;Sin especificar;Sin especificar;;Consumidor final;;0;38847432;DNI;Pesos;137004110;;Cliente agregado automáticamente desde MercadoPago;;; ;
2097;Sin especificar;Habilitado;Cliente N° 2097;;;;Sin especificar;Sin especificar;;Consumidor final;;0;0;Ninguno;Pesos;211705491;;Cliente agregado automáticamente desde MercadoPago;;; ;
2098;Sin especificar;Habilitado;Cliente N° 2098;;;;Sin especificar;Sin especificar;;Consumidor final;;0;0;Ninguno;Pesos;525325067;;Cliente agregado automáticamente desde MercadoPago;;; ;
2099;Sin especificar;Habilitado;Cliente N° 2099;;;;Sin especificar;Sin especificar;;Consumidor final;;0;0;Ninguno;Pesos;36040962;;Cliente agregado automáticamente desde MercadoPago;;; ;
2100;Sin especificar;Habilitado;Cliente N° 2100;;;;Sin especificar;Sin especificar;;Consumidor final;;0;0;Ninguno;Pesos;132207199;;Cliente agregado automáticamente desde MercadoPago;;; ;
2101;Sin especificar;Habilitado;Cliente N° 2101;;;;Sin especificar;Sin especificar;;Consumidor final;;0;0;Ninguno;Pesos;305832960;;Cliente agregado automáticamente desde MercadoPago;;; ;
2102;Sin especificar;Habilitado;Cliente N° 2102;;;;Sin especificar;Sin especificar;;Consumidor final;;0;0;Ninguno;Pesos;124788447;;Cliente agregado automáticamente desde MercadoPago;;; ;
2103;Sin especificar;Habilitado;Cliente N° 2103;;;;Sin especificar;Sin especificar;;Consumidor final;;0;0;Ninguno;Pesos;383970762;;Cliente agregado automáticamente desde MercadoPago;;; ;
2104;Sin especificar;Habilitado;Cliente N° 2104;;;;Sin especificar;Sin especificar;;Consumidor final;;0;0;Ninguno;Pesos;96517304;;Cliente agregado automáticamente desde MercadoPago;;; ;
2105;Sin especificar;Habilitado;Cliente N° 2105;;;;Sin especificar;Sin especificar;;Consumidor final;;0;0;Ninguno;Pesos;98052618;;Cliente agregado automáticamente desde MercadoPago;;; ;
2106;Sin especificar;Habilitado;Cliente N° 2106;;;;Sin especificar;Sin especificar;;Consumidor final;;0;0;Ninguno;Pesos;110065519;;Cliente agregado automáticamente desde MercadoPago;;; ;
2107;Sin especificar;Habilitado;Carla Tau;;11-32847703;;Sin especificar;Sin especificar;;Consumidor final;;0;30979676;DNI;Pesos;43366082;;Cliente agregado automáticamente desde MercadoPago;;; ;
2108;Sin especificar;Habilitado;Cliente N° 2108;;;;Sin especificar;Sin especificar;;Consumidor final;;0;0;Ninguno;Pesos;58193893;;Cliente agregado automáticamente desde MercadoPago;;; ;
2109;Sin especificar;Habilitado;Cliente N° 2109;;;;Sin especificar;Sin especificar;;Consumidor final;;0;0;Ninguno;Pesos;198540054;;Cliente agregado automáticamente desde MercadoPago;;; ;
2110;Sin especificar;Habilitado;Cliente N° 2110;;;;Sin especificar;Sin especificar;;Consumidor final;;0;0;Ninguno;Pesos;160907265;;Cliente agregado automáticamente desde MercadoPago;;; ;
2111;Sin especificar;Habilitado;Cliente N° 2111;;;;Sin especificar;Sin especificar;;Consumidor final;;0;0;Ninguno;Pesos;205227557;;Cliente agregado automáticamente desde MercadoPago;;; ;
2112;Categoria 1;Habilitado;LOZANO, MELANIA SOLEDAD;;;AGUERO 2321;MUNRO;Buenos Aires;ventas@vinilosya.com.ar;IVA Responsable Inscripto;LOZANO, MELANIA SOLEDAD;27319701201;0;Ninguno;Pesos;0;;;;; ;
2113;Sin especificar;Habilitado;Cliente N° 2113;;;;Sin especificar;Sin especificar;;Consumidor final;;0;0;Ninguno;Pesos;374095252;;Cliente agregado automáticamente desde MercadoPago;;; ;
2114;Sin especificar;Habilitado;Cliente N° 2114;;;;Sin especificar;Sin especificar;;Consumidor final;;0;0;Ninguno;Pesos;216460110;;Cliente agregado automáticamente desde MercadoPago;;; ;
2115;Sin especificar;Habilitado;Cliente N° 2115;;;;Sin especificar;Sin especificar;;Consumidor final;;0;0;Ninguno;Pesos;22418287;;Cliente agregado automáticamente desde MercadoPago;;; ;
2116;Sin especificar;Habilitado;Cliente N° 2116;;;;Sin especificar;Sin especificar;;Consumidor final;;0;0;Ninguno;Pesos;235473347;;Cliente agregado automáticamente desde MercadoPago;;; ;
2117;Sin especificar;Habilitado;ulises tonelli;;;;Sin especificar;Sin especificar;;Consumidor final;;0;25751683;DNI;Pesos;70525788;;Cliente agregado automáticamente desde MercadoLibre;;; ;
2118;Sin especificar;Habilitado;bruno moruzzi;;;;Sin especificar;Sin especificar;;Consumidor final;;0;37207078;DNI;Pesos;97991618;;Cliente agregado automáticamente desde MercadoLibre;;; ;
2119;Sin especificar;Habilitado;Cliente N° 2119;;;;Sin especificar;Sin especificar;;Consumidor final;;0;0;Ninguno;Pesos;556755848;;Cliente agregado automáticamente desde MercadoPago;;; ;
2120;Sin especificar;Habilitado;DROCIEN  S R L;;;ALVAREZ JULIAN 357;Ciudad Autónoma De Buenos Aires;CABA;;IVA Responsable Inscripto;DROCIEN  S R L;30707045279;0;Ninguno;Pesos;0;;;;; ;
2121;Sin especificar;Habilitado;Luciano Nicolas Zucarello;;;;Sin especificar;Sin especificar;;Consumidor final;;0;31464531;DNI;Pesos;16924267;;Cliente agregado automáticamente desde MercadoLibre;;; ;
2122;Sin especificar;Habilitado;Melody Cespedes;;11-33417171;;Sin especificar;Sin especificar;;Consumidor final;;0;43568054;DNI;Pesos;247397062;;Cliente agregado automáticamente desde MercadoPago;;; ;
2123;Categoria 1;Habilitado; kire impresiones;Silvina darnaud;;Sucre 2770 primer piso entre moldes y Vidal;Belgrano;Sin especificar;kireimpresiones@hotmail.com;Consumidor final;;0;0;Ninguno;Pesos;0;;;;; ;
2124;Sin especificar;Habilitado;johanna marchioli;;011-1567330341;;Sin especificar;Sin especificar;;Consumidor final;;0;0;Ninguno;Pesos;34932329;;Cliente agregado automáticamente desde MercadoLibre;;; ;
2125;Sin especificar;Habilitado;Cliente N° 2125;;;;Sin especificar;Sin especificar;;Consumidor final;;0;0;Ninguno;Pesos;193063019;;Cliente agregado automáticamente desde MercadoPago;;; ;
2126;Sin especificar;Habilitado;Cliente N° 2126;;;;Sin especificar;Sin especificar;;Consumidor final;;0;0;Ninguno;Pesos;281614499;;Cliente agregado automáticamente desde MercadoPago;;; ;
2127;Sin especificar;Habilitado;Cliente N° 2127;;;;Sin especificar;Sin especificar;;Consumidor final;;0;0;Ninguno;Pesos;130090658;;Cliente agregado automáticamente desde MercadoPago;;; ;
2128;Sin especificar;Habilitado;Cliente N° 2128;;;;Sin especificar;Sin especificar;;Consumidor final;;0;0;Ninguno;Pesos;442593354;;Cliente agregado automáticamente desde MercadoPago;;; ;
2129;Sin especificar;Habilitado;Cliente N° 2129;;;;Sin especificar;Sin especificar;;Consumidor final;;0;0;Ninguno;Pesos;1035884;;Cliente agregado automáticamente desde MercadoPago;;; ;
2130;Sin especificar;Habilitado;Cliente N° 2130;;;;Sin especificar;Sin especificar;;Consumidor final;;0;0;Ninguno;Pesos;113521925;;Cliente agregado automáticamente desde MercadoPago;;; ;
2131;Sin especificar;Habilitado;Micaela Morales;;;;Sin especificar;Sin especificar;;Consumidor final;;0;35830613;DNI;Pesos;137660902;;Cliente agregado automáticamente desde MercadoLibre;;; ;
2132;Sin especificar;Habilitado;Cliente N° 2132;;;;Sin especificar;Sin especificar;;Consumidor final;;0;0;Ninguno;Pesos;97724397;;Cliente agregado automáticamente desde MercadoPago;;; ;
2133;Sin especificar;Habilitado;Cliente N° 2133;;;;Sin especificar;Sin especificar;;Consumidor final;;0;0;Ninguno;Pesos;451761530;;Cliente agregado automáticamente desde MercadoPago;;; ;
2134;Sin especificar;Habilitado;Cliente N° 2134;;;;Sin especificar;Sin especificar;;Consumidor final;;0;0;Ninguno;Pesos;50279024;;Cliente agregado automáticamente desde MercadoPago;;; ;
2135;Sin especificar;Habilitado;Cliente N° 2135;;;;Sin especificar;Sin especificar;;Consumidor final;;0;0;Ninguno;Pesos;147503431;;Cliente agregado automáticamente desde MercadoPago;;; ;
2136;Sin especificar;Habilitado;David Melean;;541121768435;;Sin especificar;Sin especificar;;Consumidor final;;0;95906438;DNI;Pesos;323737523;;Cliente agregado automáticamente desde MercadoPago;;; ;
2137;Sin especificar;Habilitado;Cliente N° 2137;;;;Sin especificar;Sin especificar;;Consumidor final;;0;0;Ninguno;Pesos;489762776;;Cliente agregado automáticamente desde MercadoPago;;; ;
2138;Sin especificar;Habilitado;Lisandro Lopez;; -3777225402;;Sin especificar;Sin especificar;;Consumidor final;;0;32488832;DNI;Pesos;191219446;;Cliente agregado automáticamente desde MercadoPago;;; ;
2139;Sin especificar;Habilitado;Cliente N° 2139;;;;Sin especificar;Sin especificar;;Consumidor final;;0;0;Ninguno;Pesos;187525648;;Cliente agregado automáticamente desde MercadoPago;;; ;
2140;Categoria 1;Habilitado;EDUC.AR SOCIEDAD DEL ESTADO;;;RIVADAVIA M. CDRO. 1151;Ciudad Autónoma De Buenos Aires;CABA;fernandoarisso@gmail.com;IVA Sujeto Exento;EDUC.AR SOCIEDAD DEL ESTADO;30707219536;0;Ninguno;Pesos;0;;;;; ;
2141;Sin especificar;Habilitado;Cliente N° 2141;;;;Sin especificar;Sin especificar;;Consumidor final;;0;0;Ninguno;Pesos;420665992;;Cliente agregado automáticamente desde MercadoPago;;; ;
2142;Sin especificar;Habilitado;Cliente N° 2142;;;;Sin especificar;Sin especificar;;Consumidor final;;0;0;Ninguno;Pesos;202485841;;Cliente agregado automáticamente desde MercadoPago;;; ;
2143;Sin especificar;Habilitado;Cliente N° 2143;;;;Sin especificar;Sin especificar;;Consumidor final;;0;0;Ninguno;Pesos;12377320;;Cliente agregado automáticamente desde MercadoPago;;; ;
2144;Sin especificar;Habilitado;Cliente N° 2144;;;;Sin especificar;Sin especificar;;Consumidor final;;0;0;Ninguno;Pesos;140852245;;Cliente agregado automáticamente desde MercadoPago;;; ;
2145;Sin especificar;Habilitado;Cliente N° 2145;;;;Sin especificar;Sin especificar;;Consumidor final;;0;0;Ninguno;Pesos;164985242;;Cliente agregado automáticamente desde MercadoPago;;; ;
2146;Categoria 1;Habilitado;SANCHEZ, MARCOS EMILIANO;;;IRIGOYEN 642;RIO GRANDE;Tierra del Fuego;serigraficadelta@gmail.com;IVA Responsable Inscripto;SANCHEZ, MARCOS EMILIANO;20272303275;0;Ninguno;Pesos;0;;;;; ;
2147;Sin especificar;Habilitado;Cliente N° 2147;;;;Sin especificar;Sin especificar;;Consumidor final;;0;0;Ninguno;Pesos;586040513;;Cliente agregado automáticamente desde MercadoPago;;; ;
2148;Sin especificar;Habilitado;Cliente N° 2148;;;;Sin especificar;Sin especificar;;Consumidor final;;0;0;Ninguno;Pesos;170701214;;Cliente agregado automáticamente desde MercadoPago;;; ;
2149;Sin especificar;Habilitado;Cliente N° 2149;;;;Sin especificar;Sin especificar;;Consumidor final;;0;0;Ninguno;Pesos;56996218;;Cliente agregado automáticamente desde MercadoPago;;; ;
2150;Sin especificar;Habilitado;Cliente N° 2150;;;;Sin especificar;Sin especificar;;Consumidor final;;0;0;Ninguno;Pesos;59307314;;Cliente agregado automáticamente desde MercadoPago;;; ;
2151;Sin especificar;Habilitado;Cliente N° 2151;;;;Sin especificar;Sin especificar;;Consumidor final;;0;0;Ninguno;Pesos;22912751;;Cliente agregado automáticamente desde MercadoPago;;; ;
2152;Sin especificar;Habilitado;Cliente N° 2152;;;;Sin especificar;Sin especificar;;Consumidor final;;0;0;Ninguno;Pesos;440975712;;Cliente agregado automáticamente desde MercadoPago;;; ;
2153;Sin especificar;Habilitado;Cliente N° 2153;;;;Sin especificar;Sin especificar;;Consumidor final;;0;0;Ninguno;Pesos;25167338;;Cliente agregado automáticamente desde MercadoPago;;; ;
2154;Sin especificar;Habilitado;Cliente N° 2154;;;;Sin especificar;Sin especificar;;Consumidor final;;0;0;Ninguno;Pesos;99111082;;Cliente agregado automáticamente desde MercadoPago;;; ;
2155;Sin especificar;Habilitado;Cliente N° 2155;;;;Sin especificar;Sin especificar;;Consumidor final;;0;0;Ninguno;Pesos;554679479;;Cliente agregado automáticamente desde MercadoPago;;; ;
2156;Sin especificar;Habilitado;giuliana calabria;; -1555133937;;Sin especificar;Sin especificar;;Consumidor final;;0;37483341;DNI;Pesos;137870393;;Cliente agregado automáticamente desde MercadoLibre;;; ;
2157;Sin especificar;Habilitado;MARIA GABRIELA PICCINI;;;;Sin especificar;Sin especificar;;Consumidor final;;0;17264495;DNI;Pesos;39548196;;Cliente agregado automáticamente desde MercadoLibre;;; ;
2158;Sin especificar;Habilitado;Cliente N° 2158;;;;Sin especificar;Sin especificar;;Consumidor final;;0;0;Ninguno;Pesos;122655433;;Cliente agregado automáticamente desde MercadoPago;;; ;
2159;Sin especificar;Habilitado;Cliente N° 2159;;;;Sin especificar;Sin especificar;;Consumidor final;;0;0;Ninguno;Pesos;48017678;;Cliente agregado automáticamente desde MercadoPago;;; ;
2160;Sin especificar;Habilitado;Cliente N° 2160;;;;Sin especificar;Sin especificar;;Consumidor final;;0;0;Ninguno;Pesos;379824797;;Cliente agregado automáticamente desde MercadoPago;;; ;
2161;Sin especificar;Habilitado;Cliente N° 2161;;;;Sin especificar;Sin especificar;;Consumidor final;;0;0;Ninguno;Pesos;577074783;;Cliente agregado automáticamente desde MercadoPago;;; ;
2162;Sin especificar;Habilitado;Cliente N° 2162;;;;Sin especificar;Sin especificar;;Consumidor final;;0;0;Ninguno;Pesos;215213075;;Cliente agregado automáticamente desde MercadoPago;;; ;
2163;Sin especificar;Habilitado;Cliente N° 2163;;;;Sin especificar;Sin especificar;;Consumidor final;;0;0;Ninguno;Pesos;131153578;;Cliente agregado automáticamente desde MercadoPago;;; ;
2164;Sin especificar;Habilitado;Cliente N° 2164;;;;Sin especificar;Sin especificar;;Consumidor final;;0;0;Ninguno;Pesos;17658380;;Cliente agregado automáticamente desde MercadoPago;;; ;
2165;Sin especificar;Habilitado;Cliente N° 2165;;;;Sin especificar;Sin especificar;;Consumidor final;;0;0;Ninguno;Pesos;33552654;;Cliente agregado automáticamente desde MercadoPago;;; ;
2166;Categoria 1;Habilitado;Produtos Venier S.A. Dominguez;;4753-1740;;Sin especificar;Sin especificar;;IVA Responsable Inscripto;Productos Venier S.A;30505374866;0;Ninguno;Pesos;183507894;;Cliente agregado automáticamente desde MercadoPago;;; ;
2167;Sin especificar;Habilitado;JOSE MARIA PARDO Y GABRIELA MARIANA ERRECARRET SOCIEDAD DE H;;;ARAOZ 252 Piso:5 Dpto:19;Ciudad Autónoma De Buenos Aires;CABA;;IVA Responsable Inscripto;JOSE MARIA PARDO Y GABRIELA MARIANA ERRECARRET SOCIEDAD DE HECHO;30711370885;0;Ninguno;Pesos;0;;;;; ;
2168;Sin especificar;Habilitado;Cliente N° 2168;;;;Sin especificar;Sin especificar;;Consumidor final;;0;0;Ninguno;Pesos;172659140;;Cliente agregado automáticamente desde MercadoPago;;; ;
2169;Sin especificar;Habilitado;Cliente N° 2169;;;;Sin especificar;Sin especificar;;Consumidor final;;0;0;Ninguno;Pesos;89925008;;Cliente agregado automáticamente desde MercadoPago;;; ;
2170;Sin especificar;Habilitado;Cliente N° 2170;;;;Sin especificar;Sin especificar;;Consumidor final;;0;0;Ninguno;Pesos;95198040;;Cliente agregado automáticamente desde MercadoPago;;; ;
2171;Sin especificar;Habilitado;Cliente N° 2171;;;;Sin especificar;Sin especificar;;Consumidor final;;0;0;Ninguno;Pesos;97568043;;Cliente agregado automáticamente desde MercadoPago;;; ;
2172;Sin especificar;Habilitado;Cliente N° 2172;;;;Sin especificar;Sin especificar;;Consumidor final;;0;0;Ninguno;Pesos;176077041;;Cliente agregado automáticamente desde MercadoPago;;; ;
2173;Sin especificar;Habilitado;Cliente N° 2173;;;;Sin especificar;Sin especificar;;Consumidor final;;0;0;Ninguno;Pesos;98599723;;Cliente agregado automáticamente desde MercadoPago;;; ;
2174;Sin especificar;Habilitado;Cliente N° 2174;;;;Sin especificar;Sin especificar;;Consumidor final;;0;0;Ninguno;Pesos;188726989;;Cliente agregado automáticamente desde MercadoPago;;; ;
2175;Sin especificar;Habilitado;Cliente N° 2175;;;;Sin especificar;Sin especificar;;Consumidor final;;0;0;Ninguno;Pesos;44928648;;Cliente agregado automáticamente desde MercadoPago;;; ;
2176;Sin especificar;Habilitado;Cliente N° 2176;;;;Sin especificar;Sin especificar;;Consumidor final;;0;0;Ninguno;Pesos;474968796;;Cliente agregado automáticamente desde MercadoPago;;; ;
2177;Sin especificar;Habilitado;Cliente N° 2177;;;;Sin especificar;Sin especificar;;Consumidor final;;0;0;Ninguno;Pesos;199456816;;Cliente agregado automáticamente desde MercadoPago;;; ;
2178;Sin especificar;Habilitado;Cliente N° 2178;;;;Sin especificar;Sin especificar;;Consumidor final;;0;0;Ninguno;Pesos;54444847;;Cliente agregado automáticamente desde MercadoPago;;; ;
2179;Sin especificar;Habilitado;Cliente N° 2179;;;;Sin especificar;Sin especificar;;Consumidor final;;0;0;Ninguno;Pesos;158975038;;Cliente agregado automáticamente desde MercadoPago;;; ;
2180;Sin especificar;Habilitado;Cliente N° 2180;;;;Sin especificar;Sin especificar;;Consumidor final;;0;0;Ninguno;Pesos;441043389;;Cliente agregado automáticamente desde MercadoPago;;; ;
2181;Sin especificar;Habilitado;Cliente N° 2181;;;;Sin especificar;Sin especificar;;Consumidor final;;0;0;Ninguno;Pesos;2532516;;Cliente agregado automáticamente desde MercadoPago;;; ;
2182;Sin especificar;Habilitado;Cliente N° 2182;;;;Sin especificar;Sin especificar;;Consumidor final;;0;0;Ninguno;Pesos;247388590;;Cliente agregado automáticamente desde MercadoPago;;; ;
2183;Sin especificar;Habilitado;Cliente N° 2183;;;;Sin especificar;Sin especificar;;Consumidor final;;0;0;Ninguno;Pesos;440087304;;Cliente agregado automáticamente desde MercadoPago;;; ;
2184;Sin especificar;Habilitado;Cliente N° 2184;;;;Sin especificar;Sin especificar;;Consumidor final;;0;0;Ninguno;Pesos;78950512;;Cliente agregado automáticamente desde MercadoPago;;; ;
2185;Sin especificar;Habilitado;Nora Zheng;;1162340379;;Sin especificar;Sin especificar;;Consumidor final;;0;94026558;DNI;Pesos;258487915;;Cliente agregado automáticamente desde MercadoPago;;; ;
2186;Sin especificar;Habilitado;Cliente N° 2186;;;;Sin especificar;Sin especificar;;Consumidor final;;0;0;Ninguno;Pesos;131867630;;Cliente agregado automáticamente desde MercadoPago;;; ;
2187;Sin especificar;Habilitado;Cliente N° 2187;;;;Sin especificar;Sin especificar;;Consumidor final;;0;0;Ninguno;Pesos;79921123;;Cliente agregado automáticamente desde MercadoPago;;; ;
2188;Sin especificar;Habilitado;Cliente N° 2188;;;;Sin especificar;Sin especificar;;Consumidor final;;0;0;Ninguno;Pesos;211734481;;Cliente agregado automáticamente desde MercadoPago;;; ;
2189;Sin especificar;Habilitado;Maria Belen Gimelli;;;;Sin especificar;Sin especificar;;Consumidor final;;0;34506737;DNI;Pesos;59398204;;Cliente agregado automáticamente desde MercadoLibre;;; ;
2190;Sin especificar;Habilitado;Cliente N° 2190;;;;Sin especificar;Sin especificar;;Consumidor final;;0;0;Ninguno;Pesos;18325690;;Cliente agregado automáticamente desde MercadoPago;;; ;
2191;Sin especificar;Habilitado;Cliente N° 2191;;;;Sin especificar;Sin especificar;;Consumidor final;;0;0;Ninguno;Pesos;209343991;;Cliente agregado automáticamente desde MercadoPago;;; ;
2192;Sin especificar;Habilitado;Cliente N° 2192;;;;Sin especificar;Sin especificar;;Consumidor final;;0;0;Ninguno;Pesos;43872478;;Cliente agregado automáticamente desde MercadoPago;;; ;
2193;Sin especificar;Habilitado;Mónica haydee arrieta;;;;Sin especificar;Sin especificar;;Consumidor final;;0;26512436;DNI;Pesos;219918961;;Cliente agregado automáticamente desde MercadoLibre;;; ;
2194;Sin especificar;Habilitado;Miriam Marcela Moro;;1161300804;;Sin especificar;Sin especificar;;Consumidor final;;0;30136022;DNI;Pesos;150282583;;Cliente agregado automáticamente desde MercadoLibre;;; ;
2195;Sin especificar;Habilitado;Cliente N° 2195;;;;Sin especificar;Sin especificar;;Consumidor final;;0;0;Ninguno;Pesos;24691956;;Cliente agregado automáticamente desde MercadoPago;;; ;
2196;Sin especificar;Habilitado;Cliente N° 2196;;;;Sin especificar;Sin especificar;;Consumidor final;;0;0;Ninguno;Pesos;262328161;;Cliente agregado automáticamente desde MercadoPago;;; ;
2197;Sin especificar;Habilitado;Cliente N° 2197;;;;Sin especificar;Sin especificar;;Consumidor final;;0;0;Ninguno;Pesos;42595790;;Cliente agregado automáticamente desde MercadoPago;;; ;
2198;Sin especificar;Habilitado;Cliente N° 2198;;;;Sin especificar;Sin especificar;;Consumidor final;;0;0;Ninguno;Pesos;57667370;;Cliente agregado automáticamente desde MercadoPago;;; ;
2199;Sin especificar;Habilitado;Cliente N° 2199;;;;Sin especificar;Sin especificar;;Consumidor final;;0;0;Ninguno;Pesos;227843714;;Cliente agregado automáticamente desde MercadoPago;;; ;
2200;Categoria 1;Habilitado;SAEARG;;;BOZAN 3122;SALADILLO;Buenos Aires;;IVA Responsable Inscripto;SAEARG;30716665506;0;Ninguno;Pesos;0;;;;; ;
2201;Sin especificar;Habilitado;luisina gomez;;;;Sin especificar;Sin especificar;;Consumidor final;;0;27654809;DNI;Pesos;267374054;;Cliente agregado automáticamente desde MercadoLibre;;; ;
2202;Sin especificar;Habilitado;Cliente N° 2202;;;;Sin especificar;Sin especificar;;Consumidor final;;0;0;Ninguno;Pesos;43064455;;Cliente agregado automáticamente desde MercadoPago;;; ;
2203;Sin especificar;Habilitado;gabriel porco;;;;Sin especificar;Sin especificar;;Consumidor final;;0;28366576;DNI;Pesos;92499889;;Cliente agregado automáticamente desde MercadoLibre;;; ;
2204;Sin especificar;Habilitado;Hector Raul Gonzalez;;01169582827;;Sin especificar;Sin especificar;;Consumidor final;;0;92194611;DNI;Pesos;55831443;;Cliente agregado automáticamente desde MercadoPago;;; ;
2205;Categoria 1;Habilitado;CALLEJAS COZU, ISAIAS;;;CUENCA 577;Ciudad Autónoma De Buenos Aires;CABA;isa_cuervolocura94@hotmail.com;Responsable Monotributo;CALLEJAS COZU, ISAIAS;23941297579;0;Ninguno;Pesos;0;;;;; ;
2206;Sin especificar;Habilitado;Cliente N° 2206;;;;Sin especificar;Sin especificar;;Consumidor final;;0;0;Ninguno;Pesos;122627386;;Cliente agregado automáticamente desde MercadoPago;;; ;
2207;Sin especificar;Habilitado;Cliente N° 2207;;;;Sin especificar;Sin especificar;;Consumidor final;;0;0;Ninguno;Pesos;39010835;;Cliente agregado automáticamente desde MercadoPago;;; ;
2208;Sin especificar;Habilitado;Daniela bellaggio;;011-43702176;;Sin especificar;Sin especificar;dbellaggio@hotmail.com;Consumidor final;;0;35337915;DNI;Pesos;85010737;;Cliente agregado automáticamente desde MercadoPago;;; ;
2209;Sin especificar;Habilitado;Cliente N° 2209;;;;Sin especificar;Sin especificar;;Consumidor final;;0;0;Ninguno;Pesos;269838551;;Cliente agregado automáticamente desde MercadoPago;;; ;
2210;Sin especificar;Habilitado;Cliente N° 2210;;;;Sin especificar;Sin especificar;;Consumidor final;;0;0;Ninguno;Pesos;10039055;;Cliente agregado automáticamente desde MercadoPago;;; ;
2211;Sin especificar;Habilitado;Cliente N° 2211;;;;Sin especificar;Sin especificar;;Consumidor final;;0;0;Ninguno;Pesos;273766156;;Cliente agregado automáticamente desde MercadoPago;;; ;
2212;Sin especificar;Habilitado;Cliente N° 2212;;;;Sin especificar;Sin especificar;;Consumidor final;;0;0;Ninguno;Pesos;130410457;;Cliente agregado automáticamente desde MercadoPago;;; ;
2213;Sin especificar;Habilitado;Cliente N° 2213;;;;Sin especificar;Sin especificar;;Consumidor final;;0;0;Ninguno;Pesos;246754347;;Cliente agregado automáticamente desde MercadoPago;;; ;
2214;Sin especificar;Habilitado;Cliente N° 2214;;;;Sin especificar;Sin especificar;;Consumidor final;;0;0;Ninguno;Pesos;126515105;;Cliente agregado automáticamente desde MercadoPago;;; ;
2215;Sin especificar;Habilitado;Cliente N° 2215;;;;Sin especificar;Sin especificar;;Consumidor final;;0;0;Ninguno;Pesos;194657025;;Cliente agregado automáticamente desde MercadoPago;;; ;
2216;Sin especificar;Habilitado;Cliente N° 2216;;;;Sin especificar;Sin especificar;;Consumidor final;;0;0;Ninguno;Pesos;48740709;;Cliente agregado automáticamente desde MercadoPago;;; ;
2217;Sin especificar;Habilitado;Natalia Lopez;;1131550424;;Sin especificar;Sin especificar;;Consumidor final;;0;35539428;DNI;Pesos;199679612;;Cliente agregado automáticamente desde MercadoPago;;; ;
2218;Sin especificar;Habilitado;Juoia Arano;;011-1561916617;;Sin especificar;Sin especificar;;Consumidor final;;0;35350073;DNI;Pesos;82839063;;Cliente agregado automáticamente desde MercadoPago;;; ;
2219;Sin especificar;Habilitado;Cliente N° 2219;;;;Sin especificar;Sin especificar;;Consumidor final;;0;0;Ninguno;Pesos;187493780;;Cliente agregado automáticamente desde MercadoPago;;; ;
2220;Sin especificar;Habilitado;Cliente N° 2220;;;;Sin especificar;Sin especificar;;Consumidor final;;0;0;Ninguno;Pesos;205543737;;Cliente agregado automáticamente desde MercadoPago;;; ;
2221;Categoria 1;Habilitado;OLEASTRO, RAMIRO MARIA;;;48 431;LA PLATA NOROESTE CALLE 50;Buenos Aires;;IVA Responsable Inscripto;OLEASTRO, RAMIRO MARIA;20147962399;0;Ninguno;Pesos;0;;;;; ;
2222;Sin especificar;Habilitado;Cliente N° 2222;;;;Sin especificar;Sin especificar;;Consumidor final;;0;0;Ninguno;Pesos;24433095;;Cliente agregado automáticamente desde MercadoPago;;; ;
2223;Sin especificar;Habilitado;Demian Pal;;15-40997622;BOSCH VENTURA 6976;Ciudad Autónoma De Buenos Aires;CABA;;Consumidor final;PALMEYRO, DAMIAN;20312074274;31207427;DNI;Pesos;34771199;;Cliente agregado automáticamente desde MercadoPago;;; ;
2224;Sin especificar;Habilitado;evelyn bazan;; -2364659367;;Sin especificar;Sin especificar;;Consumidor final;;0;35797069;DNI;Pesos;146535107;;Cliente agregado automáticamente desde MercadoPago;;; ;
2225;Sin especificar;Habilitado;gianina quinto;;1121636373;;Sin especificar;Sin especificar;;Consumidor final;;0;94433666;DNI;Pesos;195816524;;Cliente agregado automáticamente desde MercadoPago;;; ;
2226;Sin especificar;Habilitado;Nayla Sabrina Buchara;;;;Sin especificar;Sin especificar;;Consumidor final;;0;34634147;DNI;Pesos;156791823;;Cliente agregado automáticamente desde MercadoLibre;;; ;
2227;Sin especificar;Habilitado;Nelida Paglieri;; -1536919117;;Sin especificar;Sin especificar;;Consumidor final;;0;11679427;DNI;Pesos;157760046;;Cliente agregado automáticamente desde MercadoPago;;; ;
2228;Categoria 1;Habilitado;Mario Mendez;;+54 9 2215 73-8952;calle 42   N ° 665  entre 8 y 9 ;La plata;Sin especificar;;Consumidor final;;0;0;Ninguno;Pesos;0;;;;; ;
2229;Sin especificar;Habilitado;Sebastian Pozuelo;;1169145304;ASAMBLEA AV. 1028 Piso:7 Dpto:c;Ciudad Autónoma De Buenos Aires;CABA;;Consumidor final;POZUELO, SEBASTIAN MARCELO;20272866598;27286659;DNI;Pesos;230964075;;Cliente agregado automáticamente desde MercadoLibre;;; ;
2230;Sin especificar;Habilitado;Cliente N° 2230;;;;Sin especificar;Sin especificar;;Consumidor final;;0;0;Ninguno;Pesos;43226375;;Cliente agregado automáticamente desde MercadoPago;;; ;
2231;Sin especificar;Habilitado;Cliente N° 2231;;;;Sin especificar;Sin especificar;;Consumidor final;;0;0;Ninguno;Pesos;150786206;;Cliente agregado automáticamente desde MercadoPago;;; ;
2232;Categoria 1;Habilitado;CAUDILLO FILMS S.R.L.;;;ACHAVAL 279 Piso:12 Dpto:D;Ciudad Autónoma De Buenos Aires;CABA;;IVA Responsable Inscripto;CAUDILLO FILMS S.R.L.;30715305700;0;Ninguno;Pesos;0;;;;; ;
2233;Sin especificar;Habilitado;Brian Micael Ricciardi;;;;Sin especificar;Sin especificar;bmrink@hotmail.com;Consumidor final;;0;41398474;DNI;Pesos;332012031;;Cliente agregado automáticamente desde MercadoPago;;; ;
2234;Sin especificar;Habilitado;Federico Falour;;1533585976;ESCALADA DE S.MARTIN 320;Ciudad Autónoma De Buenos Aires;CABA;federicofalour@gmail.com;Consumidor final;FALOUR, FEDERICO IGNACIO;20304107686;30410768;DNI;Pesos;31439629;;Cliente agregado automáticamente desde MercadoPago;;; ;
2235;Sin especificar;Habilitado;Cliente N° 2235;;;;Sin especificar;Sin especificar;;Consumidor final;;0;0;Ninguno;Pesos;79347847;;Cliente agregado automáticamente desde MercadoPago;;; ;
2236;Sin especificar;Habilitado;Cliente N° 2236;;;;Sin especificar;Sin especificar;;Consumidor final;;0;0;Ninguno;Pesos;96057854;;Cliente agregado automáticamente desde MercadoPago;;; ;
2237;Sin especificar;Habilitado;Cliente N° 2237;;;;Sin especificar;Sin especificar;;Consumidor final;;0;0;Ninguno;Pesos;82955184;;Cliente agregado automáticamente desde MercadoPago;;; ;
2238;Sin especificar;Habilitado;Cliente N° 2238;;;;Sin especificar;Sin especificar;;Consumidor final;;0;0;Ninguno;Pesos;204890958;;Cliente agregado automáticamente desde MercadoPago;;; ;
2239;Sin especificar;Habilitado;Cliente N° 2239;;;;Sin especificar;Sin especificar;;Consumidor final;;0;0;Ninguno;Pesos;163476126;;Cliente agregado automáticamente desde MercadoPago;;; ;
2240;Sin especificar;Habilitado;Cliente N° 2240;;;;Sin especificar;Sin especificar;;Consumidor final;;0;0;Ninguno;Pesos;46035061;;Cliente agregado automáticamente desde MercadoPago;;; ;
2241;Categoria 1;Habilitado;Celeste bruzera;;;;Sin especificar;Sin especificar;;Consumidor final;;0;0;Ninguno;Pesos;0;;;;; ;
2242;Categoria 1;Habilitado;Diego Ovando;;1564388889;av rivadavia 3324;Sin especificar;Sin especificar;;Consumidor final;;0;0;Ninguno;Pesos;0;;;;; ;
2243;Sin especificar;Habilitado;Cliente N° 2243;;;;Sin especificar;Sin especificar;;Consumidor final;;0;0;Ninguno;Pesos;137221954;;Cliente agregado automáticamente desde MercadoPago;;; ;
2244;Sin especificar;Habilitado;Sebastián Casazza;;;GOYENA PEDRO AV. 1669 Piso:9 Dpto:A;Ciudad Autónoma De Buenos Aires;CABA;;IVA Sujeto Exento;CASAZZA, SEBASTIAN EUGENIO;20299036899;29903689;DNI;Pesos;238327144;;Cliente agregado automáticamente desde MercadoLibre;;; ;
2245;Sin especificar;Habilitado;Cliente N° 2245;;;;Sin especificar;Sin especificar;;Consumidor final;;0;0;Ninguno;Pesos;246019402;;Cliente agregado automáticamente desde MercadoPago;;; ;
2246;Sin especificar;Habilitado;Cliente N° 2246;;;;Sin especificar;Sin especificar;;Consumidor final;;0;0;Ninguno;Pesos;629697026;;Cliente agregado automáticamente desde MercadoPago;;; ;
2247;Sin especificar;Habilitado;Cliente N° 2247;;;;Sin especificar;Sin especificar;;Consumidor final;;0;0;Ninguno;Pesos;120415500;;Cliente agregado automáticamente desde MercadoPago;;; ;
2248;Sin especificar;Habilitado;Cliente N° 2248;;;;Sin especificar;Sin especificar;;Consumidor final;;0;0;Ninguno;Pesos;7567927;;Cliente agregado automáticamente desde MercadoPago;;; ;
2249;Sin especificar;Habilitado;Cliente N° 2249;;;;Sin especificar;Sin especificar;;Consumidor final;;0;0;Ninguno;Pesos;78894370;;Cliente agregado automáticamente desde MercadoPago;;; ;
2250;Sin especificar;Habilitado;Cliente N° 2250;;;;Sin especificar;Sin especificar;;Consumidor final;;0;0;Ninguno;Pesos;252362092;;Cliente agregado automáticamente desde MercadoPago;;; ;
2251;Sin especificar;Habilitado;Cliente N° 2251;;;;Sin especificar;Sin especificar;;Consumidor final;;0;0;Ninguno;Pesos;23916693;;Cliente agregado automáticamente desde MercadoPago;;; ;
2252;Sin especificar;Habilitado;Cliente N° 2252;;;;Sin especificar;Sin especificar;;Consumidor final;;0;0;Ninguno;Pesos;318843520;;Cliente agregado automáticamente desde MercadoPago;;; ;
2253;Sin especificar;Habilitado;María Cecilia Demartín ;;;;Sin especificar;Sin especificar;;Consumidor final;;0;29903642;DNI;Pesos;555002900;;Cliente agregado automáticamente desde MercadoLibre;;; ;
2254;Sin especificar;Habilitado;Cliente N° 2254;;;;Sin especificar;Sin especificar;;Consumidor final;;0;0;Ninguno;Pesos;132268792;;Cliente agregado automáticamente desde MercadoPago;;; ;
2255;Sin especificar;Habilitado;Cliente N° 2255;;;;Sin especificar;Sin especificar;;Consumidor final;;0;0;Ninguno;Pesos;133475023;;Cliente agregado automáticamente desde MercadoPago;;; ;
2256;Sin especificar;Habilitado;Cliente N° 2256;;;;Sin especificar;Sin especificar;;Consumidor final;;0;0;Ninguno;Pesos;35772574;;Cliente agregado automáticamente desde MercadoPago;;; ;
2257;Sin especificar;Habilitado;Cliente N° 2257;;;;Sin especificar;Sin especificar;;Consumidor final;;0;0;Ninguno;Pesos;114326998;;Cliente agregado automáticamente desde MercadoPago;;; ;
2258;Sin especificar;Habilitado;Cliente N° 2258;;;;Sin especificar;Sin especificar;;Consumidor final;;0;0;Ninguno;Pesos;82882293;;Cliente agregado automáticamente desde MercadoPago;;; ;
2259;Sin especificar;Habilitado;Cliente N° 2259;;;;Sin especificar;Sin especificar;;Consumidor final;;0;0;Ninguno;Pesos;395694538;;Cliente agregado automáticamente desde MercadoPago;;; ;
2260;Sin especificar;Habilitado;Cliente N° 2260;;;;Sin especificar;Sin especificar;;Consumidor final;;0;0;Ninguno;Pesos;222474269;;Cliente agregado automáticamente desde MercadoPago;;; ;
2261;Sin especificar;Habilitado;Cliente N° 2261;;;;Sin especificar;Sin especificar;;Consumidor final;;0;0;Ninguno;Pesos;58264784;;Cliente agregado automáticamente desde MercadoPago;;; ;
2262;Sin especificar;Habilitado;Cliente N° 2262;;;;Sin especificar;Sin especificar;;Consumidor final;;0;0;Ninguno;Pesos;8198994;;Cliente agregado automáticamente desde MercadoPago;;; ;
2263;Sin especificar;Habilitado;Cliente N° 2263;;;;Sin especificar;Sin especificar;;Consumidor final;;0;0;Ninguno;Pesos;160968872;;Cliente agregado automáticamente desde MercadoPago;;; ;
2264;Sin especificar;Habilitado;Cliente N° 2264;;;;Sin especificar;Sin especificar;;Consumidor final;;0;0;Ninguno;Pesos;231079572;;Cliente agregado automáticamente desde MercadoPago;;; ;
2265;Sin especificar;Habilitado;Cliente N° 2265;;;;Sin especificar;Sin especificar;;Consumidor final;;0;0;Ninguno;Pesos;26646985;;Cliente agregado automáticamente desde MercadoPago;;; ;
2266;Sin especificar;Habilitado;Cliente N° 2266;;;;Sin especificar;Sin especificar;;Consumidor final;;0;0;Ninguno;Pesos;132825109;;Cliente agregado automáticamente desde MercadoPago;;; ;
2267;Sin especificar;Habilitado;Cliente N° 2267;;;;Sin especificar;Sin especificar;;Consumidor final;;0;0;Ninguno;Pesos;198042687;;Cliente agregado automáticamente desde MercadoPago;;; ;
2268;Sin especificar;Habilitado;Cliente N° 2268;;;;Sin especificar;Sin especificar;;Consumidor final;;0;0;Ninguno;Pesos;61526171;;Cliente agregado automáticamente desde MercadoPago;;; ;
2269;Sin especificar;Habilitado;Cliente N° 2269;;;;Sin especificar;Sin especificar;;Consumidor final;;0;0;Ninguno;Pesos;115698179;;Cliente agregado automáticamente desde MercadoPago;;; ;
2270;Sin especificar;Habilitado;Cliente N° 2270;;;;Sin especificar;Sin especificar;;Consumidor final;;0;0;Ninguno;Pesos;322858252;;Cliente agregado automáticamente desde MercadoPago;;; ;
2271;Sin especificar;Habilitado;Cliente N° 2271;;;;Sin especificar;Sin especificar;;Consumidor final;;0;0;Ninguno;Pesos;72020576;;Cliente agregado automáticamente desde MercadoPago;;; ;
2272;Sin especificar;Habilitado;Cliente N° 2272;;;;Sin especificar;Sin especificar;;Consumidor final;;0;0;Ninguno;Pesos;102357612;;Cliente agregado automáticamente desde MercadoPago;;; ;
2273;Sin especificar;Habilitado;Cliente N° 2273;;;;Sin especificar;Sin especificar;;Consumidor final;;0;0;Ninguno;Pesos;35062589;;Cliente agregado automáticamente desde MercadoPago;;; ;
2274;Sin especificar;Habilitado;Cliente N° 2274;;;;Sin especificar;Sin especificar;;Consumidor final;;0;0;Ninguno;Pesos;221860130;;Cliente agregado automáticamente desde MercadoPago;;; ;
2275;Categoria 1;Habilitado;DE LA PUENTE, FEDERICO CARLOS;Federico Grafica 6;+54 9 11 5160-7254;FREIRE R. CAP. GRAL. 693- COLEGIALES;Ciudad Autónoma De Buenos Aires;CABA;graficaseis@hotmail.com;IVA Responsable Inscripto;DE LA PUENTE, FEDERICO CARLOS;20162806654;0;Ninguno;Pesos;0;;;;; ;
2276;Sin especificar;Habilitado;Cliente N° 2276;;;;Sin especificar;Sin especificar;;Consumidor final;;0;0;Ninguno;Pesos;169177844;;Cliente agregado automáticamente desde MercadoPago;;; ;
2277;Sin especificar;Habilitado;Fernando Donadio;;011-1538692428;RUGGIERI SILVIO L. 2944 Piso:16 Dpto:B  T:SM;Ciudad Autónoma De Buenos Aires;CABA;;Consumidor final;DONADIO, FERNANDO RICARDO;20332416295;33241629;DNI;Pesos;79979805;;Cliente agregado automáticamente desde MercadoPago;;; ;
2278;Sin especificar;Deshabilitado;VISIONE PUBLICIDAD S.R.L.;;;;Adrogue;Sin especificar;;IVA Responsable Inscripto;VISIONE PUBLICIDAD S.R.L.;0;0;Ninguno;Pesos;0;;;;; ;
2279;Sin especificar;Habilitado;Cliente N° 2279;;;;Sin especificar;Sin especificar;;Consumidor final;;0;0;Ninguno;Pesos;170939036;;Cliente agregado automáticamente desde MercadoPago;;; ;
2280;Sin especificar;Habilitado;Cliente N° 2280;;;;Sin especificar;Sin especificar;;Consumidor final;;0;0;Ninguno;Pesos;176321262;;Cliente agregado automáticamente desde MercadoPago;;; ;
2281;Sin especificar;Habilitado;Cliente N° 2281;;;;Sin especificar;Sin especificar;;Consumidor final;;0;0;Ninguno;Pesos;112338040;;Cliente agregado automáticamente desde MercadoPago;;; ;
2282;Sin especificar;Habilitado;Cliente N° 2282;;;;Sin especificar;Sin especificar;;Consumidor final;;0;0;Ninguno;Pesos;315547504;;Cliente agregado automáticamente desde MercadoPago;;; ;
2283;Sin especificar;Habilitado;Juan Esteban Sosa;;;;Sin especificar;Sin especificar;;Consumidor final;;0;92909377;DNI;Pesos;102460115;;Cliente agregado automáticamente desde MercadoLibre;;; ;
2284;Sin especificar;Habilitado;Cliente N° 2284;;;;Sin especificar;Sin especificar;;Consumidor final;;0;0;Ninguno;Pesos;353746819;;Cliente agregado automáticamente desde MercadoPago;;; ;
2285;Sin especificar;Habilitado;Mariana Ludueña;;;MINISTRO BRIN 2938 Piso:4 Dpto:4002;LANUS;Buenos Aires;;IVA Responsable Inscripto;PAUL DALO, NICOLAS;20319539604;0;Ninguno;Pesos;223302829;;Cliente agregado automáticamente desde MercadoLibre;;; ;
2286;Sin especificar;Habilitado;Cliente N° 2286;;;;Sin especificar;Sin especificar;;Consumidor final;;0;0;Ninguno;Pesos;426431954;;Cliente agregado automáticamente desde MercadoPago;;; ;
2287;Sin especificar;Habilitado;Cliente N° 2287;;;;Sin especificar;Sin especificar;;Consumidor final;;0;0;Ninguno;Pesos;59880635;;Cliente agregado automáticamente desde MercadoPago;;; ;
2288;Sin especificar;Habilitado;Cliente N° 2288;;;;Sin especificar;Sin especificar;;Consumidor final;;0;0;Ninguno;Pesos;33157803;;Cliente agregado automáticamente desde MercadoPago;;; ;
2289;Sin especificar;Habilitado;Cliente N° 2289;;;;Sin especificar;Sin especificar;;Consumidor final;;0;0;Ninguno;Pesos;129304093;;Cliente agregado automáticamente desde MercadoPago;;; ;
2290;Sin especificar;Habilitado;Cliente N° 2290;;;;Sin especificar;Sin especificar;;Consumidor final;;0;0;Ninguno;Pesos;323811797;;Cliente agregado automáticamente desde MercadoPago;;; ;
2291;Sin especificar;Habilitado;Cliente N° 2291;;;;Sin especificar;Sin especificar;;Consumidor final;;0;0;Ninguno;Pesos;213513517;;Cliente agregado automáticamente desde MercadoPago;;; ;
2292;Sin especificar;Habilitado;Cliente N° 2292;;;;Sin especificar;Sin especificar;;Consumidor final;;0;0;Ninguno;Pesos;122711580;;Cliente agregado automáticamente desde MercadoPago;;; ;
2293;Sin especificar;Habilitado;Cliente N° 2293;;;;Sin especificar;Sin especificar;;Consumidor final;;0;0;Ninguno;Pesos;539471814;;Cliente agregado automáticamente desde MercadoPago;;; ;
2294;Sin especificar;Habilitado;Cliente N° 2294;;;;Sin especificar;Sin especificar;;Consumidor final;;0;0;Ninguno;Pesos;325670075;;Cliente agregado automáticamente desde MercadoPago;;; ;
2295;Sin especificar;Habilitado;Cliente N° 2295;;;;Sin especificar;Sin especificar;;Consumidor final;;0;0;Ninguno;Pesos;215034529;;Cliente agregado automáticamente desde MercadoPago;;; ;
2296;Categoria 1;Habilitado;MARTIN DIEGO LIBOREIRO;;;SAN LORENZO 2796-OLIVOS;Sin especificar;Sin especificar;ventas@odds.com;Consumidor final;;0;0;Ninguno;Pesos;0;;;;; ;
2297;Sin especificar;Habilitado;Cliente N° 2297;;;;Sin especificar;Sin especificar;;Consumidor final;;0;0;Ninguno;Pesos;147094919;;Cliente agregado automáticamente desde MercadoPago;;; ;
2298;Categoria 1;Habilitado;PALMA CARTELES S.R.L.;;;SARMIENTO 907;Bahia Blanca;Buenos Aires;administracion@palmavisual.com;IVA Responsable Inscripto;PALMA CARTELES S.R.L.;33711955149;0;Ninguno;Pesos;0;;;;; ;
2299;Sin especificar;Habilitado;Cliente N° 2299;;;;Sin especificar;Sin especificar;;Consumidor final;;0;0;Ninguno;Pesos;8808577;;Cliente agregado automáticamente desde MercadoPago;;; ;
2300;Sin especificar;Habilitado;Cliente N° 2300;;;;Sin especificar;Sin especificar;;Consumidor final;;0;0;Ninguno;Pesos;77147724;;Cliente agregado automáticamente desde MercadoPago;;; ;
2301;Sin especificar;Habilitado;Cliente N° 2301;;;;Sin especificar;Sin especificar;;Consumidor final;;0;0;Ninguno;Pesos;354937060;;Cliente agregado automáticamente desde MercadoPago;;; ;
2302;Sin especificar;Habilitado;Cliente N° 2302;;;;Sin especificar;Sin especificar;;Consumidor final;;0;0;Ninguno;Pesos;126844898;;Cliente agregado automáticamente desde MercadoPago;;; ;
2303;Sin especificar;Habilitado;Cliente N° 2303;;;;Sin especificar;Sin especificar;;Consumidor final;;0;0;Ninguno;Pesos;106737687;;Cliente agregado automáticamente desde MercadoPago;;; ;
2304;Sin especificar;Habilitado;Cliente N° 2304;;;;Sin especificar;Sin especificar;;Consumidor final;;0;0;Ninguno;Pesos;168027655;;Cliente agregado automáticamente desde MercadoPago;;; ;
2305;Sin especificar;Habilitado;Cliente N° 2305;;;;Sin especificar;Sin especificar;;Consumidor final;;0;0;Ninguno;Pesos;151898159;;Cliente agregado automáticamente desde MercadoPago;;; ;
2306;Sin especificar;Habilitado;Splitter 7cb6f7e8f8;;;;Sin especificar;Sin especificar;;Consumidor final;;0;0;Ninguno;Pesos;708456193;;Cliente agregado automáticamente desde MercadoPago;;; ;
2307;Sin especificar;Habilitado;jose luis rodriguez;;;;Sin especificar;Sin especificar;;Consumidor final;;0;34150488;DNI;Pesos;131566734;;Cliente agregado automáticamente desde MercadoLibre;;; ;
2308;Categoria 1;Habilitado;LANDIA S.R.L.;Emanuel productora Landia;+54 9 11 3327-6301;DORREGO AV. 1246;Ciudad Autónoma De Buenos Aires;CABA;teremorcillo@gmail.com;IVA Responsable Inscripto;LANDIA S.R.L.;30707218270;0;Ninguno;Pesos;0;;;;; ;
2309;Sin especificar;Habilitado;Splitter 868d5dc8ce;;;;Sin especificar;Sin especificar;;Consumidor final;;0;0;Ninguno;Pesos;709421011;;Cliente agregado automáticamente desde MercadoPago;;; ;
2310;Sin especificar;Habilitado;jorge cesar villalba;;;GUATAMBU 91;CAPIOVY;Misiones;;IVA Responsable Inscripto;VILLALBA, JORGE CESAR;20207093999;0;Ninguno;Pesos;42217420;;Cliente agregado automáticamente desde MercadoLibre;;; ;
2311;Categoria 1;Habilitado;Tomas Bauk;;;Cevallos 854 e/ brandsen y 25 de mayo(Persiana Gris);Sin especificar;Sin especificar;tomiibauk@gmail.com;Consumidor final;;0;39715469;DNI;Pesos;0;;;;; ;
2312;Sin especificar;Habilitado;Splitter 5dfa3789eb;;;;Sin especificar;Sin especificar;;Consumidor final;;0;0;Ninguno;Pesos;709619029;;Cliente agregado automáticamente desde MercadoPago;;; ;
2313;Sin especificar;Habilitado;Carlos Alberto Vera;;;;Sin especificar;Sin especificar;;Consumidor final;;0;22135456;DNI;Pesos;707731444;;Cliente agregado automáticamente desde MercadoLibre;;; ;
2314;Sin especificar;Habilitado;Lucas Palin;;;SAAVEDRA 3090;OLAVARRIA;Buenos Aires;;Responsable Monotributo;PALIN, JORGE LUCAS;20351681242;35168124;DNI;Pesos;93991294;;Cliente agregado automáticamente desde MercadoLibre;;; ;
2315;Sin especificar;Habilitado;Cliente N° 2315;;;;Sin especificar;Sin especificar;;Consumidor final;;0;0;Ninguno;Pesos;324894553;;Cliente agregado automáticamente desde MercadoPago;;; ;
2316;Sin especificar;Habilitado;Cliente N° 2316;;;;Sin especificar;Sin especificar;;Consumidor final;;0;0;Ninguno;Pesos;93605214;;Cliente agregado automáticamente desde MercadoPago;;; ;
2317;Sin especificar;Habilitado;Asereth Goncalves;;;SAN JUAN AV. 2964 Piso:8 Dpto:A;Ciudad Autónoma De Buenos Aires;CABA;;Responsable Monotributo;GONCALVES PEREZ, ASERETH CAROLINA;23957822754;95782275;DNI;Pesos;400458505;;Cliente agregado automáticamente desde MercadoPago;;; ;
2318;Categoria 1;Habilitado;ARRIGONI, ROBERTO CARLOS;;;25 DE MAYO 46;JOSE MARMOL;Buenos Aires;Tasheshinio@gmail.com;IVA Responsable Inscripto;ARRIGONI, ROBERTO CARLOS;23242042719;0;Ninguno;Pesos;0;;;;; ;
2319;Categoria 1;Habilitado;Gaston viola;Gaston saladillo amigo de ARALDI;+54 9 2344 46-9039;Yirigoyen 3146 Saladillo;SALADILLO;Sin especificar;violagaston@hotmail.com;Consumidor final;;0;0;Ninguno;Pesos;0;;;;; ;
2320;Categoria 1;Habilitado;Diego Villalba ;Diego Villalba;+54 9 2944 55-0956;Elordi 135 Bariloche rio negro/CP 8400;Sin especificar;Sin especificar;diegovillalbabche@hotmail.com;Consumidor final;;0;28047748;DNI;Pesos;0;;;;; ;
2321;Categoria 1;Habilitado;Barbara Michelle Ortega;;;DIRECC Ameghino 1473  - CP. 8000/bahia blanca;Sin especificar;Sin especificar;barbmi25@gmail.com;Consumidor final;;0;19036652;DNI;Pesos;0;;;;; ;
2322;Categoria 1;Habilitado;SEBASTIAN MACEDO;Castro 1120/CABA;;;Sin especificar;Sin especificar;;Consumidor final;;0;29904454;DNI;Pesos;0;;;;; ;
2323;Categoria 1;Habilitado;PROYECTOS INDUSTRIALES SOCIEDAD ANONIMA;;;QUITO 3631 Piso:2 Dpto:A;Ciudad Autónoma De Buenos Aires;CABA;ariel.trotta@proyin.com;IVA Responsable Inscripto;PROYECTOS INDUSTRIALES SOCIEDAD ANONIMA;30661249737;0;Ninguno;Pesos;0;;;;; ;
2324;Categoria 1;Habilitado;Cándida del pino ;;;525 n 379 e/116 y 117   La plata / Tolosa;La plata;Sin especificar;candidasolsi@hotmail.com;Consumidor final;;0;0;Ninguno;Pesos;0;;;;; ;
2325;Categoria 1;Habilitado;YAÑEZ GASTON ESTEBAN ;;;;Navarro;Sin especificar;;IVA Responsable Inscripto;YAÑEZ GASTON ESTEBAN ;20307783283;0;Ninguno;Pesos;0;;;;; ;
2326;Categoria 1;Habilitado;CHAVES, FABIAN MANUEL;;;LOS ANDES 3495;SAN MIGUEL;Buenos Aires;todoparaelfotografo@gmail.com;Responsable Monotributo;CHAVES, FABIAN MANUEL;20257854168;25785416;DNI;Pesos;0;;;;; ;
2327;Categoria 1;Habilitado;ESCALUM INVESTMENT  S.A.;;;SAENZ PE&#209 A R. PTE. AV. 852 Piso:5 Dpto:506;Ciudad Autónoma De Buenos Aires;CABA;;IVA Responsable Inscripto;ESCALUM INVESTMENT  S.A.;30709270024;0;Ninguno;Pesos;0;;;;; ;
2328;Categoria 1;Habilitado;Hugo Alberto Diaz ;Cel:1154723926 ;;vertientes 1640 Rincón. Villa de merlo prov de San Luis c.p 5881 (A terminal );Sin especificar;Sin especificar;Hugo.diaz16@hotmail.com;Consumidor final;;0;0;Ninguno;Pesos;0;;;;; ;
2329;Categoria 1;Habilitado;Sergio Adrián quiroga;Sergio Quiroga;+54 9 2664 02-2658;Arancibia  rodriguez 314-C.P:5700/San luis capital;SAN LUIS;Sin especificar;Puntograficosanluis@gmail.com;Consumidor final;;0;28926424;DNI;Pesos;0;;;;; ;
2330;Categoria 1;Habilitado;Hernán carnero de salto;Mar de cristales mi negocio;;Salto_italia 442;Sin especificar;Sin especificar;;Consumidor final;;0;36762283;DNI;Pesos;0;;;;; ;
2331;Categoria 1;Habilitado;MARTIN ROJAS;;;Pte. Peron 2184 San Miguel;Sin especificar;Sin especificar;timgrafica@hotmail.com;Consumidor final;;0;28162168;DNI;Pesos;0;;;;; ;
2332;Categoria 1;Habilitado;Esteban Pablo Morillo ;;;SAN JOSE 1944;MUÑIZ;Buenos Aires;meppublicidad@gmail.com;IVA Responsable Inscripto;MORILLO ESTEBAN PABLO;20273998625;0;Ninguno;Pesos;0;;;;; ;
2333;Categoria 1;Habilitado;GAZZ  S.R.L.;;;GDOR. VALENTIN VERGARA 1119;VICENTE LOPEZ;Buenos Aires;manuelafernandezoks@gmail.com;IVA Responsable Inscripto;GAZZ  S.R.L.;30709564419;0;Ninguno;Pesos;0;;;;; ;
2334;Categoria 1;Deshabilitado;Damian Loustalet;;;jose marmol 1074- Campana;Campana;Sin especificar;otradimensionserigrafia@gmail.com;Consumidor final;;0;31912980;DNI;Pesos;0;;;;; ;
2335;Categoria 1;Habilitado;Sebastián sayal;;;Fournier 365 Bahía Blanca;Bahia Blanca;Buenos Aires;sebastian.sayal@gmail.com;Consumidor final;;0;24436485;DNI;Pesos;0;;;;; ;
2336;Categoria 1;Habilitado;FEFRAN SOCIEDAD DE RESPONSABILIDAD LIMITADA;;;AGRICULTURA 53;LA COLINA;Buenos Aires;Vicarbauti@gmail.com;IVA Responsable Inscripto;FEFRAN SOCIEDAD DE RESPONSABILIDAD LIMITADA;30712281215;0;Ninguno;Pesos;0;;;;; ;
2337;Categoria 1;Habilitado;FUNDACION VISION DE FUTURO;Gisela de Vision futuro;;COCHABAMBA 4001;SANTA FE;Santa Fe;;IVA Sujeto Exento;FUNDACION VISION DE FUTURO;30621229261;0;Ninguno;Pesos;0;;;;; ;
2338;Categoria 1;Habilitado;Lisandro Ernesto Vargas;;;RAUL LLOBERA 4334;LOMAS DE ZAMORA;Buenos Aires;;Responsable Monotributo;VARGAS, LISANDRO ERNESTO;20248930080;0;Ninguno;Pesos;0;;;;; ;
2339;Categoria 1;Habilitado;Ezequiel Martínez;;;Alberti 778 depto 4;SAN CRISTOBAL;Sin especificar;1702@gmail.com;Consumidor final;;0;30433757;DNI;Pesos;0;;;;; ;
2340;Categoria 1;Habilitado;DIRECTOR, CINTHIA MARCELA;;;LA RIOJA 1223 Piso:1 Dpto:F;Ciudad Autónoma De Buenos Aires;CABA;dcortados@gmail.com;Responsable Monotributo;DIRECTOR, CINTHIA MARCELA;27269514294;0;Ninguno;Pesos;0;;;;; ;
2341;Categoria 1;Deshabilitado;Alberdi Nunez SRL;Esto es un local Grafica GyG;;Cabello 3676-Palermo;Sin especificar;Sin especificar;adm1@graficagyg.com.ar;Consumidor final;;30641546883;0;Ninguno;Pesos;0;;;;; ;
2342;Categoria 1;Habilitado;ALBERDI NUÑEZ SRL;jaqueline;+54 9 11 5840-4643;Araoz 1120;Ciudad Autónoma De Buenos Aires;CABA;adm1@graficagyg.com.ar;IVA Responsable Inscripto;ALBERDI NUÑEZ SRL;30641546883;0;Ninguno;Pesos;0;;;;; ;
2343;Categoria 1;Habilitado;MINISTERIO DE TURISMO Y DEPORTES DE LA PROVINCIA DE RIO NEGR;;;ARTEMIDES ZATTI 299 Piso:1&#176 ;VIEDMA;Río Negro;ml.yunes@hotmail.com;IVA Sujeto Exento;MINISTERIO DE TURISMO Y DEPORTES DE LA PROVINCIA DE RIO NEGRO;30672843649;0;Ninguno;Pesos;0;;;;; ;
2344;Categoria 1;Habilitado;PAULUZZI, RICARDO HUGO;Ricardo Pauluzzi;+54 9 2281 47-8508;AVDA MITRE 282 RETIRA EN SUCURSAL!!!!!!!!;AZUL;Buenos Aires;rhpauluzzi@hotmail.com;Responsable Monotributo;PAULUZZI, RICARDO HUGO;20204123285;0;Ninguno;Pesos;0;;<p>RETIRA EN SUCURSAL !!!!!!!!!!!!!!&nbsp <span><br></span></p><p>NO ENVIAR A DOMICILIO</p>;;; ;
2345;Categoria 1;Habilitado;PEREZ, MARTIN GUSTAVO;;;JARAMILLO 2570;Ciudad Autónoma De Buenos Aires;CABA;pyppercusion@gmail.com;IVA Responsable Inscripto;PEREZ, MARTIN GUSTAVO;20234731905;0;Ninguno;Pesos;0;;;;; ;
2346;Categoria 1;Habilitado;CEBALLOS CAMPOS, ROBERTO ANDRES;;;ALBARRACIN DE SARMIENTO P 3415;Ciudad Autónoma De Buenos Aires;CABA;info@graficabunker.com;IVA Responsable Inscripto;CEBALLOS CAMPOS, ROBERTO ANDRES;20293827282;0;Ninguno;Pesos;0;;;;; ;
2347;Categoria 1;Habilitado;MODALAND SA;;;SANTA FE AV. 1346;Ciudad Autónoma De Buenos Aires;CABA;alf22b@gmail.com;IVA Responsable Inscripto;MODALAND SA;30716154544;0;Ninguno;Pesos;0;;;;; ;
2348;Categoria 1;Habilitado;AYALA, GASTON HERNAN;;;FLORENCIO VARELA 209 Piso:1 Dpto:PH S:2 T:2 M:11;AVELLANEDA;Buenos Aires;gastongigantografia@gmail.com;Responsable Monotributo;AYALA, GASTON HERNAN;20236100589;0;Ninguno;Pesos;0;;;;; ;
2349;Categoria 1;Habilitado;CELLO, GASTON;Gaston Cello;+54 9 2215 59-2364;62 2153 Piso:0;LOS HORNOS (LAS CALLES CON ALTURA MAYORES A 900);Buenos Aires;grafica.soul@gmail.com;IVA Responsable Inscripto;CELLO, GASTON;20259168873;0;Ninguno;Pesos;0;;;;; ;
2350;Categoria 1;Habilitado;Camila Eugenia Garcia Rua;;;Pillado 831 (casa) CP 1406_Flores;Sin especificar;Sin especificar;camilagarciarua@icloud.com;Consumidor final;;0;41334615;DNI;Pesos;0;;;;; ;
2351;Categoria 1;Habilitado;matias pereiro;;;Zuviria 3224 entre portela y segundo sombra ;Sin especificar;Sin especificar;cesarmatias@hotmail.com;Consumidor final;;0;27824287;DNI;Pesos;0;;;;; ;
2352;Categoria 1;Habilitado;Lucas leonel Martinez;;;Loma de medeiro  M j lote 285 B° Nuestra señora del carmen;SALTA;Sin especificar;Leonel_mix_08@hotmail.com;Consumidor final;;0;38785869;DNI;Pesos;0;;;;; ;
2353;Categoria 1;Habilitado;HAPPY TOGETHER PRODUCTION SERVICES SRL;;;FOREST AV. 326 Piso:8 Dpto:B;Ciudad Autónoma De Buenos Aires;CABA;Produccion.mono@gmail.com;IVA Responsable Inscripto;HAPPY TOGETHER PRODUCTION SERVICES SRL;30710957025;0;Ninguno;Pesos;0;;;;; ;
2354;Categoria 1;Habilitado;ARNEG ARGENTINA S.A.;;;JUAN PABLO II 8050;ROSARIO SUD;Santa Fe;;IVA Responsable Inscripto;ARNEG ARGENTINA S.A.;30586423513;0;Ninguno;Pesos;0;;;;; ;
2355;Categoria 1;Habilitado;Beegraff  Corral Luciano;;;Casartelli 665 - sector quintas  San Carlos de bolivar ;Sin especificar;Sin especificar;beegraffbolivar@gmail.com;Consumidor final;;0;29700557;DNI;Pesos;0;;;;; ;
2356;Categoria 1;Habilitado;HARDBAR S.A.;;;DRAGONES 1939;Ciudad Autónoma De Buenos Aires;CABA;alexis@hardbar.com.ar;IVA Responsable Inscripto;HARDBAR S.A.;30707623272;0;Ninguno;Pesos;0;;;;; ;
2357;Categoria 1;Deshabilitado;STORAGE DESIGN S.R.L.;;;HERRERA 1621;Ciudad Autónoma De Buenos Aires;CABA;luciano@storagedesing.com;IVA Responsable Inscripto;STORAGE DESIGN S.R.L.;30710150903;0;Ninguno;Pesos;0;;;;; ;
2358;Categoria 1;Habilitado;SODAPASTA SRL;;;WARNES AV. 1984;Ciudad Autónoma De Buenos Aires;CABA;laurasodapasta@gmail.com;IVA Responsable Inscripto;SODAPASTA SRL;30716072661;0;Ninguno;Pesos;0;;;;; ;
2359;Categoria 1;Habilitado;Abel Callejas ;;;San Nicolas 513_Flores (Caba );Sin especificar;Sin especificar;abel.callejas10@gmail.com;Consumidor final;;0;94129584;DNI;Pesos;0;;;;; ;
2360;Categoria 1;Habilitado;PLOTEOS S.R.L.;Lucas Weij -ploteos Srl(olivos);+54 9 11 3845-8780;AV. MAIPU 3428;OLIVOS;Buenos Aires;sofia@ploteos.com;IVA Responsable Inscripto;PLOTEOS S.R.L.;30710186770;0;Ninguno;Pesos;0;;;;; ;
2361;Categoria 1;Habilitado;POMPILI, JAVIER LUIS;;;SALTA 333;Ciudad Autónoma De Buenos Aires;CABA;Ventas@wolfox.com.ar;Responsable Monotributo;POMPILI, JAVIER LUIS;20279154879;0;Ninguno;Pesos;0;;;;; ;
2362;Categoria 1;Habilitado;Ignacio Humani;;;Rivera Indarte 97 - C.A.B.A;Sin especificar;Sin especificar;mundo-color@live.com.ar;Consumidor final;;0;34905321;DNI;Pesos;0;;;;; ;
2363;Categoria 1;Habilitado;Nayanci Seijas;;; amenabar 2443, belgrano, Caba.;Sin especificar;Sin especificar;Nayancyseijas@Gmail.con;Consumidor final;;0;95962231;DNI;Pesos;0;;;;; ;
2364;Categoria 1;Habilitado;Hernan Diego Barbosa;;;california 1494;Barracas;Sin especificar;Cartelesyherraria@yahoo.com.ar;Consumidor final;;0;18621560;DNI;Pesos;0;;;;; ;
2365;Categoria 1;Habilitado;Gabriel Regueiro;;;Calle Libertad Nº 1437 - JUNIN -;Junin;Sin especificar;grafica188@gmail.com;Consumidor final;;0;36189193;DNI;Pesos;0;;;;; ;
2366;Categoria 1;Habilitado;Exequiel Hernán coronel;;;9 de julio 1258;Sin especificar;Sin especificar;co_calcosypolarizados@hotmail.com;Consumidor final;;0;33091622;DNI;Pesos;0;;;;; ;
2367;Categoria 1;Habilitado;Goose Alejandro palomba;1140957555 ;;Darwin 1340 villa bosch;Sin especificar;Sin especificar;Goosewrap@gmail.com;Consumidor final;;0;34948681;DNI;Pesos;0;;;;; ;
2368;Categoria 1;Habilitado;Paola Melina Pelatti; 31584777;;Avellaneda y Nazca (Flores);Sin especificar;Sin especificar;palipelatti@hotmail.com;Consumidor final;;0;31584777;DNI;Pesos;0;;;;; ;
2369;Categoria 1;Habilitado;CASA DEL EX SOLDADO COMBATIENTE DE MALVINAS;;;AV 72 E/22 Y 23, PLAZOLETA N.O.SANDOVAL 0;LA PLATA SUDESTE CALLE 50 AMBAS VEREDAS;Buenos Aires;florenciadepino@gmail.com;IVA Sujeto Exento;CASA DEL EX SOLDADO COMBATIENTE DE MALVINAS;30713047003;0;Ninguno;Pesos;0;;;;; ;
2370;Categoria 1;Habilitado;MAGRET, VERONICA;;;ATAHUALPA YUPANQUI 2430;NEUQUEN;Neuquén;vinylpatagonia@hotmail.com;IVA Responsable Inscripto;MAGRET, VERONICA;27238905457;0;Ninguno;Pesos;0;;;;; ;
2371;Sin especificar;Habilitado;Alvaro Weher;;;;Sin especificar;Sin especificar;alvaroweher@gmail.com;Consumidor final;;0;0;Ninguno;Pesos;0;;;;; ;
2372;Categoria 1;Habilitado;TKY S.R.L.;;;DELGADO 1187;Ciudad Autónoma De Buenos Aires;CABA;aguilejulia@gmail.com;IVA Responsable Inscripto;TKY S.R.L.;33715623329;0;Ninguno;Pesos;0;;;;; ;
2373;Categoria 1;Habilitado;CORVALAN AUTOMOTORES SRL;Andres Fama;+54 9 11 6689-9926;CORVALAN 2243;Ciudad Autónoma De Buenos Aires;CABA;automotores.corval@gmail.com;IVA Responsable Inscripto;CORVALAN AUTOMOTORES SRL;30715705814;0;Ninguno;Pesos;0;;;;; ;
2374;Categoria 1;Habilitado;NARDI, LUCAS MARCO;;;GURRUCHAGA 2181 Piso:8 Dpto:A;Ciudad Autónoma De Buenos Aires;CABA;proveedores@bichapublicidad.com;IVA Responsable Inscripto;NARDI, LUCAS MARCO;20267565091;0;Ninguno;Pesos;0;;;;; ;
2375;Categoria 1;Habilitado;Luciano Méndez;;;San Miguel del monte, calle las garzas 89;Sin especificar;Sin especificar;lucianomendezdcv@gmail.com;Consumidor final;;0;0;Ninguno;Pesos;0;;;;; ;
2376;Categoria 1;Habilitado;Maria Natalia Fullone;;;;Sin especificar;Sin especificar;natifullone@hotmail.com;Consumidor final;;0;26567844;DNI;Pesos;0;;;;; ;
2377;Categoria 1;Habilitado;Mateo Tomas Martinez Gareis;;;Albariño 1341;Capital Federal;Sin especificar;matute92885@gmail.com;Consumidor final;;0;0;Ninguno;Pesos;0;;;;; ;
2378;Sin especificar;Habilitado;Soy Carlos Valente;;;;Sin especificar;Sin especificar;;Consumidor final;;20105339985;0;Ninguno;Pesos;0;;;;; ;
2379;Categoria 1;Habilitado;VALENTE, CARLOS ENRIQUE;;;CHILAVERT M. CNEL. 1102;Ciudad Autónoma De Buenos Aires;CABA;carlosevalente@yahoo.com.ar;Responsable Monotributo;VALENTE, CARLOS ENRIQUE;20105339985;0;Ninguno;Pesos;0;;;;; ;
2380;Categoria 1;Habilitado;Benitez José Ignacio;;;H. Irigoyen 380 - San José de Feliciano - Entre Ríos;San Jose;Sin especificar;patobenitez.duckgraf@gmail.com;Consumidor final;;0;34226476;DNI;Pesos;0;;;;; ;
2381;Categoria 1;Habilitado;Rita Flores ;;;;Sin especificar;Sin especificar;ritaflores1903@gmail.com;Consumidor final;;0;0;Ninguno;Pesos;0;;;;; ;
2382;Categoria 1;Habilitado;Luis Paz;;;Bernardo Castañon 391 Entre Albarracin y Bach CP 1765 Isidro Casanova;San Isidro;Sin especificar;Cortador@outlook.com;Consumidor final;;0;92572744;DNI;Pesos;0;;;;; ;
2383;Categoria 1;Habilitado;Alejandro Bravo ;;;Calle 8 n 991 piso 3  51/53 la Plata;La plata;Sin especificar;circuitodiseno@yahoo.com.ar;Consumidor final;;0;17345976;DNI;Pesos;0;;;;; ;
2384;Categoria 1;Habilitado;FERNANDEZ, LEANDRO DANIEL;Leandro;+54 9 11 5867-5725;Corvalan 2233;Ciudad Autónoma De Buenos Aires;CABA;Lf.plotter@outlook.es;IVA Responsable Inscripto;FERNANDEZ, LEANDRO DANIEL;20416635499;0;Ninguno;Pesos;0;;;;; ;
2385;Categoria 1;Habilitado;Ariel Kang;1164619345;;Av .carabobo 144- 2 A;Capital Federal;Sin especificar;retroshop.ar.arg@gmail.com;Consumidor final;;0;26418751;DNI;Pesos;0;;;;; ;
2386;Categoria 1;Habilitado;PAMPA FILMS SA;;;GODOY CRUZ 1540;Ciudad Autónoma De Buenos Aires;CABA;fedevalinoti@gmail.com;IVA Responsable Inscripto;PAMPA FILMS SA;30709729825;0;Ninguno;Pesos;0;;;;; ;
2387;Categoria 1;Habilitado;Julian Guardiola ;JG GRAPHICS;;Av dardo rocha 1417 entre chaco y los andes, Bernal;BERNAL;Sin especificar;Jg.design46@gmail.com;Consumidor final;;0;42145592;DNI;Pesos;0;;;;; ;
2388;Categoria 1;Habilitado;Evelyn de ebraz comunicación;;; regimiento de patricios 156;Capital Federal;Sin especificar;ebrazcomunicacion@gmail.com;Consumidor final;;0;0;Ninguno;Pesos;0;;;;; ;
2389;Categoria 1;Habilitado;Eider sanabria;;;Pte. Luis Sáenz peña 338;Capital Federal;Sin especificar;escarvallo85@gmail.com;Consumidor final;;0;95638291;DNI;Pesos;0;;;;; ;
2390;Categoria 1;Habilitado;VISION GRAFICA S.A.S.;;;FLOTRON 2095;ARMSTRONG;Santa Fe;Visiongrafica@live.com.ar;IVA Responsable Inscripto;VISION GRAFICA S.A.S.;30716503824;0;Ninguno;Pesos;0;;;;; ;
2391;Categoria 1;Habilitado;CLUB DE PESCADORES RIO ARECO;;;CAMINO COSTANERA C C 00014 0;SAN ANTONIO DE ARECO;Buenos Aires;marianocheli@gmail.com;IVA Sujeto Exento;CLUB DE PESCADORES RIO ARECO;33599702429;0;Ninguno;Pesos;0;;;;; ;
2392;Categoria 1;Habilitado;MATTOS, RAUL ENRIQUE;raul mattos;+54 9 11 5715-9318;489 1760;MANUEL B. GONNET;Buenos Aires;;IVA Responsable Inscripto;MATTOS, RAUL ENRIQUE;20221447396;0;Ninguno;Pesos;0;;;;; ;
2393;Categoria 1;Habilitado;MONTAÑA HUGO FERNANDO;;;San Martin 1333;CONCEPCION DEL URUGUAY;Sin especificar;publicidadmontanana@gmail.com;Consumidor final;;20276796543;0;Ninguno;Pesos;0;;;;; ;
2394;Categoria 1;Habilitado;María Lucía Cerezal;;;Avenida Directorio 2566 pb E;Capital Federal;Sin especificar;mluciacerezal@gmail.com;Consumidor final;;0;38601530;DNI;Pesos;0;;;;; ;
2395;Categoria 1;Habilitado;FIDANI, PATRICIA ELIZABETH;Bamana;+54 9 364 422-3305;AVENIDA LOS INMIGRANTES 1450;Presidencia Roque saenz peña Chaco;Chaco;;IVA Responsable Inscripto;FIDANI, PATRICIA ELIZABETH;27183441650;0;Ninguno;Pesos;0;;;;; ;
2396;Categoria 1;Habilitado;Daliana Cano;;;Av Escalada 2515-Villa Lugano-dpt 74;Capital Federal;Sin especificar;dalianacano1@gmail.com;Consumidor final;;0;95933560;DNI;Pesos;0;;;;; ;
2397;IVA Responsable Inscripto;Deshabilitado;FOSCHIATTI, HECTOR DANIEL;;;MALABIA 2478 Piso:1 Dpto:11;Ciudad Autónoma De Buenos Aires;CABA;foschiattidg@gmail.com;Responsable Monotributo;FOSCHIATTI, HECTOR DANIEL;20334756220;0;Ninguno;Pesos;0;;;;; ;
2398;Categoria 1;Habilitado;ROSSINI LUACES, PABLO ALEJANDRO;;;SAN MARTIN 1694;SALTA;Salta;Leonel_mix_08@hotmail.com;IVA Responsable Inscripto;ROSSINI LUACES, PABLO ALEJANDRO;20316443657;0;Ninguno;Pesos;0;;;;; ;
2399;Categoria 2;Deshabilitado;Cliente N° 2399;;;;Sin especificar;Sin especificar;;Consumidor final;;0;0;Ninguno;Pesos;0;;;;; ;
2400;Categoria 1;Habilitado;MARK DESIGN S.R.L.;Paula;+54 9 11 3387-7528;ARMENIA 3575;MUNRO;Buenos Aires;Administracion@cartelesmark.com.ar;IVA Responsable Inscripto;MARK DESIGN S.R.L.;30710736053;0;Ninguno;Pesos;0;;;;; ;
2401;Categoria 1;Deshabilitado;Cliente N° 2401;Estudio friki Laura;+54 9 2233 12-5228;Ohiggins 755 mar del plata;Mar del plata;Sin especificar;;Consumidor final;;20300251987;30025198;DNI;Pesos;0;;;;; ;
2402;Categoria 1;Habilitado;Victor alcaraz;;;Poeta risso 2517 ;HURLINGHAM ;Sin especificar;anjoviro@hotmail.com.ar;Consumidor final;;0;34957507;DNI;Pesos;0;;;;; ;
2403;Categoria 1;Habilitado;JARA, JUAN JOSE;;;PAYSANDU 1944 Piso:PB Dpto:9;Ciudad Autónoma De Buenos Aires;CABA;info@obracompleta.com.ar;Responsable Monotributo;JARA, JUAN JOSE;20249964752;0;Ninguno;Pesos;0;;;;; ;
2404;Categoria 1;Habilitado;Juan Alan Carella González;;;Perón 445 ;San Pedro;Sin especificar;jacarellagonzalez@hotmail.com;Consumidor final;;0;32953364;DNI;Pesos;0;;;;; ;
2405;Categoria 1;Habilitado;PENNELLA, LAUTARO DANIEL;;;NAON ROMULO AV. 2335  Dpto:12;Ciudad Autónoma De Buenos Aires;CABA;lautaropenela@gmail.com;IVA Responsable Inscripto;PENNELLA, LAUTARO DANIEL;20361581165;0;Ninguno;Pesos;0;;;;; ;
2406;Categoria 1;Deshabilitado;KAPOW S.A.;;;RAVIGNANI EMILIO DR 1666;Ciudad Autónoma De Buenos Aires;CABA;;IVA Responsable Inscripto;KAPOW S.A.;30709312274;0;Ninguno;Pesos;0;;;;; ;
2407;Categoria 1;Habilitado;NIEVES, RODOLFO ARIEL;;;POTOSI 3793;Ciudad Autónoma De Buenos Aires;CABA;;IVA Responsable Inscripto;NIEVES, RODOLFO ARIEL;20204084581;0;Ninguno;Pesos;0;;;;; ;
2408;Categoria 1;Habilitado; Joaquin Calvo;;;Av. San Martin 4660, florida Oeste, 1604, Prov. de Buenos Aires;Sin especificar;Sin especificar;joacocalvo@gmail.com;Consumidor final;;0;29393261;DNI;Pesos;0;;;;; ;
2409;Categoria 1;Habilitado;PLUSTEC SA;;;AV.SAN MARTIN 4660;FLORIDA;Buenos Aires;j.calvo@grupoaltec.com.ar;IVA Responsable Inscripto;PLUSTEC SA;30663252913;0;Ninguno;Pesos;0;;;;; ;
2410;Categoria 1;Habilitado;Laura Toledano;;;Paraguay 4747;Capital Federal;Sin especificar;toledanolau@gmail.com;Consumidor final;;0;29393196;DNI;Pesos;0;;;;; ;
2411;Categoria 1;Habilitado;INTERPRINTS S A;;;RIVADAVIA AV. 4511;Ciudad Autónoma De Buenos Aires;CABA;fotoscolorlife@gmail.com;IVA Responsable Inscripto;INTERPRINTS S A;33680087909;0;Ninguno;Pesos;0;;;;; ;
2412;Categoria 1;Habilitado;ARRIBILLAGA, JUAN CARLOS;;;JORGE NEWBERY 335;LAS FLORES;Buenos Aires;distrilf@gmail.com;IVA Responsable Inscripto;ARRIBILLAGA, JUAN CARLOS;23171820839;0;Ninguno;Pesos;0;;;;; ;
2413;Categoria 1;Habilitado;Jonahatan Peña;Jhony Peña;+54 9 11 2823-5793;juan de garay 356 -entre balcarce y defensa_san telmo ;Ciudad Autónoma De Buenos Aires;CABA;pjhonyunberto@gmilm.com;Consumidor final;;0;95099606;DNI;Pesos;0;;;;; ;
2414;Categoria 1;Habilitado;FERRANDO, AGUSTIN;Laura -Estudio friki (Mar Del Plata);+54 9 2233 12-5228;O HIGGINS 755;MAR DEL PLATA SUR;Buenos Aires;;Responsable Monotributo;FERRANDO, AGUSTIN;20300251987;0;Ninguno;Pesos;0;;;;; ;
2415;Categoria 1;Habilitado;BERGHIN, LUCAS DAMIAN;;;27 de abril 464 1 c ;BARRIO NUEVA CORDOBA          *;Córdoba;lucasberghin@gmail.com;Responsable Monotributo;BERGHIN, LUCAS DAMIAN;20343975687;0;Ninguno;Pesos;0;;;;; ;
2416;Categoria 1;Habilitado;TARAMARCAZ, NORA LIA;;;9 DE JULIO 235;WINIFREDA;La Pampa;winifredacomputacion@hotmail.com;IVA Responsable Inscripto;TARAMARCAZ, NORA LIA;27272288637;0;Ninguno;Pesos;0;;;;; ;
2417;Categoria 1;Habilitado;Gabriel Ekboir;Gtrabriel Ekboir;+54 9 11 5709-8461;CERRITO 1266 Piso:1 Dpto:4;Ciudad Autónoma De Buenos Aires;CABA;;IVA Responsable Inscripto;M.H.CONSTRUCCIONES Y SERVICIOS S.A.;30707962654;32553908;DNI;Pesos;0;;;;; ;
2418;Categoria 1;Habilitado;julieta Vidal ;;;Araujo 382 timbre 4;Capital Federal;Sin especificar;Julietapvidal@gmail.com;Consumidor final;;0;31303868;DNI;Pesos;0;;;;; ;
2419;Categoria 1;Habilitado;Kessler Ricardo;;;Villa Cacique - Barker CP 7005;Sin especificar;Sin especificar;kesslerricardo9@gmail.com;Consumidor final;;0;24518313;DNI;Pesos;0;;;;; ;
2420;Categoria 1;Habilitado;STANCANELLI, ROMAN PABLO;Roman (arroyo guido);+54 9 11 5009-4410;BAIGORRIA 4689;Ciudad Autónoma De Buenos Aires;CABA;estudirockman@hotmail.com;IVA Responsable Inscripto;STANCANELLI, ROMAN PABLO;20265396772;0;Ninguno;Pesos;0;;<p>direccion de envio: PEDRO MORAN 5074, CABA Villa Devoto, de 11 a 16 hs<br></p>;;; ;
2421;Sin especificar;Habilitado;Cliente N° 2421;;;;Sin especificar;Sin especificar;;Consumidor final;;30714602876;0;Ninguno;Pesos;0;;;;; ;
2422;Categoria 1;Habilitado;CRESPO, LIONEL CESAR;Lionel prografica;1168354544;BOYACA AV. 75;Ciudad Autónoma De Buenos Aires;CABA;prografica@gmail.com;Responsable Monotributo;CRESPO, LIONEL CESAR;20182667359;0;Ninguno;Pesos;0;;;;; ;
2423;Categoria 1;Habilitado;Pablo Daniel Soplan;;1141925484;Agustin de VEDIA 2111 -1 21;Capital Federal;Sin especificar;pdsoplano@hotmail.com;Consumidor final;;0;35831393;DNI;Pesos;0;;;;; ;
2424;Categoria 1;Habilitado;Cliente N° 2424;;;;Capital Federal;Sin especificar;;Consumidor final;;0;0;Ninguno;Pesos;0;;;;; ;
2425;Categoria 1;Habilitado;R & MG  SOCIEDAD ANONIMA;;;RECONQUISTA 365 Piso:1 Dpto:A;Ciudad Autónoma De Buenos Aires;CABA;marinavgoico@gmail.com;IVA Responsable Inscripto;R & MG  SOCIEDAD ANONIMA;30689002184;0;Ninguno;Pesos;0;;;;; ;
2426;Sin especificar;Deshabilitado;SAMMARTINO, MATIAS OSCAR;;;;Ciudad Autónoma De Buenos Aires;CABA;;IVA Responsable Inscripto;SAMMARTINO, MATIAS OSCAR;0;0;Ninguno;Pesos;0;;;;; ;
2427;Categoria 1;Habilitado;Juan Pablo Fernandez;;;calle 41-392 entre 2 y 3 .;La plata;Sin especificar;juanpablo-fernandez@hotmail.com;Consumidor final;;0;28366532;DNI;Pesos;0;;;;; ;
2428;Categoria 1;Habilitado;Gustavo Fabio;;;;Sin especificar;Sin especificar;;Consumidor final;;0;0;Ninguno;Pesos;0;;;;; ;
2429;Categoria 1;Habilitado;BTF PRODUCCIONES S.R.L;;;DORREGO AV. 1835 Piso:6 Dpto:3;Ciudad Autónoma De Buenos Aires;CABA;produccion@btfproducciones.com.ar;IVA Responsable Inscripto;BTF PRODUCCIONES S.R.L;30715605623;0;Ninguno;Pesos;0;;;;; ;
2430;Categoria 1;Habilitado;STORAGE DESIGN S.R.L.;;;HERRERA 1621;Ciudad Autónoma De Buenos Aires;CABA;luciano@storedesingn.com.ar;IVA Responsable Inscripto;STORAGE DESIGN S.R.L.;30710150903;0;Ninguno;Pesos;0;;;;; ;
2431;Categoria 1;Habilitado;Mario ahrens;;;;SALADILLO;Buenos Aires;marioahrenspublicidad@gmail.com;Consumidor final;;0;0;Ninguno;Pesos;0;;;;; ;
2432;Categoria 1;Habilitado;ALFREDO DODARO S.R.L;;;INCLAN 3250;Ciudad Autónoma De Buenos Aires;CABA;;IVA Responsable Inscripto;ALFREDO DODARO S.R.L;33716840889;0;Ninguno;Pesos;0;;;;; ;
2433;Categoria 1;Habilitado;GRAFICA LED S.R.L.;;;VALLE GRANDE 812;VICENTE LOPEZ;Buenos Aires;jp@graficaled.com;IVA Responsable Inscripto;GRAFICA LED S.R.L.;30716356678;0;Ninguno;Pesos;0;;;;; ;
2434;Sin especificar;Habilitado;Nicolas espinosa;;;Rocha 935-La Boca;Capital Federal;Sin especificar;;Consumidor final;;30716879344;0;Ninguno;Pesos;0;;;;; ;
2435;Categoria 1;Habilitado;Pablo Oddo;;;Guardia Vieja 4089;Capital Federal;Sin especificar;pablomoddo@gmail.com;Consumidor final;;0;0;Ninguno;Pesos;0;;;;; ;
2436;Categoria 1;Habilitado;Gabriel Andres Estrella;;; Mariano Moreno 1559- Río Cuarto;Cordoba capital;Sin especificar;gabrielestrella@hotmail.com;Consumidor final;;0;32680088;DNI;Pesos;0;;;;; ;
2437;Categoria 1;Habilitado;LA RIOPLATENSE TRANSPORTE Y LOGISTICA;;;ROCHA 935;Ciudad Autónoma De Buenos Aires;CABA;;IVA Responsable Inscripto;LA RIOPLATENSE TRANSPORTE Y LOGISTICA;30716879344;0;Ninguno;Pesos;0;;;;; ;
2438;Categoria 1;Habilitado;PRODUTEK S.R.L.;;;PARANA 586 Piso:9 Dpto:20;Ciudad Autónoma De Buenos Aires;CABA;Produtek@yahoo.com;IVA Responsable Inscripto;PRODUTEK S.R.L.;30714385565;0;Ninguno;Pesos;0;;;;; ;
2439;Categoria 1;Habilitado;Felipe Gonzalez;Juani ;+54 9 11 5923-6288;Velasco 372, 9B;Capital Federal;Sin especificar;Info@iunikgraphics.com;Consumidor final;;0;39560366;DNI;Pesos;0;;;;; ;
2440;Categoria 1;Habilitado;RUDA PRODUCCIONES S.A;;;BONPLAND 1847;Ciudad Autónoma De Buenos Aires;CABA;melisa.kamegawa@gmail.com;IVA Responsable Inscripto;RUDA PRODUCCIONES S.A;30710584296;0;Ninguno;Pesos;0;;;;; ;
2441;Categoria 1;Habilitado;Santiago albiger;;;Gascon 622 - Baradero Pcia Buenos Aires;Sin especificar;Sin especificar;Santiagoalbiger@gmail.com;Consumidor final;;0;44857754;DNI;Pesos;0;;;;; ;
2442;Sin especificar;Habilitado;Cliente N° 2442;;;;Sin especificar;Sin especificar;;Consumidor final;;20247260707;0;Ninguno;Pesos;0;;;;; ;
2443;Categoria 1;Habilitado;TREJO, ESTEBAN DIEGO;esteban trejo;+54 9 2914 14-6630;29 de Mayo N:24;VILLALONGA;Buenos Aires;Severman22@gmail.com;Responsable Monotributo;TREJO, ESTEBAN DIEGO;20247260707;0;Ninguno;Pesos;0;;;;;8512;
2444;Categoria 1;Habilitado;Bukofzer Benjamín;Benjamin Bukofzer;+54 9 11 6167-0892;corrientes 5622;Capital Federal;Sin especificar;benjamin_bukofzer@yahoo.com.ar;Consumidor final;;0;30135650;DNI;Pesos;0;;;;; ;
2445;Categoria 1;Deshabilitado;LUMMA S.R.L;;;;Ciudad Autónoma De Buenos Aires;CABA;;IVA Responsable Inscripto;LUMMA S.R.L;0;0;Ninguno;Pesos;0;;;;; ;
2446;Categoria 1;Habilitado;Valeria Araceli Ricarte;;;Curapaligue 620 - tablada;Capital Federal;Sin especificar;valeriaricarte2402@gmail.com;Consumidor final;;0;28250917;DNI;Pesos;0;;;;; ;
2447;Categoria 1;Habilitado;GUSMI SA;la plata;;;La plata;Sin especificar;;Consumidor final;;3371355709;0;Ninguno;Pesos;0;;;;; ;
2448;Categoria 1;Habilitado;DALESSANDRO, CLAUDIA BEATRIZ;;;7 945;LA PLATA SUDESTE CALLE 50 AMBAS VEREDAS;Buenos Aires;luciamuguerza@sevenelectronics.com.ar;IVA Responsable Inscripto;DALESSANDRO, CLAUDIA BEATRIZ;27184152148;0;Ninguno;Pesos;0;;;;; ;
2449;Categoria 1;Habilitado;Merlano Luciano;;;genova 4163 e /163 y 164 ( berisso);Berisso;Sin especificar;;Consumidor final;;0;30434115;DNI;Pesos;0;;;;; ;
2450;Categoria 1;Habilitado;Cristhian britos;;;Dr jonas salk 2140, pablo podesta, 3 de febrero;Sin especificar;Sin especificar;Cristhian.britos@hotmail.com;Consumidor final;;0;0;Ninguno;Pesos;0;;;;; ;
2451;Sin especificar;Habilitado;grafica ZC;;;;Sin especificar;Sin especificar;;Consumidor final;;0;0;Ninguno;Pesos;0;;;;; ;
2452;Categoria 1;Habilitado;Monica Elfand;;;Boedo 168 -local 19(Galeria boedo );Lomas de Zamora;Sin especificar;anachy_remeras@yahoo.com.ar;Consumidor final;;0;10401475;DNI;Pesos;0;;;;; ;
2453;Categoria 1;Habilitado;Cintya Esther Muñiz Henriquez ;;;Urquiza 260-Choele Choel (Rio negro );Sin especificar;Sin especificar;cintya_mh@yahoo.com.ar;Consumidor final;;0;33943190;DNI;Pesos;0;;;;; ;
2454;Categoria 2;Habilitado;Cliente N° 2454;;;PEDRO CONDE 5654 -Cordoba;Sin especificar;Sin especificar;combustibles@santaalbina.com.ar;Consumidor final;;30707841415;0;Ninguno;Pesos;0;;;;; ;
2455;Categoria 1;Habilitado;SANTA ALBINA S A;;;PEDRO CONDE 5654-Cordoba;FERREYRA;Córdoba;combustibles@santaalbina.com.ar;IVA Responsable Inscripto;SANTA ALBINA S A;30707841415;0;Ninguno;Pesos;0;;;;; ;
2456;Categoria 1;Habilitado;U.T. RIGAR LA ESTRELLA S.A.;;;AV. CIRCUNVALACION 0 Dpto:lot40 M:32;VILLA AZALAIS                 *;Córdoba;mantenimiento@utrigarlaestrellasa.com.ar;IVA Responsable Inscripto;U.T. RIGAR LA ESTRELLA S.A.;30707518525;0;Ninguno;Pesos;0;;;;; ;
2457;Categoria 1;Habilitado;OVERSIGN SA;Daniel Molinari;;RICARDO ROJAS 830;ARRECIFES;Buenos Aires;Daniel.oversign@gmail.com;IVA Responsable Inscripto;OVERSIGN SA;30710584849;0;Ninguno;Pesos;0;;;;; ;
2458;Categoria 1;Habilitado;Jorge Gómez;;;Rivadavia 2370-Garin -escobar;Sin especificar;Sin especificar;jorgejgomez92@hotmail.com;Consumidor final;;0;36665886;DNI;Pesos;0;;;;; ;
2459;Categoria 1;Habilitado;Sebastián Gubia;Sebastian gubia;+54 9 11 5010-6447;527 nro 1174 e/ 6 y 7;TOLOSA;Buenos Aires;gubiaimpresiones@gmail.com;IVA Responsable Inscripto;GUBIA, SEBASTIAN;20237926634;0;Ninguno;Pesos;0;;;;; ;
2460;Categoria 1;Habilitado;TIENDA DEL INSUMO SOCIEDAD DE RESPONSABILIDAD LIMITADA;Sebastian gubia;+54 9 11 5010-6447;527 nro 1174 e/ 6 y 7;LA PLATA NOROESTE CALLE 50;Buenos Aires;gubiaimpresiones@gmail.com;IVA Responsable Inscripto;TIENDA DEL INSUMO SOCIEDAD DE RESPONSABILIDAD LIMITADA;33716956119;0;Ninguno;Pesos;0;;;;; ;
2461;Categoria 1;Habilitado;Vidrieria Flars/ Alberto Anagaray;diego o Alberto anagaray;1123074931/ +54 9 11 6750-7723;DIRECTORIO AV. 4868;Ciudad Autónoma De Buenos Aires;CABA;;IVA Responsable Inscripto;GARAY ROJAS, ANA LUZMILA;27939497396;0;Ninguno;Pesos;0;;;;; ;
2462;Categoria 1;Habilitado;Emanuel San Juan;Emmanuel ;+54 9 2954 57-5550;;SAN JUAN;Sin especificar;;Consumidor final;;0;0;Ninguno;Pesos;0;;;;; ;
2463;Categoria 1;Habilitado;Pedro Crespo;pedro;+54 9 2314 50-1325;;Bolivar;Sin especificar;;Consumidor final;;0;0;Ninguno;Pesos;0;;;;; ;
2464;Categoria 1;Habilitado;Mariela Villegas;Mariela;1134985081;otamendi 261;Caballito;Sin especificar;;Consumidor final;;0;0;Ninguno;Pesos;0;;;;; ;
2465;Categoria 1;Habilitado;STORAGE DESIGN S.R.L.;;;HERRERA 1621;Ciudad Autónoma De Buenos Aires;CABA;luciano@storagedesign.com.ar;IVA Responsable Inscripto;STORAGE DESIGN S.R.L.;30710150903;0;Ninguno;Pesos;0;;;;; ;
2466;Categoria 1;Habilitado;Nicolás Cuadra ;;;;Sin especificar;Sin especificar;cuadranicolas@hotmail.com;Consumidor final;;0;38468665;DNI;Pesos;0;;;;; ;
2467;Categoria 1;Habilitado;VILLEGAS, DARIO MARTIN;;;ALBERDI JUAN B. AV. 773 Piso:2 Dpto:D;Ciudad Autónoma De Buenos Aires;CABA;dariomvillegas88@gmail.com;Responsable Monotributo;VILLEGAS, DARIO MARTIN;20338991992;0;Ninguno;Pesos;0;;;;; ;
2468;Categoria 1;Habilitado;Maria Jose;;; C. Colón 495, Morón.;MORON;Buenos Aires;;Consumidor final;;0;18812828;DNI;Pesos;0;;;;; ;
2469;Categoria 1;Habilitado;Marcelo Sipelka;;;calle 11 entre152 norte y 153 numero 2850;Berisso;Sin especificar;siperkamarcelo@gmail.com;Consumidor final;;0;17375834;DNI;Pesos;0;;;;; ;
2470;Categoria 1;Habilitado;LASSIZUK, MARIANO PABLO;;;DIAZ COLODRERO 2740 Piso:3 Dpto:B;Ciudad Autónoma De Buenos Aires;CABA;estaciongraficacorreo@gmail.com;IVA Responsable Inscripto;LASSIZUK, MARIANO PABLO;20211510758;0;Ninguno;Pesos;0;;;;; ;
2471;Categoria 1;Habilitado;Bologna, Jonathan Nicolas;;;;Sin especificar;Sin especificar;;Consumidor final;;0;34947091;DNI;Pesos;0;;;;; ;
2472;Categoria 1;Habilitado;FIGHT FILMS S.A.;;;CARRANZA ANGEL J. 1950;Ciudad Autónoma De Buenos Aires;CABA;;IVA Responsable Inscripto;FIGHT FILMS S.A.;30710998864;0;Ninguno;Pesos;0;;;;; ;
2473;Categoria 1;Habilitado;Walter paredez;;;Alvear 5871 entre moreno y rivadavia barrio Billinghurts Gral San Martin Bs As...;Sin especificar;Sin especificar;Paredes_664@yahoo.com.ar;Consumidor final;;0;26929848;DNI;Pesos;0;;;;; ;
2474;Categoria 1;Habilitado;Ruben Corsico;;;AV,JUAN B JUSTO 3587 SEGUNDO C;Sin especificar;Sin especificar;ruben.corsico@gmail.com;Consumidor final;;0;28066864;DNI;Pesos;0;;;;; ;
2475;Categoria 1;Habilitado;ZAMBON, MIGUEL DARIO;Miguel;+54 9 3456 40-1619;H. IRIGOYEN 3495;CHAJARI;Entre Ríos;migraficodg@gmail.com;IVA Responsable Inscripto;ZAMBON, MIGUEL DARIO;20351296780;0;Ninguno;Pesos;0;;;;; ;
2476;Categoria 1;Habilitado;FOSCHIATTI, HECTOR DANIEL;Daniel Foschiatti;+54 9 362 490-3431;DARWIN 1327;Ciudad Autónoma De Buenos Aires;CABA;foschiattidg@gmail.com;IVA Responsable Inscripto;FOSCHIATTI, HECTOR DANIEL;20334756220;0;Ninguno;Pesos;0;;;;; ;
2477;Categoria 1;Habilitado;VISUAL CAD SAS;Ariel Taiba;+54 9 11 5136-7097;DE GAINZA M. GRAL. 519;Ciudad Autónoma De Buenos Aires;CABA;ctptaiba@gmail.com;IVA Responsable Inscripto;VISUAL CAD SAS;30715989111;0;Ninguno;Pesos;0;;;;; ;
2478;Categoria 1;Habilitado;PATERNOSTRO, LUIS EMILIO;;;FRANCISCO DE LAS CARRERAS 454;MAR DE AJO;Buenos Aires;;IVA Responsable Inscripto;PATERNOSTRO, LUIS EMILIO;20247769685;0;Ninguno;Pesos;0;;;;; ;
2479;Categoria 1;Habilitado;INC  SOCIEDAD ANONIMA;;;CUYO 3323;MARTINEZ;Buenos Aires;romano@carrefour.com;IVA Responsable Inscripto;INC  SOCIEDAD ANONIMA;30687310434;0;Ninguno;Pesos;0;;;;; ;
2480;Categoria 1;Habilitado;JACARANDA FILMS. S.A.;;;DARWIN 1154 Piso:1 Dpto:E S:A;Ciudad Autónoma De Buenos Aires;CABA;manutbd@gmail.com;IVA Responsable Inscripto;JACARANDA FILMS. S.A.;30709989711;0;Ninguno;Pesos;0;;;;; ;
2481;Categoria 1;Habilitado;Ríos Iván Arturo;;;calle 66, lote 514 , parcela 2, barrio bicentenario 3calle 66, lote 514 , parcela 2, barrio bicentenario 3;RIO GALLEGOS;Santa Cruz;ivansuelo10@gmail.com;Consumidor final;;0;34449791;DNI;Pesos;0;;;;; ;
2482;Categoria 1;Habilitado;VLCHOFF, CARLOS ALBERTO;Charly;+54 9 11 4986-3533;VEGA NICETO CNEL 4616;Ciudad Autónoma De Buenos Aires;CABA;Calamariestudio@gmail.com;IVA Responsable Inscripto;VLCHOFF, CARLOS ALBERTO;20215077498;0;Ninguno;Pesos;0;;;;; ;
2483;Categoria 1;Habilitado;ESTUDIO OAM S.R.L.;;;AVELLANEDA AV. 315 Piso:PB;Ciudad Autónoma De Buenos Aires;CABA;dileo78@gmail.com;IVA Responsable Inscripto;ESTUDIO OAM S.R.L.;30710940696;0;Ninguno;Pesos;0;;;;; ;
2484;Categoria 1;Habilitado;SCARANO, JORGE LUIS;;;BELGRANO 572;MONTE GRANDE;Buenos Aires;jorgescarano@multiserviciospublicitarios.com;IVA Responsable Inscripto;SCARANO, JORGE LUIS;20135966933;0;Ninguno;Pesos;0;;;;; ;
2485;Categoria 1;Habilitado;Gabriel Dresch(Letreros Signal);;;Santa Cruz 2496  José. L. Suarez;Sin especificar;Sin especificar;letrerossignal1@gmail.com;Consumidor final;;0;20404280;DNI;Pesos;0;;;;; ;
2486;Categoria 1;Habilitado;ZONA URBANA PUBLICIDAD S.R.L.;;;TRIESTE 110;UNION FERROVIARIA;Buenos Aires;lseidem@zonaurbanapublicidad.com.ar;IVA Responsable Inscripto;ZONA URBANA PUBLICIDAD S.R.L.;30716545330;0;Ninguno;Pesos;0;;;;; ;
2487;Categoria 1;Habilitado;Daiana jaquelin abraham;2804695292;;gobernador costa 791 zona de chacras;Sin especificar;Sin especificar;Turkyta97@gmail.com;Consumidor final;;0;40207519;DNI;Pesos;0;;;;; ;
2488;Categoria 1;Habilitado;Manuel azorin;;;marimon 245 dpto 2  zarate bs as;Zarate;Sin especificar;Azorinmanuelsmanu@gmail.com;Consumidor final;;0;34330175;DNI;Pesos;0;;;;; ;
2489;Categoria 1;Habilitado;HERRERA, MAXIMILIANO JESUS;;;ROOSEVELT FRANKLIN D. 3036;Ciudad Autónoma De Buenos Aires;CABA;;IVA Responsable Inscripto;HERRERA, MAXIMILIANO JESUS;20277100585;0;Ninguno;Pesos;0;;;;; ;
2490;Categoria 1;Habilitado;LASAGNA, MAXIMILIANO;Maximiliano;+54 9 2215 58-8310;421 bis #540 entre 6 bis y Camino Centenario;La plata;Sin especificar;Estudioexis@gmail.com;Responsable Monotributo;LASAGNA, MAXIMILIANO;23233532479;0;Ninguno;Pesos;0;;;;; ;
2491;Categoria 1;Habilitado;MINISTERIO DE CULTURA;;;ALVEAR AV. 1690 Piso:01;Ciudad Autónoma De Buenos Aires;CABA;maite.larumbe@gmail.com;IVA Sujeto Exento;MINISTERIO DE CULTURA;30687276511;0;Ninguno;Pesos;0;;;;; ;
2492;Categoria 1;Habilitado;Jose Cancinos;;;Andrade 1245 barrio José Hernández pergamino provincia de buenos Aires;Sin especificar;Sin especificar;joe_roca5@hotmail.com;Consumidor final;;0;28895101;DNI;Pesos;0;;;;; ;
2493;Categoria 1;Habilitado;JAVIER MARTÍNEZ;;;URUNDAY 3529-ELDORADO MISIONES  CP 3380;Sin especificar;Sin especificar;javimartinez07g@gmail.com;Consumidor final;;0;29534638;DNI;Pesos;0;;;;; ;
2494;Categoria 1;Habilitado;ARTES GRAFICAS PAPIROS SOCIEDAD ANONIMA COMERCIAL INDUSTRIAL;;;GALLEGOS 3598;Ciudad Autónoma De Buenos Aires;CABA;Produccion@papiros-sa.com.ar;IVA Responsable Inscripto;ARTES GRAFICAS PAPIROS SOCIEDAD ANONIMA COMERCIAL INDUSTRIAL;30547851400;0;Ninguno;Pesos;0;;;;; ;
2495;Categoria 1;Habilitado;Diego (w.r Wrapping;Diego;+54 9 11 6438-8889;Barrio Rivadavia 2 Edificio 27 Planta Baja D;Capital Federal;Sin especificar;ovandodiego9@gmail.com;Consumidor final;;0;40654197;DNI;Pesos;0;;;;; ;
2496;Categoria 1;Habilitado;Sebastian Lemos;;;Hidalgo 1564-Cortina negra metálica, siempre está baja la cortina,   golpear cortina.;Sin especificar;Sin especificar;graficavortize@gmail.com;Consumidor final;;0;33309337;DNI;Pesos;0;;;;; ;
2497;Categoria 1;Habilitado;MINISTERIO DE TRANSPORTE;;;YRIGOYEN HIPOLITO 250 Piso:12;Ciudad Autónoma De Buenos Aires;CABA;gborda@transporte.gob.ar;IVA Sujeto Exento;MINISTERIO DE TRANSPORTE;30715127209;0;Ninguno;Pesos;0;;;;; ;
2498;Categoria 1;Habilitado;Martina Mendiguren;;;Cerviño 3240 9A, Buenos Aires, CABA 1425;Buenos Aires;Sin especificar;martinamendiguren@hotmail.com;Consumidor final;;0;0;Ninguno;Pesos;0;;;;; ;
2499;Categoria 1;Habilitado;Vero Santalla ;;;García del Río 3049 2C ;Sin especificar;Sin especificar;;Consumidor final;;0;23327981;DNI;Pesos;0;;;;; ;
2500;Categoria 1;Habilitado;Maxi hergenreder;;;Dirección: Av. Constituyentes 5251 (3 C);Capital Federal;Sin especificar;Gabriel.hergenreder@gmail.com;Consumidor final;;0;34513910;DNI;Pesos;0;;;;; ;
2501;Categoria 1;Habilitado;Miguel Monzon;;; Sarmiento 820, microcentro es un local, preguntan por Miguel estoy de 9 a 17hs;Sin especificar;Sin especificar;monzonmiguelalejandro@gmail.com;Consumidor final;;0;33720695;DNI;Pesos;0;;;;; ;
2502;Categoria 1;Habilitado;AFAKOT SA;;;HUMBOLDT 1477;Ciudad Autónoma De Buenos Aires;CABA;;IVA Responsable Inscripto;AFAKOT SA;30709166715;0;Ninguno;Pesos;0;;;;; ;
2503;Categoria 1;Deshabilitado;ALFIE, NATALIA ERICA;Natalia;+54 9 11 5880-6897;VARELA JOSE PEDRO 5076 Piso:PB Dpto:C;Ciudad Autónoma De Buenos Aires;CABA;;IVA Responsable Inscripto;ALFIE, NATALIA ERICA;27264730975;0;Ninguno;Pesos;0;;;;; ;
2504;Categoria 1;Habilitado;Gaston Babilonea;;; bogota 2091 - Flores;Sin especificar;Sin especificar;Estamperiababilonia@gmail.com;Consumidor final;;0;29304995;DNI;Pesos;0;;;;; ;
2505;Categoria 1;Habilitado;Gabriela GOLDSCHEIDT;;;José Leon Suárez 1730;Sin especificar;Sin especificar;Mgabrielagol@gmail.com;Consumidor final;;0;31937369;DNI;Pesos;0;;;;; ;
2506;Categoria 1;Habilitado;FIGUEROA, MARIA JOSE;;;alberdi 2779 San Antonio de padua;SAN ANTONIO DE PADUA;Buenos Aires;;IVA Responsable Inscripto;FIGUEROA, MARIA JOSE;27211075118;0;Ninguno;Pesos;0;;;;; ;
2507;Categoria 1;Habilitado;Leandro Mansilla ;;; General Paz 60;SAN ANTONIO DE ARECO;Buenos Aires;Leyfepublicidad@hotmail.com;Consumidor final;;0;24062073;DNI;Pesos;0;;;;; ;
2508;Categoria 1;Habilitado;javier abad;;;superi 3046;Capital Federal;Sin especificar;;Consumidor final;;0;25386325;DNI;Pesos;0;;;;; ;
2509;Sin especificar;Deshabilitado;BIANCHINI, ANGEL MATIAS;;;;CHAJARI;Entre Ríos;;Responsable Monotributo;BIANCHINI, ANGEL MATIAS;0;0;Ninguno;Pesos;0;;;;; ;
2510;Categoria 1;Habilitado;BACCI, ALEJANDRO;;;MARCHI MARIA C. 257;Ciudad Autónoma De Buenos Aires;CABA;Bacci@fibertel.com.ar;IVA Responsable Inscripto;BACCI, ALEJANDRO;20127074640;0;Ninguno;Pesos;0;;;;; ;
2511;Categoria 1;Habilitado;CAPITAL INTELECTUAL S A;;;PARAGUAY 1535;Ciudad Autónoma De Buenos Aires;CABA;antonela.fucenecco@gmail.com;IVA Responsable Inscripto;CAPITAL INTELECTUAL S A;30691027437;0;Ninguno;Pesos;0;;;;; ;
2512;Categoria 1;Habilitado;ORUGA FILMS SA;;;GUEVARA 256;Ciudad Autónoma De Buenos Aires;CABA;campoamor.ro@gmail.com;IVA Responsable Inscripto;ORUGA FILMS SA;30701934195;0;Ninguno;Pesos;0;;;;; ;
2513;Categoria 1;Habilitado;ANTONIO CORTES S.R.L.;;;INCLAN 4283;Ciudad Autónoma De Buenos Aires;CABA;Jcortes@live.com.ar;IVA Responsable Inscripto;ANTONIO CORTES S.R.L.;30711656002;0;Ninguno;Pesos;0;;;;; ;
2514;Categoria 1;Habilitado;PACHECO, SUSANA GLADYS;;;19 DE MARZO 380;ZARATE;Buenos Aires;cotilloncenterparty@gmail;IVA Responsable Inscripto;PACHECO, SUSANA GLADYS;27148493192;0;Ninguno;Pesos;0;;;;; ;
2515;Categoria 1;Habilitado;VALYRIA SRL;;;JUFRE 558;Ciudad Autónoma De Buenos Aires;CABA;hernanbianchikelly@gmail.com;IVA Responsable Inscripto;VALYRIA SRL;30715699865;0;Ninguno;Pesos;0;;;;; ;
2516;Categoria 1;Habilitado;Sebastian Semmartin;;;;Sin especificar;Sin especificar;;Consumidor final;;0;24484882;DNI;Pesos;0;;;;; ;
2517;Categoria 1;Habilitado;Monica Andrea Gonzalez rojas;;;;Sin especificar;Sin especificar;monigr@outlook.com;Consumidor final;;0;32310593;DNI;Pesos;0;;;;; ;
2518;Categoria 1;Habilitado;SALITRADA SWIMWEAR S.R.L.;;;OLAVARRIA 2819  Dpto:L 1;MAR DEL PLATA SUR;Buenos Aires;;IVA Responsable Inscripto;SALITRADA SWIMWEAR S.R.L.;30717084191;0;Ninguno;Pesos;0;;;;; ;
2519;Categoria 1;Habilitado;Mariana torretta ;;;4 n 1270 entre 20 y 21 pasillo timbre metalico;La plata;Sin especificar;estudiograficoalma@gmail.com;Consumidor final;;0;27023683;DNI;Pesos;0;;;;; ;
2520;Categoria 1;Deshabilitado;FAZ, ARIEL FRANCO;Aini;+54 9 3413 08-7407;SAN JUAN 1702;ROSARIO NORTE;Santa Fe;Aini96@hotmail.com;IVA Responsable Inscripto;FAZ, ARIEL FRANCO;23372088249;0;Ninguno;Pesos;0;;;;;2000;
2521;Categoria 1;Habilitado;COLMAN, CRISTIAN HERNAN;;;AV. 9 de julio 1280;FORMOSA;Formosa;vvg0888@gmail.com;Responsable Monotributo;COLMAN, CRISTIAN HERNAN;20313607950;0;Ninguno;Pesos;0;;;;; ;
2522;Categoria 1;Habilitado;STREAMINGBUENOSAIRES 360 S. R. L.;;;GUEMES 3058 Piso:1 Dpto:A;MAR DEL PLATA SUR;Buenos Aires;kamel.queti@gmail.com;IVA Responsable Inscripto;STREAMINGBUENOSAIRES 360 S. R. L.;30717336123;0;Ninguno;Pesos;0;;;;; ;
2523;Categoria 1;Habilitado;Gabriel Fernandez;;;Lavarden 97-Parque patricio;Capital Federal;Sin especificar;;Consumidor final;;0;0;Ninguno;Pesos;0;;;;; ;
2524;Categoria 1;Deshabilitado;BUILDING IDEAS S.R.L.;;;PAYSANDU 2330 Piso:PB;Sin especificar;Sin especificar;;Consumidor final;;0;0;Ninguno;Pesos;0;;;;; ;
2525;Categoria 1;Habilitado;ROSSOMANDO, ARNALDO;;;GALLARDO ANGEL AV. 98 Piso:3 Dpto:B;Ciudad Autónoma De Buenos Aires;CABA;;Responsable Monotributo;ROSSOMANDO, ARNALDO;20306115783;0;Ninguno;Pesos;0;;;;; ;
2526;Categoria 1;Habilitado;BLANCO, OSCAR GASTON;;;LLERENA 2920;Ciudad Autónoma De Buenos Aires;CABA;;Responsable Monotributo;BLANCO, OSCAR GASTON;20317272775;0;Ninguno;Pesos;0;;;;; ;
2527;Categoria 1;Habilitado;Cristian carteles mayer;Cristian mayer carteles;+54 9 11 2241-9601;balbastro 1200 parque chacabuco;Sin especificar;Sin especificar;Acrilicosmayer@gmail.com;Consumidor final;;0;22278806;DNI;Pesos;0;;;;; ;
2528;Categoria 1;Habilitado;Nicolas Caruzzo;;;dirección Humberto primo 2768;Sin especificar;Sin especificar;;Consumidor final;;0;28169377;DNI;Pesos;0;;;;; ;
2529;Categoria 1;Habilitado;JUAN MANUEL OSSÉS;Juan Manuel;02966 1535209;AVELLANEDA 588;RIO GALLEGOS;Santa Cruz;Spotploter@gmail.com;Consumidor final;;0;24067733;DNI;Pesos;0;;;;; ;
2530;Categoria 1;Habilitado;A4 EVOLUCION GRAFICA SOCIEDAD POR ACCIONES SIMPLIFICADA;;;SAN MARTIN 440  local :2;SAN CARLOS DE BARILOCHE;Río Negro;;IVA Responsable Inscripto;A4 EVOLUCION GRAFICA SOCIEDAD POR ACCIONES SIMPLIFICADA;30717152839;0;Ninguno;Pesos;0;;;;; ;
2531;Categoria 1;Habilitado;Molvert maria;;;Lisandro de la torre 717 tandil;Sin especificar;Sin especificar;Calcos717@gmail.com;Consumidor final;;0;28010197;DNI;Pesos;0;;;;; ;
2532;Categoria 1;Habilitado;brian travin;;;felipe vallese 2695 (porton gris);Sin especificar;Sin especificar;bajobrian@gmail.com;Consumidor final;;0;31877357;DNI;Pesos;0;;;;; ;
2533;Categoria 1;Habilitado;Milagros Rocío lezcano;;;Urquiza 913-Soy de tres arroyos;Sin especificar;Sin especificar;;Consumidor final;;0;40190498;DNI;Pesos;0;;;;; ;
2534;Categoria 1;Habilitado;HUINCA CINE S.A.;;;HUMBOLDT 1550 Piso:4 Dpto:409;Ciudad Autónoma De Buenos Aires;CABA;;IVA Responsable Inscripto;HUINCA CINE S.A.;30708520930;0;Ninguno;Pesos;0;;;;; ;
2535;Categoria 1;Habilitado;CARRY BIT S.R.L.;;;ARGERICH 5759;Ciudad Autónoma De Buenos Aires;CABA;;IVA Responsable Inscripto;CARRY BIT S.R.L.;30714799971;0;Ninguno;Pesos;0;;;;; ;
2536;Categoria 1;Habilitado;Lorena Coviella ;Lorena Covelia;+54 9 11 5754-0307;Av Francisco Beiro 3657 - 1D (timbre 104 campanita);Villa Devoto;Sin especificar;;Consumidor final;;0;26643154;DNI;Pesos;0;;;;; ;
2537;Categoria 1;Habilitado;BERTINI, GABRIEL OSCAR;;;MONROE 4610;Ciudad Autónoma De Buenos Aires;CABA;;IVA Responsable Inscripto;BERTINI, GABRIEL OSCAR;20181426323;0;Ninguno;Pesos;0;;;;; ;
2538;Categoria 1;Habilitado;PLAKATE S.R.L.;Matias Pereiro;+54 9 11 3826-8489;CORRIENTES AV. 745 Piso:7 Dpto:73;Ciudad Autónoma De Buenos Aires;CABA;;IVA Responsable Inscripto;PLAKATE S.R.L.;30716732777;0;Ninguno;Pesos;0;;;;; ;
2539;Categoria 1;Habilitado;Rebeca Soreira;;;Martín fierro 290 3142 código postal Bovril Entre Ríos;Sin especificar;Sin especificar;Soreirarebe25@gmail.com;Consumidor final;;0;43029553;DNI;Pesos;0;;;;; ;
2540;Categoria 1;Habilitado;Silvana Pirani;;;;Sin especificar;Sin especificar;;Consumidor final;;0;26852716;DNI;Pesos;0;;;;; ;
2541;Categoria 1;Habilitado;impresiones GD;Alejandro;+54 9 11 2389-5746;;Ciudad Autónoma De Buenos Aires;CABA;;Consumidor final;;0;33403234;DNI;Pesos;0;;;;; ;
2542;Categoria 1;Habilitado;Favio Martinez;;; Rojas 313 Bahia blanca;Sin especificar;Sin especificar;;Consumidor final;;0;16521396;DNI;Pesos;0;;;;; ;
2543;Categoria 1;Habilitado;48M2  S.A.;;;URIARTE 1356;Ciudad Autónoma De Buenos Aires;CABA;;IVA Responsable Inscripto;48M2  S.A.;30709596590;0;Ninguno;Pesos;0;;;;; ;
2544;Categoria 1;Habilitado;MAGSYS S R L;matias pereiro;+54 9 11 3826-8489;Cnel. Mariano Echenagucia 1264,Burzaco;Buenos Aires;Sin especificar;;IVA Responsable Inscripto;MAGSYS S R L;30687207978;0;Ninguno;Pesos;0;;;;; ;
2545;Categoria 1;Habilitado;PELAEZ, FABRICIO FERNANDO;;;UQUIA 83( Provinica de Jujuy);PERICO;Jujuy;;Responsable Monotributo;PELAEZ, FABRICIO FERNANDO;20350227661;0;Ninguno;Pesos;0;;;;; ;
2546;Categoria 1;Habilitado;GONZALEZ DEL RIO-PEÑA S.R.L.;Emidio Sorsaia;+54 9 11 5386-8618;TREINTA Y TRES ORIENTALES 77;Capital Federal;Sin especificar;;IVA Responsable Inscripto;GONZALEZ DEL RIO-PEÑA S.R.L.;30710435096;0;Ninguno;Pesos;0;;;;; ;
2548;Categoria 1;Habilitado;LABHOUSE S.A.;;;CARRANZA ANGEL J. 1854;Ciudad Autónoma De Buenos Aires;CABA;;IVA Responsable Inscripto;LABHOUSE S.A.;30711994161;0;Ninguno;Pesos;0;;;;; ;
2549;Categoria 1;Deshabilitado;LABHOUSE S.A.;;;CARRANZA ANGEL J. 1854;Ciudad Autónoma De Buenos Aires;CABA;;IVA Responsable Inscripto;LABHOUSE S.A.;30711994161;0;Ninguno;Pesos;0;;;;; ;
2550;Categoria 1;Habilitado;KOSACOFF, TAMARA;;;LIBERTADOR DEL AV. 3576 Piso:1 Dpto:A;Ciudad Autónoma De Buenos Aires;CABA;;IVA Responsable Inscripto;KOSACOFF, TAMARA;27243140493;0;Ninguno;Pesos;0;;;;; ;
2551;Categoria 1;Deshabilitado;VISIONE PUBLICIDAD S.R.L.;;;;Ciudad Autónoma De Buenos Aires;CABA;;IVA Responsable Inscripto;VISIONE PUBLICIDAD S.R.L.;0;0;Ninguno;Pesos;0;;;;; ;
2552;Categoria 1;Habilitado;OTRAONDA S.R.L.;;;UGARTECHE 3349 Piso:PB Dpto:2;Ciudad Autónoma De Buenos Aires;CABA;;IVA Responsable Inscripto;OTRAONDA S.R.L.;30714829935;0;Ninguno;Pesos;0;;;;; ;
2553;Categoria 1;Habilitado;Marcelo Giolitti;;;Calle 150 nº 1661 e / 411 y 412 ;Sin especificar;Sin especificar;carteleriacentenario@gmail.com;Consumidor final;;0;24924536;DNI;Pesos;0;;;;; ;
2554;Categoria 1;Habilitado;Fernando Oguiza;;;10 e 54 y 55 bro 1060 1/2 (La plata);Sin especificar;Sin especificar;;Consumidor final;;0;22971529;DNI;Pesos;0;;;;; ;
2555;Categoria 1;Habilitado;SUAREZ ANZORENA, ALEJANDRO DANIEL;Alejandro grafica directa;+54 9 11 6373-8853;DE GAINZA M. GRAL. 727;Ciudad Autónoma De Buenos Aires;CABA;;IVA Responsable Inscripto;SUAREZ ANZORENA, ALEJANDRO DANIEL;20291188894;0;Ninguno;Pesos;0;;;;; ;
2556;Categoria 1;Habilitado;DEVOTO, FEDERICO HORACIO;;;AV SOAREZ 27 Piso:1 Dpto:a;CHIVILCOY;Buenos Aires;;IVA Responsable Inscripto;DEVOTO, FEDERICO HORACIO;23292355319;0;Ninguno;Pesos;0;;;;; ;
2557;Categoria 1;Habilitado;LOPEZ, EDUARDO ENRIQUE;;;Italia 475;PELLEGRINI;Buenos Aires;edicioneslalo@hotmail.com;Responsable Monotributo;LOPEZ, EDUARDO ENRIQUE;20323077925;0;Ninguno;Pesos;0;;;;; ;
2558;Categoria 1;Habilitado;CORDERO PLOTTER S.A.;Damian;+54 9 11 6735-4896;PATRON 7213;Ciudad Autónoma De Buenos Aires;CABA;;IVA Responsable Inscripto;CORDERO PLOTTER S.A.;30717267814;0;Ninguno;Pesos;0;;<p>direccion de entrega: Av. Olivera 949 Parque Avellaneda CABA<br></p>;;; ;
2559;Categoria 1;Habilitado;DIRECCION NACIONAL DEL SERVICIO PENITENCIARIO FEDERAL;;;PASO JUAN JOSE DR. 550;Ciudad Autónoma De Buenos Aires;CABA;;IVA Sujeto Exento;DIRECCION NACIONAL DEL SERVICIO PENITENCIARIO FEDERAL;30546671549;0;Ninguno;Pesos;0;;;;; ;
2561;Categoria 1;Habilitado;V FILMS S.R.L.;;;BONPLAND 1622;Ciudad Autónoma De Buenos Aires;CABA;;IVA Responsable Inscripto;V FILMS S.R.L.;30717190757;0;Ninguno;Pesos;0;;;;; ;
2562;Categoria 1;Habilitado;ARROYO, GUIDO;Roman/Guido;+54 9 11 5009-4410 Roman;LAMARCA EMILIO 3480;Ciudad Autónoma De Buenos Aires;CABA;;IVA Responsable Inscripto;ARROYO, GUIDO;20261169178;0;Ninguno;Pesos;0;;;;; ;
2563;Categoria 1;Habilitado;EL DESPACHO S. R. L.;;;LAMBARE 896;Ciudad Autónoma De Buenos Aires;CABA;;IVA Responsable Inscripto;EL DESPACHO S. R. L.;30716411423;0;Ninguno;Pesos;0;;;;; ;
2564;Categoria 1;Habilitado;GRAFICA ACCIN P.A. S. R. L.;;;VIAMONTE 2750;LANUS OESTE;Buenos Aires;;IVA Responsable Inscripto;GRAFICA ACCIN P.A. S. R. L.;30717579646;0;Ninguno;Pesos;0;;;;; ;
2565;Categoria 1;Habilitado;BOMBA S.R.L.;;;NICARAGUA 4927  Dpto:10;Ciudad Autónoma De Buenos Aires;CABA;;IVA Responsable Inscripto;BOMBA S.R.L.;30714731390;0;Ninguno;Pesos;0;;;;; ;
2566;Categoria 1;Habilitado;LOMBARDO, LEONARDO LUIS;leo digito A;+54 9 11 6232-1875;ARTIGAS JOSE G. 2848 Piso:6 Dpto:A;Ciudad Autónoma De Buenos Aires;CABA;;IVA Responsable Inscripto;LOMBARDO, LEONARDO LUIS;20314071930;0;Ninguno;Pesos;0;;;;; ;
2567;Categoria 1;Habilitado;Natalia Martínez Muñoz;;;LOBOS (7240);LOBOS;Sin especificar;;Consumidor final;;0;31814618;DNI;Pesos;0;;;;; ;
2568;Categoria 1;Habilitado;INTERPRINTS S A;;;RIVADAVIA AV. 4511;Ciudad Autónoma De Buenos Aires;CABA;;IVA Responsable Inscripto;INTERPRINTS S A;33680087909;0;Ninguno;Pesos;0;;;;; ;
2569;Categoria 1;Habilitado;Zorhilcha Lezama;;;Ángel Gallardo 579, piso 8, depto 25;Sin especificar;Sin especificar;;Consumidor final;;0;95925572;DNI;Pesos;0;;;;; ;
2570;Categoria 1;Habilitado;Ezequiel Rey;;;Stegagnini 573;Mar del plata;Sin especificar;;Consumidor final;;0;32907184;DNI;Pesos;0;;;;; ;
2571;Categoria 1;Deshabilitado;CORINTHIAN ARGENTINA S.R.L.;;;TRELLES MANUEL R. 2474;Ciudad Autónoma De Buenos Aires;CABA;;IVA Responsable Inscripto;CORINTHIAN ARGENTINA S.R.L.;30710510993;0;Ninguno;Pesos;0;;;;; ;
2572;Categoria 1;Habilitado;ROLON SCALFARO, PABLO RODRIGO;;;ALVARADO 2975;JOSE CLEMENTE PAZ;Buenos Aires;;IVA Responsable Inscripto;ROLON SCALFARO, PABLO RODRIGO;20322527919;0;Ninguno;Pesos;0;;;;; ;
2573;Categoria 1;Habilitado;RIVERO, CRISTIAN LEONEL;;;476 E 155 Y 158 6109;CITY BELL;Buenos Aires;crgraficalp@gmail.com;IVA Responsable Inscripto;RIVERO, CRISTIAN LEONEL;20228703010;0;Ninguno;Pesos;0;;;;; ;
2574;Categoria 1;Habilitado;VARELA, DIEGO DANIEL;;;ESTADOS UNIDOS 342;Ciudad Autónoma De Buenos Aires;CABA;;IVA Responsable Inscripto;VARELA, DIEGO DANIEL;20261336821;0;Ninguno;Pesos;0;;;;; ;
2575;Categoria 1;Habilitado;ASOCIACION MUTUAL ISRAELITA ARGENTINA;Miriam;+54 9 11 4404-6377;PASTEUR 633;Ciudad Autónoma De Buenos Aires;CABA;;IVA Sujeto Exento;ASOCIACION MUTUAL ISRAELITA ARGENTINA;30525661187;0;Ninguno;Pesos;0;;;;; ;
2576;Categoria 1;Habilitado;PRINTERLANDIA S.R.L.;;;PUNTA ARENAS 2087;Ciudad Autónoma De Buenos Aires;CABA;;IVA Responsable Inscripto;PRINTERLANDIA S.R.L.;30714288985;0;Ninguno;Pesos;0;;;;; ;
2577;Categoria 1;Habilitado;URIBE, NOELIA YASMIN;;;AMERICO ARDILES 241;COMODORO RIVADAVIA;Chubut;;Responsable Monotributo;URIBE, NOELIA YASMIN;27334666781;0;Ninguno;Pesos;0;;;;; ;
2579;Categoria 1;Habilitado;Fernandez Cristian Javier ;Cristian;+54 9 3777 30-5544;envio a localidad -Santa Lucía .CP:3445;Corrientes;Sin especificar;;Consumidor final;;0;37886469;DNI;Pesos;0;;;;;3445;
2580;Categoria 1;Habilitado;Carina Navarian;Carina;+54 9 11 4036-1972;av cramer 2081;Capital Federal;Sin especificar;;Consumidor final;;0;0;Ninguno;Pesos;0;;;;; ;
2581;Categoria 1;Habilitado;Nayra Insua;+54 9 11 3756-4964;+54 9 11 3756-4964;;Sin especificar;Sin especificar;;Consumidor final;;0;0;Ninguno;Pesos;0;;;;; ;
2582;Categoria 1;Habilitado;OH MY GOMEZ S.A.;Nayra insua;+54 9 11 3756-4964;CORDOBA AV. 6325;Ciudad Autónoma De Buenos Aires;CABA;;IVA Responsable Inscripto;OH MY GOMEZ S.A.;30711230099;0;Ninguno;Pesos;0;;;;; ;
2583;Categoria 1;Habilitado;Thierer Deborah;Deborah;+54 9 11 5848-2880;PAsteur y Sarmiento;Ciudad Autónoma De Buenos Aires;CABA;info@clba.com.ar;IVA Responsable Inscripto;THIERER, DEBORAH ANALIA;27245877604;0;Ninguno;Pesos;0;;;;; ;
2584;Categoria 1;Habilitado;LOUSTALET DAMIAN LUCIANO,;damian (yesi rodi);+54 9 3489 33-4802;J MARMOL 1074;CAMPANA;Buenos Aires;;IVA Responsable Inscripto;LOUSTALET DAMIAN LUCIANO,;20319129805;0;Ninguno;Pesos;0;;;;; ;
2585;Categoria 1;Habilitado;ACUNAR SRL;;;SEGUI F J ALMTE. 1827;Ciudad Autónoma De Buenos Aires;CABA;;IVA Responsable Inscripto;ACUNAR SRL;30711957908;0;Ninguno;Pesos;0;;;;; ;
2586;Categoria 1;Habilitado;ALLER ATUCHA SRL;;;BILBAO FRANCISCO 6051;Ciudad Autónoma De Buenos Aires;CABA;mariano@atucha.net;IVA Responsable Inscripto;ALLER ATUCHA SRL;30687798364;0;Ninguno;Pesos;0;;;;; ;
2587;Categoria 1;Habilitado;BALCARCE, FRANCO DANIEL;Franco Balcarce;+54 9 2214 08-2222;Diagonal 73 número 2340;La plata;Sin especificar;;IVA Responsable Inscripto;BALCARCE, FRANCO DANIEL;23260510479;0;Ninguno;Pesos;0;;;;; ;
2588;Categoria 1;Habilitado;Hernan Ramirez ;;;;Caballito;Sin especificar;;Consumidor final;;0;0;Ninguno;Pesos;0;;;<p>a Hernan le pase precio del m2 del 3641 en dólares tomando el oficial bna ($1082 + iva m2 a dos oficial 194,50 dia 02/02/23 usd 5,60 + iva m2)<span><br></span></p><p>Hice el precio en $ de insugraf x m2 de su lista dividido el doblare oficial. Entonces tome ese precio + un 30% arriba para pasarle precio para Hernán</p>;; ;
2589;Categoria 1;Habilitado;OCAMPO, GRACIANO IGNACIO;;;SAN MARTIN 40;CASBAS;Buenos Aires;;IVA Responsable Inscripto;OCAMPO, GRACIANO IGNACIO;20075959444;0;Ninguno;Pesos;0;;;;; ;
2590;Categoria 1;Habilitado;Alejandro Lodeiro;Alejandro;1157378515;Av Libertador 5478 piso 1;Ciudad Autónoma De Buenos Aires;CABA;;Consumidor final;;0;0;Ninguno;Pesos;0;;;;; ;
2591;Categoria 1;Habilitado;TRESPLANOS CINE S.A.;;;MIGUELETES 983 Piso:PB Dpto:3;Ciudad Autónoma De Buenos Aires;CABA;;IVA Responsable Inscripto;TRESPLANOS CINE S.A.;30709512818;0;Ninguno;Pesos;0;;;;; ;
2592;Categoria 1;Habilitado;TARANTINO, DIEGO NICOLAS;Nicolas;+54 9 2215 92-8080;calle 3 N°734 e/ 46y47;LA PLATA NOROESTE CALLE 50;Buenos Aires;;IVA Responsable Inscripto;TARANTINO, DIEGO NICOLAS;20266016833;0;Ninguno;Pesos;0;;;;; ;
2594;Categoria 1;Habilitado;VIDAN, HUGO HERNAN;;;CHILAVERT M. CNEL. 1102 Piso:PB;Ciudad Autónoma De Buenos Aires;CABA;;IVA Responsable Inscripto;VIDAN, HUGO HERNAN;23236056619;0;Ninguno;Pesos;0;;;;; ;
2596;Categoria 1;Habilitado;UNIVERSIDAD NACIONAL DE LA PLATA;Pablo tesone;+54 9 2215 40-1993;7 776;LA PLATA NOROESTE CALLE 50;Buenos Aires;;IVA Sujeto Exento;UNIVERSIDAD NACIONAL DE LA PLATA;30546666707;0;Ninguno;Pesos;0;;;;; ;
2598;Sin especificar;Habilitado;Alejo unzalo;;2346656079;;CHIVILCOY;Buenos Aires;;Consumidor final;;0;0;Ninguno;Pesos;0;;;;; ;
2599;Categoria 1;Habilitado;Nicolas Rojo;Nico rojo plotter carnes;+54 9 11 6449-3787;Warnes 1437;Ciudad Autónoma De Buenos Aires;CABA;;Consumidor final;;0;27930221;DNI;Pesos;0;;;;; ;
2600;Categoria 1;Habilitado;Matias Graziano;Matias;1141451441;Humberto primo 3054 ;Lanus Oeste;Sin especificar;;Consumidor final;;0;0;Ninguno;Pesos;0;;;;; ;
2601;Categoria 1;Habilitado;FLECHA LOG S.A.;Ricardo Duarte;+54 9 3442 48-6075;HONDURAS 5550 Piso:5 Dpto:510;Ciudad Autónoma De Buenos Aires;CABA;nespinoza@flechalog.com;IVA Responsable Inscripto;FLECHA LOG S.A.;30711755256;0;Ninguno;Pesos;0;;;;; ;
2602;Categoria 1;Habilitado;RUTTEANDO IDEAS SRL;Martin Guarna;+54 9 11 5346-1212;ORO&#209 O NICASIO 1440;Ciudad Autónoma De Buenos Aires;CABA;;IVA Responsable Inscripto;RUTTEANDO IDEAS SRL;30717799816;0;Ninguno;Pesos;0;;;;; ;
2603;Categoria 1;Habilitado;GONZALEZ DEL RIO-PEÑA S.R.L.;Emilio sorsaida;+54 9 11 5386-8618;TREINTA Y TRES ORIENTALES 77;Ciudad Autónoma De Buenos Aires;CABA;;Consumidor final;;30710435096;0;Ninguno;Pesos;0;;;;; ;
2604;Categoria 1;Habilitado;SERGIO, ADRIANA;Matias grandes impresos;+54 9 11 4412-6493;ARENAL CONCEPCION 4481;Ciudad Autónoma De Buenos Aires;CABA;;IVA Responsable Inscripto;SERGIO, ADRIANA;27324718449;0;Ninguno;Pesos;0;;;;; ;
2605;Categoria 1;Habilitado;RABELLINO, MAURO;;;NOGOYA 3399 Piso:1 Dpto:C;Ciudad Autónoma De Buenos Aires;CABA;;IVA Responsable Inscripto;RABELLINO, MAURO;23266205589;0;Ninguno;Pesos;0;;;;; ;
2606;Categoria 1;Habilitado;PATAGONIK FILM GROUP S A;Sofia;54 9 11 3873-0894;SCALABRINI ORTIZ AV. 764;Ciudad Autónoma De Buenos Aires;CABA;;IVA Responsable Inscripto;PATAGONIK FILM GROUP S A;30682496165;0;Ninguno;Pesos;0;;;;; ;
2607;Categoria 1;Habilitado;BLEAR INTERNATIONAL S A;Facundo;+54 9 11 3503-6044;SAN MARTIN AV 1400;VILLA LYNCH;Buenos Aires;;IVA Responsable Inscripto;BLEAR INTERNATIONAL S A;30694569257;0;Ninguno;Pesos;0;;;;; ;
2608;Categoria 1;Habilitado;OSORIO, PABLO GUILLERMO;;;NOGOYA 3634;Ciudad Autónoma De Buenos Aires;CABA;;IVA Responsable Inscripto;OSORIO, PABLO GUILLERMO;24295704841;0;Ninguno;Pesos;0;;;;; ;
2609;Categoria 1;Habilitado;Carla BIURRA;;; 514 entre 144 y 145(Sobre mano izquierda S/N casa de columnas rojas);Sin especificar;Sin especificar;;Consumidor final;;0;29109380;DNI;Pesos;0;;;;; ;
2610;Categoria 1;Habilitado;KACHEROFF, GABRIEL;;;AVELLANEDA AV. 506;Ciudad Autónoma De Buenos Aires;CABA;;IVA Responsable Inscripto;KACHEROFF, GABRIEL;20252493965;0;Ninguno;Pesos;0;;;;; ;
2611;Categoria 1;Habilitado;PRIMO CONTENTS S.R.L.;;;CABRERA JOSE A 5467 Piso:4 Dpto:C;Ciudad Autónoma De Buenos Aires;CABA;;IVA Responsable Inscripto;PRIMO CONTENTS S.R.L.;33715501509;0;Ninguno;Pesos;0;;;;; ;
2612;Categoria 1;Habilitado;Jonathan Rolon;Jonathan;+54 9 11 3189-8369;Estanislao del campo 2646, entre Bolivia y smith;Quilmes;Sin especificar;;Consumidor final;;0;0;Ninguno;Pesos;0;;;;; ;
2613;Categoria 1;Habilitado;POSTRE SA;;;WARNES AV. 1680;Ciudad Autónoma De Buenos Aires;CABA;;IVA Responsable Inscripto;POSTRE SA;30717970531;0;Ninguno;Pesos;0;;;;; ;
2614;Categoria 1;Habilitado;TEMPLADOS ARGENTINOS S.A;Guillermo;+54 9 11 5140-8118;DIEGO PALMA 1031;SAN ISIDRO;Buenos Aires;;IVA Responsable Inscripto;TEMPLADOS ARGENTINOS S.A;30710314558;0;Ninguno;Pesos;0;;;;; ;
2615;Categoria 1;Habilitado;HOULI, LUNA YAEL;;;PASTEUR 341 Piso:1 Dpto:6;Ciudad Autónoma De Buenos Aires;CABA;;IVA Responsable Inscripto;HOULI, LUNA YAEL;27435702096;0;Ninguno;Pesos;0;;;;; ;
2616;Categoria 1;Habilitado;SIEMPRE REGIA S. R. L.;aini;+54 9 3413 08-7407;SAN JUAN 1702;ROSARIO NORTE;Santa Fe;;IVA Responsable Inscripto;SIEMPRE REGIA S. R. L.;30717762955;0;Ninguno;Pesos;0;;;;; ;
2617;Categoria 1;Habilitado;Gaston Romero;Gaston;+54 9 364 413-2941;;Presidencia Roque saenz peña Chaco;Chaco;;Consumidor final;;0;0;Ninguno;Pesos;0;;;;; ;
2618;Categoria 1;Habilitado;Alicia Gómez Alvis;Alicia;+54 9 11 4410-7818;;CITY BELL;Buenos Aires;;Consumidor final;;0;0;Ninguno;Pesos;0;;;;; ;
2619;Categoria 1;Habilitado;Grafica Under;Cristian;+54 9 3489 67-1759;Iriarte 847;CAMPANA;Buenos Aires;;Consumidor final;;0;0;Ninguno;Pesos;0;;;;; ;
2620;Categoria 1;Habilitado;WHQ  S.A.;;;COMBAT.DE MALVINAS 3488;Ciudad Autónoma De Buenos Aires;CABA;;IVA Responsable Inscripto;WHQ  S.A.;30712401938;0;Ninguno;Pesos;0;;;;; ;
2621;Categoria 1;Habilitado;TOMIOZZO, ENRIQUE ANIBAL;;;BRAVO MARIO 24 Piso:4 Dpto:B;Ciudad Autónoma De Buenos Aires;CABA;;IVA Responsable Inscripto;TOMIOZZO, ENRIQUE ANIBAL;20302783854;0;Ninguno;Pesos;0;;;;; ;
2622;Categoria 1;Habilitado;TRANSPORTE BALMAR S.A.;Pablo Plus Graphics;+54 9 2914 13-9129;TABARE 3136;Ciudad Autónoma De Buenos Aires;CABA;;IVA Responsable Inscripto;TRANSPORTE BALMAR S.A.;30710498462;0;Ninguno;Pesos;0;;;;; ;
2623;Categoria 1;Habilitado;MA MEDIA S.A.;Emidio;+54 9 11 5386-8618;Uruguay 367 6A;Ciudad Autónoma De Buenos Aires;CABA;;IVA Responsable Inscripto;MA MEDIA S.A.;30711031347;0;Ninguno;Pesos;0;;;;; ;
2624;Categoria 1;Habilitado;SIBERIA S.A.;;;BALCARCE 458;Ciudad Autónoma De Buenos Aires;CABA;;IVA Responsable Inscripto;SIBERIA S.A.;30710878133;0;Ninguno;Pesos;0;;;;; ;
2625;Categoria 1;Habilitado;FONZO, NICOLAS ESTEBAN;Nicolas estudio boya;+54 9 11 5562-8020;MELINCUE 3460 Piso:PB Dpto:B;Ciudad Autónoma De Buenos Aires;CABA;;Responsable Monotributo;FONZO, NICOLAS ESTEBAN;20249463265;0;Ninguno;Pesos;0;;;;; ;
2626;Categoria 1;Habilitado;G.I.C. INTERNATIONAL SOCIEDAD DE RESPONSABILIDAD LIMITADA;;;JUSTO JUAN B AV. 9113;Ciudad Autónoma De Buenos Aires;CABA;;IVA Responsable Inscripto;G.I.C. INTERNATIONAL SOCIEDAD DE RESPONSABILIDAD LIMITADA;30711301689;0;Ninguno;Pesos;0;;;;; ;
2627;Sin especificar;Deshabilitado;RODRIGUEZ MARTINEZ, ROCIO MARCELA;;;;Direccion: CAMPOS LUIS MARIA AV 559  Dpto:401;Sin especificar;;Consumidor final;RODRIGUEZ MARTINEZ, ROCIO MARCELA;0;0;Ninguno;Pesos;0;;;;; ;
2628;Categoria 1;Habilitado;Federico Guida;;;Venado tuerto, santa fe;VENADO TUERTO;Sin especificar;;Consumidor final;;0;29677272;DNI;Pesos;0;;;;; ;
2629;Categoria 1;Habilitado;BELTRAN, EDUARDO GUSTAVO;;;SARAVI 1450  Dpto:70;PILAR;Buenos Aires;;Responsable Monotributo;BELTRAN, EDUARDO GUSTAVO;20290934142;0;Ninguno;Pesos;0;;;;; ;
2630;Categoria 1;Habilitado;AC360 S.A.S.;Javier o Lucia;+54 9 11 5814-5762/ +54 9 11 6704-2915;ACEVEDO 361 Piso:PB 2;Ciudad Autónoma De Buenos Aires;CABA;;IVA Responsable Inscripto;AC360 S.A.S.;30716150964;0;Ninguno;Pesos;0;;;;; ;
2631;Categoria 1;Habilitado;NOMADE S. R. L.;;;25 DE MAYO 2262;POSADAS;Misiones;;IVA Responsable Inscripto;NOMADE S. R. L.;30717645819;0;Ninguno;Pesos;0;;;;; ;
2632;Categoria 1;Habilitado;MENIN, LEANDRO ARIEL;;;JOSE INGENIEROS 2512;BECCAR;Buenos Aires;;IVA Responsable Inscripto;MENIN, LEANDRO ARIEL;20267206393;0;Ninguno;Pesos;0;;;;; ;
2633;Categoria 1;Habilitado;LIBERATI, JUAN PABLO;+54 9 2984 61-4633;;LAVALLE 127 (CP:8336);VILLA REGINA;Río Negro;;Responsable Monotributo;LIBERATI, JUAN PABLO;20368715086;0;Ninguno;Pesos;0;;;;; ;
2634;Sin especificar;Habilitado;LA PERLA BA SRL;;;ALEM LEANDRO N AV. 1026 Piso:2 Dpto:C;Ciudad Autónoma De Buenos Aires;CABA;;IVA Responsable Inscripto;LA PERLA BA SRL;30717395227;0;Ninguno;Pesos;0;;;;; ;
2635;Categoria 1;Habilitado;SAVINO, JUAN CARLOS;Sebastian;+54 9 11 3853-7182;AVALOS 1198;Ciudad Autónoma De Buenos Aires;CABA;;IVA Responsable Inscripto;SAVINO, JUAN CARLOS;20120138961;0;Ninguno;Pesos;0;;;;; ;
2636;Categoria 1;Habilitado;DESOBSTRUCTORA ARGENTINA SOCIEDAD ANONIMA - ASHIRA SOCIEDAD ;;;DIRECTORIO AV. 1733;Ciudad Autónoma De Buenos Aires;CABA;;IVA Responsable Inscripto;DESOBSTRUCTORA ARGENTINA SOCIEDAD ANONIMA - ASHIRA SOCIEDAD ANONIMA - UT;30717269388;0;Ninguno;Pesos;0;;;;; ;
2637;Categoria 1;Habilitado;Estudio Contable AMP;Puru;;;Sin especificar;Sin especificar;;Consumidor final;;0;0;Ninguno;Pesos;0;;;;; ;
2638;Categoria 1;Habilitado;PEREZ, MARTIN GUSTAVO;;;JARAMILLO 2570;Ciudad Autónoma De Buenos Aires;CABA;;IVA Responsable Inscripto;PEREZ, MARTIN GUSTAVO;20234731905;0;Ninguno;Pesos;0;;;;; ;
2639;Categoria 1;Habilitado;SM CINE S.R.L;;;DARACT AV. 2212  Dpto:3;Ciudad Autónoma De Buenos Aires;CABA;;IVA Responsable Inscripto;SM CINE S.R.L;30717056775;0;Ninguno;Pesos;0;;;;; ;
2640;Categoria 1;Deshabilitado;CAPITAL INTELECTUAL S A;;;;Ciudad Autónoma De Buenos Aires;CABA;;IVA Responsable Inscripto;CAPITAL INTELECTUAL S A;0;0;Ninguno;Pesos;0;;;;; ;
2641;Categoria 1;Habilitado;Ignacio pablo padula;+54 9 3513268299;; sarmiento 362;Cordoba capital;Sin especificar;Ignaciopadula@gmail.com;Consumidor final;;0;43144201;DNI;Pesos;0;;;;; ;
2642;Categoria 1;Habilitado;Brian Bidart;Brian;+54 9 2214 08-3470;Calle 27 e 454 y 455 - numero: 2140 -City bell;City Bell;Sin especificar;BrianBidart@yahoo.com.ar;Consumidor final;;0;23343868;DNI;Pesos;0;;;;; ;
2643;Categoria 1;Habilitado;Antonella Baudone;Antonella;+54 9 11 5029-1533;Honduras 4638;Capital Federal;Sin especificar;;Consumidor final;;0;0;Ninguno;Pesos;0;;;;; ;
2644;Categoria 1;Habilitado;Silvina de Guardianas;Silvina;;;Capital Federal;Sin especificar;;Consumidor final;;0;0;Ninguno;Pesos;0;;;;; ;
2645;Categoria 1;Habilitado;ARAMOS CINE SRL;;;AVALOS 389;Ciudad Autónoma De Buenos Aires;CABA;;IVA Responsable Inscripto;ARAMOS CINE SRL;30715289314;0;Ninguno;Pesos;0;;;;; ;
2646;Categoria 1;Deshabilitado;CG SOCIEDAD ANONIMA;German CG sociedad;+54 9 11 6534-0178;CALLE 830 483;SAN FRANCISCO SOLANO (QUILMES);Buenos Aires;;IVA Responsable Inscripto;CG SOCIEDAD ANONIMA;30591058939;0;Ninguno;Pesos;0;;;;; ;
2647;Categoria 1;Habilitado;MARCO MARCUCCI Y SUSANA VIVIAN SOCIEDAD DE HECHO;;;NAZARRE 5071;Ciudad Autónoma De Buenos Aires;CABA;;IVA Responsable Inscripto;MARCO MARCUCCI Y SUSANA VIVIAN SOCIEDAD DE HECHO;30680287615;0;Ninguno;Pesos;0;;;;; ;
2648;Categoria 1;Habilitado;Estela ;Estela;+54 9 11 2360-6536;;Lugano;CABA;;Consumidor final;;0;0;Ninguno;Pesos;0;;;;; ;
2649;Categoria 1;Habilitado;PEREZ, MAURO OSCAR;;;25 DE MAYO 1764;SAN MARTIN;Buenos Aires;;IVA Responsable Inscripto;PEREZ, MAURO OSCAR;20329131689;0;Ninguno;Pesos;0;;;;; ;
2650;Categoria 1;Habilitado;MORANELLI, ROMINA SOLEDAD;;;CARLOS CROCE 746  Dpto:2;LOMAS DE ZAMORA;Buenos Aires;vinilosmenta@gmail.com;IVA Responsable Inscripto;MORANELLI, ROMINA SOLEDAD;27299104864;0;Ninguno;Pesos;0;;;;; ;
2651;Categoria 1;Habilitado;Lucia Marchese;Lucia;+54 9 11 4158-2885;;Caballito;Sin especificar;;Consumidor final;;0;0;Ninguno;Pesos;0;;;;; ;
2653;Categoria 1;Habilitado;AGROGANADERA SANTA BARBARA SA;;;CORRIENTES AV. 423 Piso:09 Dpto:32;ACEVAL;Sin especificar;;IVA Responsable Inscripto;AGROGANADERA SANTA BARBARA SA;30620079398;0;Ninguno;Pesos;0;;;;; ;
2654;Categoria 1;Habilitado;INI, HERNAN MARCELO;Hernan Marcelo Ini ;+54 9 11 5474-0288;CABO BARROS 1551;CIUDAD EVITA;Buenos Aires;;IVA Responsable Inscripto;INI, HERNAN MARCELO;20185988792;0;Ninguno;Pesos;0;;;;; ;
2655;Categoria 1;Habilitado;CARROCERIAS CORAL S.R.L.;Daiana;+54 9 11 5023-1601;AV RICARDO BALBIN EX RUTA 8 5488;SAN MARTIN;Buenos Aires;;IVA Responsable Inscripto;CARROCERIAS CORAL S.R.L.;30711956227;0;Ninguno;Pesos;0;;;;; ;
2656;Categoria 1;Habilitado;Graciela Sabbag (Wildshirts);Graciela ;+54 9 11 5523-1167;San José de calasanz 136 3o. C;Caballito;Sin especificar;;Consumidor final;;0;0;Ninguno;Pesos;0;;;;; ;
2657;Categoria 1;Habilitado;vanessa davogustto;;;av santa fe 5323 timbre 10 D;Sin especificar;Sin especificar;;Consumidor final;;0;96035080;DNI;Pesos;0;;;;; ;
2658;Categoria 1;Habilitado;Mercedes Rodriguez ;Mercedes;1159304614;Giribone 1583 (sin timbre por favor llamar en puerta) ;Villa Ortuzar;CABA;;Consumidor final;;0;0;Ninguno;Pesos;0;;;;; ;
2659;Categoria 1;Habilitado;CONBRA S A;;;SARMIENTO 1037;BRAGADO;Buenos Aires;;IVA Responsable Inscripto;CONBRA S A;30602291487;0;Ninguno;Pesos;0;;;;; ;
2660;Categoria 1;Habilitado;SOSINTER S.A.;;;GUALEGUAYCHU 2141;Ciudad Autónoma De Buenos Aires;CABA;;IVA Responsable Inscripto;SOSINTER S.A.;30714341231;0;Ninguno;Pesos;0;;;;; ;
2661;Categoria 1;Habilitado;VNG CONSTRUCTORA;;;AVELLANEDA AV. 315;Ciudad Autónoma De Buenos Aires;CABA;;IVA Responsable Inscripto;VNG CONSTRUCTORA;30717637050;0;Ninguno;Pesos;0;;;;; ;
2662;Categoria 1;Habilitado;Pablo hernan loguercio;;;Manuela pedraza 1871;LANUS OESTE;Buenos Aires;;Consumidor final;;0;29043880;DNI;Pesos;0;;;;; ;
2663;Categoria 1;Habilitado;CAVA, JUAN IGNACIO;;;GUAYAQUIL 950;DON TORCUATO NORTE;Buenos Aires;;IVA Responsable Inscripto;CAVA, JUAN IGNACIO;20352018342;0;Ninguno;Pesos;0;;;;; ;
2664;Categoria 1;Habilitado;VITOPEL ARGENTINA SOCIEDAD ANONIMA;Juan ;+54 9 3513 29-8821;RUTA NAC  NUEVE  KM 783;VILLA DEL TOTORAL;Córdoba;;IVA Responsable Inscripto;VITOPEL ARGENTINA SOCIEDAD ANONIMA;30572147084;0;Ninguno;Pesos;0;;;;; ;
2665;Categoria 1;Habilitado;SARROS, ALEJANDRO;Patricia sarros;+54 9 11 5482-8779; Fraga 1425;Ciudad Autónoma De Buenos Aires;CABA;Patriciabricenoas@gmail.com;IVA Responsable Inscripto;SARROS, ALEJANDRO;20181107430;0;Ninguno;Pesos;0;;;;; ;
2666;Categoria 1;Habilitado;Cristian meschini;Cristian Woodgraphics;+54 9 2236 03-8912;Falucho 4820;Mar del plata;Sin especificar;;Consumidor final;;0;0;Ninguno;Pesos;0;;;;; ;
2667;Categoria 1;Habilitado;VALENZA, MATIAS;;;AV. DEL PUERTO 340 Piso:5 Dpto:501;NORDELTA (TIGRE);Buenos Aires;;Responsable Monotributo;VALENZA, MATIAS;20349056373;0;Ninguno;Pesos;0;;;;; ;
2668;Categoria 1;Deshabilitado;RODOLFO MARCHESE E HIJOS S.H.;;;PLANES 1252;Ciudad Autónoma De Buenos Aires;CABA;;IVA Responsable Inscripto;RODOLFO MARCHESE E HIJOS S.H.;30500257985;0;Ninguno;Pesos;0;;;;; ;
2670;Categoria 1;Deshabilitado;GUTIERREZ TRIANA, INHNALUZ;;;;Ciudad Autónoma De Buenos Aires;CABA;;Responsable Monotributo;GUTIERREZ TRIANA, INHNALUZ;0;0;Ninguno;Pesos;0;;;;; ;
2671;Categoria 1;Habilitado;ADANERO, LILIANA ELVIRA;;;MALVINAS ARGENTINAS 456 Piso:1 Dpto:D;Ciudad Autónoma De Buenos Aires;CABA;;IVA Responsable Inscripto;ADANERO, LILIANA ELVIRA;27105330214;0;Ninguno;Pesos;0;;;;; ;
2672;Categoria 1;Habilitado;MULTIMECANICA S.A;Marcos persico;+54 9 11 6274-3618;CHUBUT 527;SAN ISIDRO;Buenos Aires;;IVA Responsable Inscripto;MULTIMECANICA S.A;30712457933;0;Ninguno;Pesos;0;;;;; ;
2673;Categoria 1;Habilitado;LOPEZ, ALEJANDRO MARCELO;;;LIBERTADOR DEL AV. 8344 S:B;Ciudad Autónoma De Buenos Aires;CABA;;IVA Responsable Inscripto;LOPEZ, ALEJANDRO MARCELO;20161303799;0;Ninguno;Pesos;0;;;;; ;
2674;Categoria 1;Habilitado;ASTUTTI MARIO JOSE, DALTON TOMAS SANTIAGO Y FURLANI GONZALO ;;;WARNES AV. 1984;Ciudad Autónoma De Buenos Aires;CABA;;IVA Responsable Inscripto;ASTUTTI MARIO JOSE, DALTON TOMAS SANTIAGO Y FURLANI GONZALO SOCIEDAD DE HECHO;30711690200;0;Ninguno;Pesos;0;;;;; ;
2675;Categoria 1;Habilitado;KUARZO ARGENTINA S.A.;Nayra insua;+54 9 11 3756-4964;CABRERA JOSE A 5870;Ciudad Autónoma De Buenos Aires;CABA;;IVA Responsable Inscripto;KUARZO ARGENTINA S.A.;30688476360;0;Ninguno;Pesos;0;;;;; ;
2676;Categoria 1;Deshabilitado;LUCHINO, CATALINA ELISABETA;Walter M. Biasi;+54 9 11 6048-0002;HUMBERTO 1RO 240 Piso:1 Dpto:B;Ciudad Autónoma De Buenos Aires;CABA;;IVA Responsable Inscripto;LUCHINO, CATALINA ELISABETA;27028990729;0;Ninguno;Pesos;0;;;;; ;
2678;Categoria 1;Habilitado;VENTUALA, MARCOS ALBERTO;Maxi estevez;+54 9 2920 27-0058;ESTADOS UNIDOS 343;VIEDMA;Río Negro;;IVA Responsable Inscripto;VENTUALA, MARCOS ALBERTO;20277864038;0;Ninguno;Pesos;0;;;;; ;
2679;Categoria 1;Habilitado;DEUS, MARIA FLORENCIA;;;Trovador 3021 - entre ARgerich y Huelguera.;Ciudad Autónoma De Buenos Aires;CABA;;Responsable Monotributo;DEUS, MARIA FLORENCIA;23255678094;0;Ninguno;Pesos;0;;;;; ;
2680;Categoria 1;Habilitado;Alvaro Folkenand;alvaro;+54 9 3537 66-1130;Pellegrini 831;Esquel;Sin especificar;;Consumidor final;;0;0;Ninguno;Pesos;0;;;;;9200;
2681;Categoria 1;Habilitado;ARRUDA, ARIEL EDGARDO;Ariel;;AVENIDA PERITO MORENO 1460 Piso:PB Dpto:1037;USHUAIA;Tierra del Fuego;;IVA Responsable Inscripto;ARRUDA, ARIEL EDGARDO;20252828932;0;Ninguno;Pesos;0;;;;; ;
2682;Categoria 1;Habilitado;LUCHINO, CATALINA ELISABETA;;;HUMBERTO 1RO 240 Piso:1 Dpto:B;Ciudad Autónoma De Buenos Aires;CABA;;IVA Responsable Inscripto;LUCHINO, CATALINA ELISABETA;27028990729;0;Ninguno;Pesos;0;;;;; ;
2683;Categoria 1;Deshabilitado;PRIMO CONTENTS S.R.L.;;;CABRERA JOSE A 5467 Piso:4 Dpto:C;Ciudad Autónoma De Buenos Aires;CABA;;IVA Responsable Inscripto;PRIMO CONTENTS S.R.L.;33715501509;0;Ninguno;Pesos;0;;;;; ;
2684;Categoria 1;Habilitado;ION DISEÑO INDUSTRIAL SH;Gaston pirola;+54 9 2214 76-6759;517 2140;RINGUELET;Buenos Aires;administracion@ionindustrial.com.ar;IVA Responsable Inscripto;ION DISEÑO INDUSTRIAL SH;30710466862;0;Ninguno;Pesos;0;;;;; ;
2685;Categoria 1;Habilitado;Civalero Julieta;Julieta;+54 9 2914 25-7295;gorriti 365 3D;Bahia Blanca;Buenos Aires;;Consumidor final;;0;0;Ninguno;Pesos;0;;;;; ;
2686;Categoria 1;Habilitado;11 LOOPS MEDIA S.A.;;;DON BOSCO 3845;Ciudad Autónoma De Buenos Aires;CABA;;IVA Responsable Inscripto;11 LOOPS MEDIA S.A.;30714294438;0;Ninguno;Pesos;0;;;;; ;
2687;Categoria 1;Habilitado;NATALINI DIEGO MARCELO Y ALONSO CARLOS FACUNDO MARTIN SOCIED;;;AV JULIO A ROCA 2083;HURLINGHAM;Buenos Aires;;IVA Responsable Inscripto;NATALINI DIEGO MARCELO Y ALONSO CARLOS FACUNDO MARTIN SOCIEDAD DE HECHO;30714487872;0;Ninguno;Pesos;0;;;;; ;
2688;Categoria 1;Habilitado;GARCIA SAMPEDRO, EMANUEL;;;517 e 168 bis y 169 nro 7400 - Melchor Romero, La Plata;MELCHOR ROMERO;Buenos Aires;;Responsable Monotributo;GARCIA SAMPEDRO, EMANUEL;20344621404;0;Ninguno;Pesos;0;;;;; ;
2689;Categoria 1;Habilitado;Luciano emanuel toschi;;;Av 19 e 66 y 67 n 1686 la plata Gráfica puntouno;Sin especificar;Sin especificar;;Consumidor final;;0;29132131;DNI;Pesos;0;;;;; ;
2690;Categoria 1;Habilitado;GENTILI, CLAUDIO LEONEL;Leonel gentili;+54 9 11 3699-3813;Virrey Loreto 3148 timbre 2, Colegiales, CABA;Capital Federal;Sin especificar;;IVA Responsable Inscripto;GENTILI, CLAUDIO LEONEL;20285195277;0;Ninguno;Pesos;0;;;;; ;
2691;Categoria 1;Deshabilitado;UNIVERSIDAD NACIONAL DE LA PLATA;;;Calle 7 n 776;LA PLATA NOROESTE CALLE 50;Buenos Aires;;IVA Sujeto Exento;UNIVERSIDAD NACIONAL DE LA PLATA;30546666707;0;Ninguno;Pesos;0;;;;; ;
2692;Categoria 1;Habilitado;DUARTE, SERGIO CATRIEL;;;AV CENTENARIO 2687;POSADAS;Misiones;;IVA Responsable Inscripto;DUARTE, SERGIO CATRIEL;20350049496;0;Ninguno;Pesos;0;;;;; ;
2693;Categoria 1;Habilitado;CAIAFA, ERICA  VANESA;;;MONTIEL 5078;Ciudad Autónoma De Buenos Aires;CABA;;Responsable Monotributo;CAIAFA, ERICA  VANESA;27296325878;0;Ninguno;Pesos;0;;;;; ;
2694;Sin especificar;Habilitado;INSTITUCION SALESIANA;Don bosco...;+54 9 11 2880-0097;DON BOSCO 4002;Ciudad Autónoma De Buenos Aires;CABA;;IVA Responsable Inscripto;INSTITUCION SALESIANA;30610211638;0;Ninguno;Pesos;0;;;;; ;
2695;Categoria 1;Habilitado;MERLOS MATIAS;MATIAS;+54 9 2284 56-6432;;OLAVARRIA;Buenos Aires;;Consumidor final;;0;0;Ninguno;Pesos;0;;;;; ;
2696;Categoria 1;Habilitado;GUTIERREZ TRIANA, INHNALUZ;Kevin Sanchez;+54 9 11 2407-9910;BRAVARD PJE. 1194 Piso:7 Dpto:PORT;Ciudad Autónoma De Buenos Aires;CABA;;Responsable Monotributo;GUTIERREZ TRIANA, INHNALUZ;27958042308;0;Ninguno;Pesos;0;;;;; ;
2697;Categoria 1;Deshabilitado;JUAN FACHA;Juan;+54 9 11 3500-1977;;Ciudad Autónoma De Buenos Aires;CABA;;Consumidor final;;0;0;Ninguno;Pesos;0;;;;; ;
2698;Categoria 1;Habilitado;juan dirassar ;Juan Facha;+54 9 11 3500-1977;martine rosas 923 (caba);Ciudad Autónoma De Buenos Aires;CABA;;Consumidor final;;0;25744008;DNI;Pesos;0;;;;; ;
2699;Categoria 1;Habilitado;Enzo Costa;Enzo costa;+54 9 3329 60-5854;Carranza 374 (panadería);BARADERO;Buenos Aires;graficacosta2019@gmail.com;Consumidor final;;0;32330657;DNI;Pesos;0;;;;; ;
2700;Categoria 1;Habilitado;ORLANDO AMOEDO, FACUNDO;;;GURRUCHAGA 2150 Piso:PB;Ciudad Autónoma De Buenos Aires;CABA;Facuamoedo@gmail.com;IVA Responsable Inscripto;ORLANDO AMOEDO, FACUNDO;20385222786;0;Ninguno;Pesos;0;;;;; ;
2701;Categoria 1;Deshabilitado;Ruben Cabral;Ruben;+54 9 2215 59-2367;Av 44 esq. 200 #5245 . Local verde;La plata;Sin especificar;;Consumidor final;;0;0;Ninguno;Pesos;0;;;;; ;
2702;Categoria 1;Habilitado;RAMIREZ, CAMILA MAILEN;Camila ramirez;+54 9 2214 94-8335; 7 entre 529 y 530 nº 259 Tolosa - La Plata;TOLOSA;Buenos Aires;;Responsable Monotributo;RAMIREZ, CAMILA MAILEN;27397662654;0;Ninguno;Pesos;0;;;;; ;
2703;Categoria 1;Habilitado;Marcela Rimoldi;;;Basauñado 2875 -piso-8 -D;Sin especificar;Sin especificar;gemgraphics@yahoo.com.ar;Consumidor final;;0;23628536;DNI;Pesos;0;;;;; ;
2704;Categoria 1;Habilitado;Solange Rocio Díaz;;;Warnes 299 - caba;Sin especificar;Sin especificar;Diazsolangerocio@gmail.com;Consumidor final;;0;36776927;DNI;Pesos;0;;;;; ;
2705;Categoria 1;Habilitado;MASK DISEÑO;;;WARNES AV. 840;Ciudad Autónoma De Buenos Aires;CABA;;IVA Responsable Inscripto;MASK DISEÑO;30716922800;0;Ninguno;Pesos;0;;;;; ;
2706;Categoria 1;Habilitado;Edna Chajud;Edna;+54 9 11 4940-2536;Scalabrini Ortíz 769;Ciudad Autónoma De Buenos Aires;CABA;;Consumidor final;;0;25630794;DNI;Pesos;0;;;;; ;
2707;Categoria 1;Habilitado;CIROLINI, FACUNDO;;;ARAOZ 1199;BARADERO;Buenos Aires;;IVA Responsable Inscripto;CIROLINI, FACUNDO;23240070979;0;Ninguno;Pesos;0;;;;; ;
2708;Categoria 1;Habilitado;VICHACHI, PABLO ALBERTO;Ingrid;+54 9 11 5841-7858;Nazca 3570;Ciudad Autónoma De Buenos Aires;CABA;libreriapersa@gmail.com;IVA Responsable Inscripto;VICHACHI, PABLO ALBERTO;20204042684;0;Ninguno;Pesos;0;;;;; ;
2709;Categoria 1;Habilitado;Genesis chacon;;;El hornero 247 entre ibarrola y Ventura bosch (CABA));Sin especificar;Sin especificar;Scarletchaconvillegas@gmail.com;Consumidor final;;0;95655761;DNI;Pesos;0;;;;; ;
2710;Categoria 1;Habilitado;ONYX FILMS S.A.;;;CASTILLO 1366;Ciudad Autónoma De Buenos Aires;CABA;;IVA Responsable Inscripto;ONYX FILMS S.A.;30710502397;0;Ninguno;Pesos;0;;;;; ;
2711;Categoria 1;Habilitado;DOMINGUEZ, PABLO DANIEL;;;MAIPU 226;CHASCOMUS;Buenos Aires;Graficexpress@hotmail.com.ar;Responsable Monotributo;DOMINGUEZ, PABLO DANIEL;20203649291;0;Ninguno;Pesos;0;;;;; ;
2712;Categoria 1;Habilitado;NEXPRINT S.R.L.;;;HUMBERTO MUGNAINI 1059;RIO CUARTO;Córdoba;proveedores@nexprint.com.ar;IVA Responsable Inscripto;NEXPRINT S.R.L.;30713637307;0;Ninguno;Pesos;0;;;;; ;
2713;Categoria 1;Habilitado;GARDEY, BERNARDO PABLO;Pablo grade;+54 9 2983 53-0698;Av. H. Apezteguia 130, San Cayetano (7521);Buenos Aires;Sin especificar;;IVA Responsable Inscripto;GARDEY, BERNARDO PABLO;20220804705;0;Ninguno;Pesos;0;;;;; ;
2714;Categoria 1;Habilitado;Emiliano Sanchez ;;;Manuel Belgrano 537 _ Inriville (pcia córdoba);Sin especificar;Sin especificar;Emifsanchez@gmail.com;Consumidor final;;0;32563634;DNI;Pesos;0;;;;; ;
2715;Categoria 1;Habilitado;RABELLINO, MAURO;;;NOGOYA 3399 Piso:1 Dpto:C;Ciudad Autónoma De Buenos Aires;CABA;;IVA Responsable Inscripto;RABELLINO, MAURO;23266205589;0;Ninguno;Pesos;0;;;;; ;
2716;Categoria 1;Habilitado;LEW, CLAUDIA RENEE;;;RIVADAVIA AV. 2695;Ciudad Autónoma De Buenos Aires;CABA;;Responsable Monotributo;LEW, CLAUDIA RENEE;27169388135;0;Ninguno;Pesos;0;;;;; ;
2717;Categoria 1;Habilitado;FERNANDEZ CARREÑO, YURI FERNANDO;Yuru Fernandez;+54 9 11 3833-0999;CORRIENTES AV. 1756 Piso:6 Dpto:E;Ciudad Autónoma De Buenos Aires;CABA;;Responsable Monotributo;FERNANDEZ CARREÑO, YURI FERNANDO;20957570837;0;Ninguno;Pesos;0;;;;; ;
2718;Categoria 1;Habilitado;David Rojas;David;+54 9 2214 18-8214;Calle 9 entre 45 y 46 La Plata,.n°668;La plata;Sin especificar;;Consumidor final;;0;0;Ninguno;Pesos;0;;;;; ;
2719;Categoria 1;Habilitado;AVI GRAFICA Y DISEÑO SRL;Lucas;+54 9 11 5956-2258;PALESTINA 527 Piso:1 Dpto:B;Ciudad Autónoma De Buenos Aires;CABA;administracion@avigra.com.ar;IVA Responsable Inscripto;AVI GRAFICA Y DISEÑO SRL;30714053058;0;Ninguno;Pesos;0;;<p>se entrega en&nbsp Bme mitre 782 (microcentro)</p>;;; ;
2720;Categoria 1;Habilitado;Nicolas Ramos;;;EVA PERON 1780-CABA-   PLATA-BAJA;Sin especificar;Sin especificar;18impresiones@gmial.com;Consumidor final;;0;94523390;DNI;Pesos;0;;;;; ;
2721;Categoria 1;Habilitado;TETRAQUIMICA SOCIEDAD ANONIMA;Diego Natalini;+54 9 11 5935-1694;GRAL RODRIGUEZ 972;HURLINGHAM;Buenos Aires;;IVA Responsable Inscripto;TETRAQUIMICA SOCIEDAD ANONIMA;30522683732;0;Ninguno;Pesos;0;;;;; ;
2722;Categoria 1;Habilitado;Andres Luna;Andres;+54 9 3834 00-5343;;SAN JUAN;Sin especificar;;Consumidor final;;0;0;Ninguno;Pesos;0;;;;; ;
2723;Categoria 1;Habilitado;ARANA DEPORTIVA S.R.L.;;;419 2159;VILLA ELISA;Buenos Aires;;IVA Responsable Inscripto;ARANA DEPORTIVA S.R.L.;30715901834;0;Ninguno;Pesos;0;;;;; ;
2724;Categoria 1;Habilitado;Ignacio Tomas Ricotta;;;Av 9 de julio 1489 - San Miguel del Monte;Sin especificar;Sin especificar;Ricottadesign@hotmail.com;Consumidor final;;0;41260059;DNI;Pesos;0;;;;; ;
2725;Categoria 1;Habilitado;Monica Benitez;Monica Benitez;+54 9 11 6216-2633;gascon 552 -5C ;Capital Federal;Sin especificar;monicabenitez1001@gmial.com;Consumidor final;;0;16587526;DNI;Pesos;0;;;;; ;
2726;Categoria 1;Habilitado;Mauricio Tumminaro;;;Calle 33 nro 843, entre 11 y 12;Sin especificar;Sin especificar;estudionn.dcv@gmail.com;Consumidor final;;0;32000217;DNI;Pesos;0;;;;; ;
2727;Categoria 1;Habilitado;BOURKE S.A.;Mariela;+54 9 11 6007-7962;LAS HERAS GRAL AV. 2126 Piso:13 Dpto:A;Ciudad Autónoma De Buenos Aires;CABA;;IVA Responsable Inscripto;BOURKE S.A.;30711737207;0;Ninguno;Pesos;0;;;;; ;
2728;Categoria 1;Habilitado;BAUER, MARINA JANET;;;44 6417;LA PLATA SUDESTE CALLE 50 AMBAS VEREDAS;Buenos Aires;;IVA Responsable Inscripto;BAUER, MARINA JANET;27295872026;0;Ninguno;Pesos;0;;;;; ;
2729;Categoria 1;Habilitado;GONZALEZ FERNANDEZ, ROBERTO JOSE;;;Medrano 669 -caba;Ciudad Autónoma De Buenos Aires;CABA;7glass.arg@gmail.com;Responsable Monotributo;GONZALEZ FERNANDEZ, ROBERTO JOSE;20957273131;0;Ninguno;Pesos;0;;;;; ;
2730;Categoria 1;Habilitado;KAPRIELIAN, SILVINA;Silvina Silkap Soluciones;+54 9 11 3478-1800;AMBROSETTI JUAN B. 885 Piso:PB;Ciudad Autónoma De Buenos Aires;CABA;;IVA Responsable Inscripto;KAPRIELIAN, SILVINA;27288615557;0;Ninguno;Pesos;0;;;;; ;
2731;Categoria 1;Habilitado;Ariel daraya ;RD polarizados;;54 17 y 18 n 1114 - LA PLATA;La plata;Sin especificar;;Consumidor final;;0;31743544;DNI;Pesos;0;;;;; ;
2732;Categoria 1;Habilitado;SIMAZ, LUCAS MAXIMILIANO;;;MONTEVIDEO 2181;BERISSO;Buenos Aires;;IVA Responsable Inscripto;SIMAZ, LUCAS MAXIMILIANO;20348881729;0;Ninguno;Pesos;0;;;;; ;
2733;Categoria 1;Habilitado;BCD GROUP S.R.L;carolina conil;1163597071;LAS CAMELIAS 3324 Piso:2 Dpto:205;DEL VISO;Buenos Aires;;IVA Responsable Inscripto;BCD GROUP S.R.L;30714094927;0;Ninguno;Pesos;0;;;;; ;
2734;Categoria 1;Habilitado;NEW PRINT COPY S.R.L.;;;BRAVO MARIO 1131;Ciudad Autónoma De Buenos Aires;CABA;;IVA Responsable Inscripto;NEW PRINT COPY S.R.L.;30710531869;0;Ninguno;Pesos;0;;;;; ;
2735;Categoria 1;Deshabilitado;Christian Brozovic;;;;Capital Federal;Sin especificar;brozovicc@gmail.com;Consumidor final;;0;0;Ninguno;Pesos;0;;;;; ;
2736;Categoria 1;Habilitado;Agustín VERA CANDIOTI;Agustin;+54 9 3462 41-3477;Libertad 171;VENADO TUERTO;Sin especificar;;Consumidor final;;0;25910339;DNI;Pesos;0;;;;; ;
2737;Categoria 1;Habilitado;ROCIO PEREZ;Luis Perez;+54 9 2994 19-8180;BELGRANO 258;GENERAL ROCA;Río Negro;;Consumidor final;;0;39074753;DNI;Pesos;0;;;;; ;
2738;Categoria 1;Habilitado;COLORES DIGITALES S.R.L.;;;RIVAROLA RODOLFO DR. PJE. 130;Ciudad Autónoma De Buenos Aires;CABA;Jorge@coloresdigitales.com.ar;IVA Responsable Inscripto;COLORES DIGITALES S.R.L.;30715806491;0;Ninguno;Pesos;0;;;;; ;
2739;Categoria 1;Habilitado;ADRIEL, NADIA;;;EL CANO 9927 Piso:0 Dpto:FDO;MAR DEL PLATA SUR;Buenos Aires;aeimultifuncion@gmail.com;Responsable Monotributo;ADRIEL, NADIA;27264576321;0;Ninguno;Pesos;0;;;;; ;
2740;Categoria 1;Habilitado;Maria gamez;;;Acuña de Figueroa 1355 - CABA ;Sin especificar;Sin especificar;mariatgamez@gmail.com;Consumidor final;;0;96027902;DNI;Pesos;0;;;;; ;
2741;Categoria 1;Habilitado;Juan San Lorenzo ;;;Ameghino 880  Zárate ;ZARATE;Buenos Aires;sanlorenzojuan79@gmail.com;Consumidor final;;0;41206606;DNI;Pesos;0;;;;; ;
2742;Categoria 1;Habilitado;MOLINERI, NORBERTO DANIEL;;;121 número 566 entre 526 y 527;LA PLATA NOROESTE CALLE 50;Buenos Aires;danielmolineri@hotmail.com;IVA Responsable Inscripto;MOLINERI, NORBERTO DANIEL;23228574759;0;Ninguno;Pesos;0;;;;; ;
2743;Categoria 1;Habilitado;Juan Paez;juan;+54 9 3878 63-6514;;SALTA;Sin especificar;;Consumidor final;;0;0;Ninguno;Pesos;0;;;;; ;
2744;Categoria 1;Habilitado;ALL COLOR S.A.S.;;; Azcuenaga 81, Villa Allende, Cordoba CP: 5105;VILLA ALLENDE;Córdoba;grafica@allcolor.com.ar;IVA Responsable Inscripto;ALL COLOR S.A.S.;30716380838;0;Ninguno;Pesos;0;;;;; ;
2745;Categoria 1;Habilitado;FERRARI, JAVIER GUSTAVO;Altagrafica comunicacion visual;;GONZALEZ JOAQUIN V. 2448;Ciudad Autónoma De Buenos Aires;CABA;Altagrafica@gmail.com;Responsable Monotributo;FERRARI, JAVIER GUSTAVO;20250700823;0;Ninguno;Pesos;0;;;;; ;
2746;Categoria 1;Habilitado;MONTOTO, MARIANO EMILIO;;;DE LOS INCAS AV. 3588 Piso:2;Ciudad Autónoma De Buenos Aires;CABA;;Responsable Monotributo;MONTOTO, MARIANO EMILIO;20204062626;0;Ninguno;Pesos;0;;;;; ;
2747;Categoria 1;Habilitado;CABRAL, RUBEN OSVALDO;Ruben Cabral;+54 9 2215 59-2367;44 5245;LISANDRO OLMOS(NOROESTE);Buenos Aires;;IVA Responsable Inscripto;CABRAL, RUBEN OSVALDO;23264706289;0;Ninguno;Pesos;0;;;;; ;
2748;Categoria 1;Habilitado;DE FRUTOS, DIEGO NICOLAS;;;LOS CEIBOS 444;YERBA BUENA;Tucumán;goldengaragetuc@gmail.com;IVA Responsable Inscripto;DE FRUTOS, DIEGO NICOLAS;20296396649;0;Ninguno;Pesos;0;;;;; ;
2749;Categoria 1;Habilitado;juan molina;;;;Sin especificar;Sin especificar;jcmp102@gmail.com;Consumidor final;;0;95754409;DNI;Pesos;0;;;;; ;
2751;Categoria 1;Habilitado;Werner Raúl José ;Maxi;+54 9 3435 43-0924; Sourigues 835 - Paraná entre Ríos;Parana;Sin especificar;Maxgiorsetti@hotmail.com;Consumidor final;;0;7622059;DNI;Pesos;0;;;;; ;
2752;Categoria 1;Habilitado;Juan Benitez;Juan Benitez;+54 9 11 6427-2306;Av. Ricardo Balbin 5790 (San Miguel, Bs.As);San Miguel;Sin especificar;Plotters@outlook.es;Consumidor final;;0;37217524;DNI;Pesos;0;;;;; ;
2753;Categoria 1;Habilitado;Juan José Frank;;;;Sin especificar;Sin especificar;decograph@gmail.com;Consumidor final;;0;28694920;DNI;Pesos;0;;;;; ;
2754;Categoria 1;Habilitado;MENDICINO, MAURO EZEQUIEL;;;GENERAL PICO 2053, LANUS ESTE;Lanus este;Sin especificar;ANTS.CLOTHES@GMAIL.COM;Responsable Monotributo;MENDICINO, MAURO EZEQUIEL;20280668819;0;Ninguno;Pesos;0;;;;; ;
2755;Categoria 1;Habilitado;Marcelo Rebollo;Marcelo;+54 9 2236 82-1110;;Mar del plata;Sin especificar;;Consumidor final;;0;0;Ninguno;Pesos;0;;;;; ;
2756;Categoria 1;Habilitado;Julieta Meana;;; avenida dorrego 1246;Capital Federal;Sin especificar;julietauni@gmail.com;Consumidor final;;0;35969724;DNI;Pesos;0;;;;; ;
2757;Categoria 1;Habilitado;CUENYA, MATIAS;Matias;+54 9 11 5348-8804;GARAY JUAN DE AV. 3576;Ciudad Autónoma De Buenos Aires;CABA;maulermatt@hotmail.com;Responsable Monotributo;CUENYA, MATIAS;20269343975;0;Ninguno;Pesos;0;;;;; ;
2758;Categoria 1;Habilitado;Rivas maximiliano;Maxi;+54 9 3487 62-1735;.independencia 3242 Zárate ;Zarate;Sin especificar;mdgraficavisual@yahoo.com.ar;Consumidor final;;0;27330415;DNI;Pesos;0;;;;; ;
2759;Categoria 1;Habilitado;ANDRES MATHIASEN;LUCIA;3415315447;LUIS MARIA DRAGO 371;Ciudad Autónoma De Buenos Aires;CABA;;Consumidor final;;0;0;Ninguno;Pesos;0;;;;; ;
2760;Categoria 1;Habilitado;MASTER CALCOMANIAS MARPLATENSES S R L;;;ESPA&#209 A 2720;MAR DEL PLATA SUR;Buenos Aires;info@mastercalcomanias.com.ar;IVA Responsable Inscripto;MASTER CALCOMANIAS MARPLATENSES S R L;30621495301;0;Ninguno;Pesos;0;;;;; ;
2761;Categoria 1;Habilitado; Israel olivar;;; Campillo 3034 parque chas , capital federal ;Capital Federal;Sin especificar;Letrerosic@gmail.com;Consumidor final;;0;29057170;DNI;Pesos;0;;;;; ;
2762;Categoria 1;Habilitado;TIERRA PURA S.A.S;;;BELLA VISTA 100;LAS CALLES;Córdoba;;IVA Responsable Inscripto;TIERRA PURA S.A.S;30717143740;0;Ninguno;Pesos;0;;;;; ;
2763;Categoria 1;Habilitado;Yesica Lujan Zubelzu Gomez;;;Parada Robles;PARADA ROBLES ;Sin especificar;yesicazubelzu@gmail.com;Consumidor final;;0;43317093;DNI;Pesos;0;;;;; ;
2764;Categoria 1;Habilitado;PUNTO Y COMA PUBLICIDAD INTEGRAL S.A.;Milton Peifer;+54 9 11 2697-4045;DEAN FUNES GREGORIO 5194;INGENIERO ADOLFO SOURDEAUX;Buenos Aires;;IVA Responsable Inscripto;PUNTO Y COMA PUBLICIDAD INTEGRAL S.A.;30715160982;0;Ninguno;Pesos;0;;;;; ;
2765;Categoria 1;Habilitado;ZARAIK, DANIELA SOLEDAD;;;LA NORIA 48;EXALTACION DE LA CRUZ;Buenos Aires;;IVA Responsable Inscripto;ZARAIK, DANIELA SOLEDAD;27379322722;0;Ninguno;Pesos;0;;;;; ;
2766;Categoria 1;Habilitado;SANCHEZ, HERNAN LIVIO;;;MZ 7 PC 18 0 Piso:00 Dpto:00;CHARATA;Chaco;liviosanchez2@gmail.com;Responsable Monotributo;SANCHEZ, HERNAN LIVIO;20307304032;0;Ninguno;Pesos;0;;;;; ;
2767;Categoria 1;Habilitado;V.C.C.B. SRL;;;MITRE 742;CORONEL BRANDSEN;Buenos Aires;;IVA Responsable Inscripto;V.C.C.B. SRL;33709211159;0;Ninguno;Pesos;0;;;;; ;
2768;Categoria 1;Habilitado;TAURO GROUP SRL;Matias alma print;+54 9 11 6228-3171;ITAPIRU 2553 - Entre Manuel Maza y Emilio Castro, Lanus.;LANUS;Buenos Aires;;IVA Responsable Inscripto;TAURO GROUP SRL;30718002016;0;Ninguno;Pesos;0;;;;; ;
2769;Categoria 1;Habilitado;ESCUDERO, SERGIO FABIAN;;;LAVALLE 429;GENERAL MADARIAGA;Buenos Aires;ergraficosermar@hotmail.com;Responsable Monotributo;ESCUDERO, SERGIO FABIAN;20170136633;0;Ninguno;Pesos;0;;;;; ;
2770;Categoria 1;Habilitado;Natalia Gonzalez;Natalia;+54 9 3834 40-4305;calle: Prado 50 - catamarca capital ;CATAMARCA;Sin especificar;;Consumidor final;;0;28404385;DNI;Pesos;0;;;;; ;
2771;Categoria 1;Habilitado;Ricardo Ducret;Ricardo Duarte;+54 9 3442 48-6075;provincia entre rios ;Sin especificar;Sin especificar;;Consumidor final;;0;0;Ninguno;Pesos;0;;;;; ;
2772;Categoria 1;Habilitado;SORIA, EMMANUEL NICOLAS;;;23 250;VILLA GESELL;Buenos Aires;Nccalcos@gmail.com;Consumidor final;SORIA, EMMANUEL NICOLAS;20319225057;0;Ninguno;Pesos;0;;;;; ;
2773;Categoria 1;Habilitado;CASTIGLIONE ARUEDY, JEZABEL;;;Belgrano 49 galería Santo Domingo local 61, centro, Córdoba capital ;BARRIO CENTRO SUR;Córdoba;esmeriladoscordoba@gmail.com;Responsable Monotributo;CASTIGLIONE ARUEDY, JEZABEL;27259213199;0;Ninguno;Pesos;0;;;;; ;
2774;Categoria 1;Habilitado;NUÑEZ, MARINA EUGENIA;;;PJE. BOULOGNE SUR MER 2988;SAN MIGUEL DE TUCUMAN;Tucumán;helgueraletreros@gmail.com;IVA Responsable Inscripto;NUÑEZ, MARINA EUGENIA;27231169690;0;Ninguno;Pesos;0;;;;; ;
2775;Categoria 1;Habilitado;AMATO, NICOLAS LUCIANO;;;PADILLA 643;Ciudad Autónoma De Buenos Aires;CABA;;Responsable Monotributo;AMATO, NICOLAS LUCIANO;23335577809;0;Ninguno;Pesos;0;;;;; ;
2776;Categoria 1;Habilitado;DUKKAH PRODUCCIONES S.R.L.;Maria;+54 9 2615 72-5794;BELGRANO AV. 634  Dpto:87;Ciudad Autónoma De Buenos Aires;CABA;;IVA Responsable Inscripto;DUKKAH PRODUCCIONES S.R.L.;30716911671;0;Ninguno;Pesos;0;;;;; ;
2777;Categoria 1;Habilitado;Sergio raul chavez;;;Ruta nac. 14 y ruloff /L.n.alem misiones 3315;Sin especificar;Sin especificar;Polarizados.buenaonda@hotmail.com;Consumidor final;;0;17578401;DNI;Pesos;0;;;;; ;
2778;Categoria 1;Habilitado;PEREYRA, MAURICIO RUBEN;;;Gral. La Madrid. Fonavi las Heras sur casa 8;GENERAL LAMADRID;Buenos Aires;;Responsable Monotributo;PEREYRA, MAURICIO RUBEN;20306404696;0;Ninguno;Pesos;0;;;;; ;
2779;Categoria 1;Habilitado;BRANDANA, CAMILA VICTORIA;;;COMANDANTE ESCRIBANO 1577;JUNIN;Buenos Aires;Decoplotgrafica@outlook.com;Responsable Monotributo;BRANDANA, CAMILA VICTORIA;27356404748;0;Ninguno;Pesos;0;;;;; ;
2780;Categoria 1;Habilitado;Jorge Machado;;;Av Maipú 3428, olivos;Sin especificar;Sin especificar;tigerprintservices@gmail.com;Consumidor final;;0;95985542;DNI;Pesos;0;;;;; ;
2781;Sin especificar;Habilitado;VILLARROEL, GUILLERMO HORACIO;;;REMEDIOS DE ESCALADAS 47- CHACO;RESISTENCIA;Chaco;;IVA Responsable Inscripto;VILLARROEL, GUILLERMO HORACIO;20240467535;0;Ninguno;Pesos;0;;;;; ;
2782;Categoria 1;Habilitado; Giménez Sebastián Victor;;;,calle Chajarí 2580 casa 47 Barrio Progreso ;Neuquen;Sin especificar;Sebaeunice1@gmail.com;Consumidor final;;0;28361859;DNI;Pesos;0;;;;; ;
2783;Categoria 1;Habilitado;Ivanna Benvenutto;;;Emilio mitre 435 piso 13 A CABA;Capital Federal;Sin especificar;ivisbenve@gmail.com;Consumidor final;;0;40184932;DNI;Pesos;0;;;;; ;
2784;Categoria 1;Habilitado;Diego oliveras;;;Calle 8 n 260 / General Belgrano;Sin especificar;Sin especificar;Diegoliverasnn@gmail.com;Consumidor final;;0;29216908;DNI;Pesos;0;;;;; ;
2785;Categoria 1;Habilitado;Martin Donnola GoPlot;Martin;+54 9 2615 45-4473;;MENDOZA CIUDAD;Mendoza;;Consumidor final;;0;0;Ninguno;Pesos;0;;;;; ;
2786;Categoria 1;Habilitado;Marcela Villalba Imprenta Gallardo;Marcela;+54 9 11 4085-4681;av Medrano 839;Ciudad Autónoma De Buenos Aires;CABA;;Consumidor final;;0;0;Ninguno;Pesos;0;;;;; ;
2787;Categoria 1;Habilitado;Juan Martin Ploteo Style;Juan Martin;+54 9 11 3216-5105;;Villa Urquiza;CABA;;Consumidor final;;0;0;Ninguno;Pesos;0;;;;; ;
2789;Categoria 1;Habilitado;Pablo MonosPerta;Pablo;+54 9 11 6820-1670;AV. Constituyentes 4468 - Villa urquiza Caba ;Villa Urquiza;CABA;manosperta.pablo@gmail.com;Consumidor final;;0;35350285;DNI;Pesos;0;;;;; ;
2790;Categoria 1;Habilitado;DONNOLA, PAULO MARTIN;;;QUINTANA 4795  Dpto:7;VILLANUEVA;Mendoza;martindonnola@gmail.com;IVA Responsable Inscripto;DONNOLA, PAULO MARTIN;20259502196;0;Ninguno;Pesos;0;;;;; ;
2791;Categoria 1;Habilitado;Ciardella Sabrina ;Sabrina;+54 9 3731 45-5669;;chaco;Chaco;;Consumidor final;;0;0;Ninguno;Pesos;0;;;;; ;
2792;Categoria 1;Habilitado;Adrian Dera;Adrian;+54 9 2215 02-5304;;La plata;Sin especificar;;Consumidor final;;0;0;Ninguno;Pesos;0;;;;; ;
2793;Categoria 1;Habilitado;Ivan Figueredo;Ivan ;+54 9 11 6956-5619;Martinez Rosas 947;Villa Crespo;CABA;;Consumidor final;;0;0;Ninguno;Pesos;0;;;;; ;
2794;Categoria 1;Habilitado;Trayecto Srl;Leonardo;+54 9 11 3334-4442;MERCEDES(EXR.OBLIGADO) 2855;VILLA ZAGALA;Buenos Aires;;IVA Responsable Inscripto;TRAYECTO  SRL;33708912269;0;Ninguno;Pesos;0;;;;; ;
2795;Categoria 1;Habilitado;CURILEN, MAURICIO ANDRES;Muricio;+54 9 2984 82-5651;Pacheco y Brown;CHOELE CHOEL;Río Negro;surgraficavinilos@yahoo.com.ar;IVA Responsable Inscripto;CURILEN, MAURICIO ANDRES;20293879282;0;Ninguno;Pesos;0;;;;; ;
2796;Categoria 1;Habilitado;Alejandro Forero;;;Av Rivadavia 6836 local 41 ;Capital Federal;Sin especificar;ventasapprepair@gmail.com;Consumidor final;;0;19121484;DNI;Pesos;0;;;;; ;
2797;Categoria 1;Habilitado;RUTSCHI, JUAN PABLO;;;NAZCA AV. 2543;Ciudad Autónoma De Buenos Aires;CABA;Studiosupera3@gmail.com;IVA Responsable Inscripto;RUTSCHI, JUAN PABLO;23272171459;0;Ninguno;Pesos;0;;;;; ;
2798;Categoria 1;Habilitado;CONDOMINIO CONDOMINIO CAPURRO GRACIELA M Y CAPURRO GABRIELA;;;PERU 2332 Piso:1 Dpto:B;SAN JUSTO;Buenos Aires;;IVA Responsable Inscripto;CONDOMINIO CONDOMINIO CAPURRO GRACIELA M Y CAPURRO GABRIELA;30714244414;0;Ninguno;Pesos;0;;;;; ;
2799;Categoria 1;Habilitado;Marina Goicoechea/ logositica general lavalle;marina;+54 9 2257 51-2069;LOPEZ DE ARMENTIA 798;GENERAL LAVALLE;Buenos Aires;;Consumidor final;LOGISTICA GENERAL LAVALLE S.R.L;30711117772;0;Ninguno;Pesos;0;;;;; ;
2800;Sin especificar;Habilitado;LOGISTICA GENERAL LAVALLE S.R.L;;;LOPEZ DE ARMENTIA 798;GENERAL LAVALLE;Buenos Aires;;Consumidor final;LOGISTICA GENERAL LAVALLE S.R.L;30711117772;0;Ninguno;Pesos;0;;;;; ;
2801;Categoria 1;Habilitado;CASTELLUCCI, MARIANA FLORENCIA;Mariana;+54 9 11 6007-7325;PACHECO DE MELO JOSE 2470 Piso:3 Dpto:A;Ciudad Autónoma De Buenos Aires;CABA;;Responsable Monotributo;CASTELLUCCI, MARIANA FLORENCIA;27276277281;0;Ninguno;Pesos;0;;;;; ;
2802;Categoria 1;Habilitado;ZURITA, FACUNDO GERMAN;;;PERITO MORENO 364;CUTRAL CO;Neuquén;Contacto.graficazurita@gmail.com;IVA Responsable Inscripto;ZURITA, FACUNDO GERMAN;20325704765;0;Ninguno;Pesos;0;;;;; ;
2803;Categoria 1;Habilitado;Gerard Pastrana;;;Aizpurua 3160 - caba ;Capital Federal;Sin especificar;wadesq@gmial.com;Consumidor final;;0;9602481;DNI;Pesos;0;;;;; ;
2804;Categoria 1;Habilitado;Pablo Franscescoli;;;chiarrarin 1319 caba;Sin especificar;Sin especificar;;Consumidor final;;0;33197927;DNI;Pesos;0;;;;; ;
2805;Categoria 1;Habilitado;CONTE, GABRIEL NORBERTO;gabriel conte (star grafica);+54 9 11 6127-3723;DR. JOSE MARIA TORRES 635;CASTELAR;Buenos Aires;;IVA Responsable Inscripto;CONTE, GABRIEL NORBERTO;20184830915;0;Ninguno;Pesos;0;;;;; ;
2807;Categoria 1;Habilitado;Michelle vinilstudio;Michelle;+54 9 11 2397-6718;;Caballito;Sin especificar;;Consumidor final;;0;0;Ninguno;Pesos;0;;;;; ;
2808;Categoria 1;Habilitado;PRELUDIO PRODUCCIONES S.A.;;;LIBERTADOR DEL AV. 5116 Piso:7 Dpto:B;Ciudad Autónoma De Buenos Aires;CABA;lolipettinari@gmail.com;IVA Responsable Inscripto;PRELUDIO PRODUCCIONES S.A.;30711499616;0;Ninguno;Pesos;0;;;;; ;
2809;Categoria 1;Habilitado;LECUNA, EDIT MARICEL;;;JILGUERO 1364;MAQUINISTA FRANCISCO SAVIO(ESCOBAR);Buenos Aires;;IVA Responsable Inscripto;LECUNA, EDIT MARICEL;27258775398;0;Ninguno;Pesos;0;;;;; ;
2810;Categoria 1;Habilitado;AGUILERA, CRISTIAN MARTIN;Martin;+54 9 2281 41-9146;Tapalqué, en Av. España Entre 9 de julio y 25 de mayo;TAPALQUE;Buenos Aires;Martin_aguilera_14@hotmail.com;Responsable Monotributo;AGUILERA, CRISTIAN MARTIN;20386888052;0;Ninguno;Pesos;0;;;;; ;
2811;Categoria 1;Habilitado;ASOCIACION CATOLICA IRLANDESA;;;GAONA AV. 2068;Ciudad Autónoma De Buenos Aires;CABA;;IVA Responsable Inscripto;ASOCIACION CATOLICA IRLANDESA;30525627728;0;Ninguno;Pesos;0;;;;; ;
2812;Categoria 1;Habilitado;REBOLUCION S. A.;;;BETBEDER ONOFRE ALTE 1252;Ciudad Autónoma De Buenos Aires;CABA;;IVA Responsable Inscripto;REBOLUCION S. A.;30709049867;0;Ninguno;Pesos;0;;;;; ;
2813;Categoria 1;Habilitado;TOUR OPERADORA TURISMO S.R.L.;;;MAIPU 42 Piso:3 Dpto:231;Ciudad Autónoma De Buenos Aires;CABA;;IVA Responsable Inscripto;TOUR OPERADORA TURISMO S.R.L.;30710902824;0;Ninguno;Pesos;0;;;;; ;
2814;Categoria 1;Habilitado;CASTILLO, JUAN PABLO ESTEBAN;Juan Castillo Bahia blanca;+54 9 2915 73-9963;Mendoza 1413;Bahia Blanca;Buenos Aires;;IVA Responsable Inscripto;CASTILLO, JUAN PABLO ESTEBAN;20256551927;0;Ninguno;Pesos;0;;;;; ;
2815;Categoria 1;Habilitado;Anamirlis Valladares ;;;Luis María Dragó 302, Villa Crespo, Caba. ;Sin especificar;Sin especificar;anamirlisvalladares26@gmail.com;Consumidor final;;0;96275457;DNI;Pesos;0;;;;; ;
2816;Categoria 1;Habilitado;Flavio Mion;;;Marcos Paz 3484;Sin especificar;Sin especificar;Fmionster@gmail.com;Consumidor final;;0;22735270;DNI;Pesos;0;;;;; ;
2817;Categoria 1;Habilitado;CG SOCIEDAD ANONIMA;German Cg sociedad;+54 9 11 6534-0178;CALLE 830 483;SAN FRANCISCO SOLANO (QUILMES);Buenos Aires;;IVA Responsable Inscripto;CG SOCIEDAD ANONIMA;30591058939;0;Ninguno;Pesos;0;;;;; ;
2818;Categoria 1;Habilitado;URBANEJA GUTIERREZ, ORNELLA ELVIRA;Ornella Urbaneja;+54 9 11 3187-3639;SAN MARTIN AV. 3270 Piso:1 Dpto:B;Ciudad Autónoma De Buenos Aires;CABA;;Responsable Monotributo;URBANEJA GUTIERREZ, ORNELLA ELVIRA;27957964228;0;Ninguno;Pesos;0;;;;; ;
2819;Sin especificar;Habilitado;UNIVERSIDAD DE BUENOS AIRES;Kari;+54 9 11 5527-2853;VIAMONTE 444;Ciudad Autónoma De Buenos Aires;CABA;;IVA Sujeto Exento;UNIVERSIDAD DE BUENOS AIRES;30546666561;0;Ninguno;Pesos;0;;;;; ;
2820;Categoria 1;Habilitado;TANDEM GLOBAL LOGISTICS S.A.;Fer;+54 9 11 5428-5014;PERU 359 Piso:11 Dpto:1101;Ciudad Autónoma De Buenos Aires;CABA;;IVA Responsable Inscripto;TANDEM GLOBAL LOGISTICS S.A.;30715003461;0;Ninguno;Pesos;0;;;;; ;
2821;Categoria 1;Habilitado;Julio Caceres;Julio Chajari entre rios;54 9 3424 21-7643;San Antonio 1625 - Chajarí Entre Ríos;CHAJARI;Entre Ríos;julioca_12@hotmail.com;Consumidor final;;0;92894984;DNI;Pesos;0;;;;; ;
2822;Categoria 1;Habilitado;ROBIROSA, CARLOS ANDRES;;;Av. San Martin 5931 Posadas Misiones;POSADAS;Misiones;;IVA Responsable Inscripto;ROBIROSA, CARLOS ANDRES;20343662182;0;Ninguno;Pesos;0;;;;; ;
2823;Categoria 1;Habilitado;ZARAIK, DANIELA SOLEDAD;Jonathan Navar;+54 9 11 2440-1424;LA NORIA 48;EXALTACION DE LA CRUZ;Buenos Aires;;IVA Responsable Inscripto;ZARAIK, DANIELA SOLEDAD;27379322722;0;Ninguno;Pesos;0;;;;; ;
2824;Categoria 1;Habilitado;Lian Valentin Guiñez Abrigo;Lian;+54 9 2944 30-9680;calle orfiva 5 .   provincia :Neuquen, plottier;Neuquen;Sin especificar;lianguinez23@gmail.com;Consumidor final;;0;45733892;DNI;Pesos;0;;;;; ;
2825;Categoria 1;Habilitado;LADOBLEA S.A.;;;MACHAIN 4534;Ciudad Autónoma De Buenos Aires;CABA;;IVA Responsable Inscripto;LADOBLEA S.A.;30707293280;0;Ninguno;Pesos;0;;;;; ;
2826;Categoria 1;Habilitado;FORZA ARTESANAL S. R. L.;Claudia;+54 9 11 4180-8886;FORMOSA 369;Ciudad Autónoma De Buenos Aires;CABA;;IVA Responsable Inscripto;FORZA ARTESANAL S. R. L.;30718316355;18316355;DNI;Pesos;0;;;;; ;
2827;Categoria 1;Habilitado;SERVICIOS GRAFICOS FARGRES S. R. L.;;;MARTIN Y OMAR 129  Dpto:23;SAN ISIDRO;Buenos Aires;;IVA Responsable Inscripto;SERVICIOS GRAFICOS FARGRES S. R. L.;30717638960;0;Ninguno;Pesos;0;;;;; ;
2828;Categoria 1;Habilitado;PEGSA GROUP S.A;Josefina;54 9 11 5116-4237;JUAN DIAZ DE SOLIS 2794;MARTINEZ;Buenos Aires;;IVA Responsable Inscripto;PEGSA GROUP S.A;30708130474;0;Ninguno;Pesos;0;;;;; ;
2829;Sin especificar;Habilitado;CRISTIANSSON, VICTOR AXEL;Axel;+54 9 11 4049-2608;LUIS SAENZ PE#A 2647;MARTINEZ;Buenos Aires;;Responsable Monotributo;CRISTIANSSON, VICTOR AXEL;20203504870;0;Ninguno;Pesos;0;;;;; ;
2830;Categoria 1;Habilitado;MATTONE, MARIA AGUSTINA;Esteban;+54 9 2215 89-7360;70 999;LA PLATA SUDESTE CALLE 50 AMBAS VEREDAS;Buenos Aires;premiartelp@hotmail.com;IVA Responsable Inscripto;MATTONE, MARIA AGUSTINA;27390972704;0;Ninguno;Pesos;0;;;;; ;
2831;Categoria 1;Habilitado;Lucas garro;;;holmberg 3942, saavedra, capital federal ;Sin especificar;Sin especificar;lucasg9410@gmail.com;Consumidor final;;0;35356048;DNI;Pesos;0;;;;; ;
2833;Categoria 1;Habilitado;Lauro Murguia ;;;retira en el local ;Sin especificar;Sin especificar;Lauromurguia@gmail.com;Consumidor final;;0;28196102;DNI;Pesos;0;;;;; ;
2834;Categoria 1;Habilitado;UNION VISUAL SRL;Cinthia;+54 9 11 3789-3302;BARILOCHE 1081;FRANCISCO ALVAREZ;Buenos Aires;;IVA Responsable Inscripto;UNION VISUAL SRL;30710534434;0;Ninguno;Pesos;0;;;;; ;
2835;Categoria 1;Habilitado;VANNI, FEDERICO;;;BELAUSTEGUI L.DR. 945  Dpto:2;Ciudad Autónoma De Buenos Aires;CABA;;IVA Responsable Inscripto;VANNI, FEDERICO;20390687657;0;Ninguno;Pesos;0;;;;; ;
2836;Categoria 1;Habilitado;BUNKER COOPERATIVA DE TRABAJO LIMITADA;Giovanna García;+54 9 11 2251-8193;ECHEANDIA 2850;Ciudad Autónoma De Buenos Aires;CABA;;IVA Responsable Inscripto;BUNKER COOPERATIVA DE TRABAJO LIMITADA;30717462978;0;Ninguno;Pesos;0;;;;; ;
2837;Categoria 1;Habilitado;DI BLASI, CLAUDIO JORGE;persico;;MONROE 4085;Ciudad Autónoma De Buenos Aires;CABA;;IVA Responsable Inscripto;DI BLASI, CLAUDIO JORGE;20146184066;0;Ninguno;Pesos;0;;;;; ;
2838;Categoria 1;Habilitado;TRANSPORTE MAFLONI SRL (Fernando Palma);Fernando Palma;;Patagones 1146 - Bahia Blanca (C.P.:8000);Bahia Blanca;Buenos Aires;ferpalma_33@hotmail.com;IVA Responsable Inscripto;TRANSPORTE MAFLONI SRL;30709615544;0;Ninguno;Pesos;0;;;;; ;
2839;Categoria 1;Habilitado;SUVAN;Gustavo Chediak;+54 9 2214 28-3131;34 86;LA PLATA NOROESTE CALLE 50;Buenos Aires;;IVA Responsable Inscripto;SUVAN;30716404842;0;Ninguno;Pesos;0;;;;; ;
2840;Categoria 1;Habilitado;Pro Imagen ;Matias;11 4049-3075;;Sin especificar;Sin especificar;;Consumidor final;;0;0;Ninguno;Pesos;0;;;;; ;
2841;Categoria 1;Habilitado;LA LLAVE CONTENT S.R.L.;;;JUAN XXIII 1551 Piso:P.B.   T:B;VILLA BOSCH;Buenos Aires;;IVA Responsable Inscripto;LA LLAVE CONTENT S.R.L.;33718652109;0;Ninguno;Pesos;0;;;;; ;
2842;Categoria 1;Habilitado;UNIFORMES ELIPOL S.R.L.;Pablo Slaven;+54 9 11 3778-7171;Pres. Luis saenz peña 296, caba.;Ciudad Autónoma De Buenos Aires;CABA;;IVA Responsable Inscripto;UNIFORMES ELIPOL S.R.L.;30716223856;0;Ninguno;Pesos;0;;;;; ;
2843;Categoria 1;Habilitado;Alejandro ( Solonoi );Alejandro (Solonoi);+54 9 11 3131-9602;cid campeador;Caballito;Sin especificar;;Consumidor final;;0;0;Ninguno;Pesos;0;;;;; ;
2844;Sin especificar;Habilitado;BARBERO, LAUTARO JESUS;;;DIVISI&#211 N DE LOS ANDES 908;PARANA;Entre Ríos;;IVA Responsable Inscripto;BARBERO, LAUTARO JESUS;23420704399;0;Ninguno;Pesos;0;;;;; ;
2845;Categoria 1;Habilitado;Alejandro Louk (seven indumentaria);Alejandro;+54 9 3731 62-9256;;Sin especificar;Sin especificar;;Consumidor final;;0;0;Ninguno;Pesos;0;;;;; ;
2846;Categoria 1;Habilitado;Graciela F creativos;Graciela ;+54 9 2954 55-6139;;La Pampa;Sin especificar;;Consumidor final;;0;0;Ninguno;Pesos;0;;;;; ;
2847;Categoria 1;Habilitado;SUNEN SRL;Sergio Villalba;+54 9 11 4049-3075;ARENALES 3069 Piso:1 Dpto:B;Ciudad Autónoma De Buenos Aires;CABA;;IVA Responsable Inscripto;SUNEN SRL;30716930390;0;Ninguno;Pesos;0;;;;; ;
2848;Categoria 1;Habilitado;Tuning Garage;Gian;+54 9 11 4063-4147;;Ciudad Autónoma De Buenos Aires;CABA;;Consumidor final;;0;0;Ninguno;Pesos;0;;;;; ;
2849;Categoria 1;Habilitado;SANTUCHO ARAR, BRIAN ALEX;;;MIRANDA 4609 Piso:11 Dpto:B;Ciudad Autónoma De Buenos Aires;CABA;;IVA Responsable Inscripto;SANTUCHO ARAR, BRIAN ALEX;20335456727;0;Ninguno;Pesos;0;;;;; ;
2850;Categoria 1;Habilitado;VREME SA;Bibiana Diaz Martinez;+54 9 11 5927-7719;ALVAREZ DONATO TTE.G 535;Ciudad Autónoma De Buenos Aires;CABA;;IVA Responsable Inscripto;VREME SA;30712161120;0;Ninguno;Pesos;0;;;;; ;
2851;Categoria 1;Habilitado;D LED SOCIEDAD DE HECHO DE DIEGO NICOLAS BARSKY Y DAMIAN DAN;Sol;+54 9 11 6856-5631;JUSTO JUAN B AV. 2075;Ciudad Autónoma De Buenos Aires;CABA;compras@demasled.com.ar;IVA Responsable Inscripto;D LED SOCIEDAD DE HECHO DE DIEGO NICOLAS BARSKY Y DAMIAN DANEL SPIVAK;30710730845;0;Ninguno;Pesos;0;;;;; ;
2852;Categoria 1;Habilitado;BRAMANO, RAUL GERONIMO;Laura auprint;+54 9 11 5049-9822;HIDALGO 1030 Piso:1 Dpto:7;Ciudad Autónoma De Buenos Aires;CABA;;IVA Responsable Inscripto;BRAMANO, RAUL GERONIMO;23235677229;0;Ninguno;Pesos;0;;;;; ;
2853;Categoria 1;Habilitado;ASOS COOP JUAN GREGORIO LAS HERAS;;;ALVAREZ JULIAN 2849;Ciudad Autónoma De Buenos Aires;CABA;;IVA Sujeto Exento;ASOS COOP JUAN GREGORIO LAS HERAS;30679460443;0;Ninguno;Pesos;0;;;;; ;
2854;Categoria 1;Habilitado;PARQUE DE LA COSTA SOCIEDAD ANONIMA;;;BARTOLOME MITRE 2;TIGRE;Buenos Aires;;IVA Responsable Inscripto;PARQUE DE LA COSTA SOCIEDAD ANONIMA;30659858874;0;Ninguno;Pesos;0;;;;; ;
2855;Categoria 1;Habilitado;VALENTE PUBLICITARIA SRL;Javier;+54 9 3424 28-6721;LAMADRID 7240;SANTA FE;Santa Fe;;IVA Responsable Inscripto;VALENTE PUBLICITARIA SRL;30715396854;0;Ninguno;Pesos;0;;;;; ;
2856;Categoria 1;Habilitado;INCHAUSTI  PARINELLI REALIZACIONES S.R.L.;Agustin;+54 9 11 6516-1372;TERRERO 2169;Ciudad Autónoma De Buenos Aires;CABA;;IVA Responsable Inscripto;INCHAUSTI  PARINELLI REALIZACIONES S.R.L.;33711946069;0;Ninguno;Pesos;0;;;;; ;
2857;Categoria 1;Habilitado;CASCO FREDA, ALEJANDRO LUIS;Alejandro casco;+54 9 11 6211-3124;LASCANO 6925;Ciudad Autónoma De Buenos Aires;CABA;;Responsable Monotributo;CASCO FREDA, ALEJANDRO LUIS;20253861100;0;Ninguno;Pesos;0;;;;; ;
2858;Categoria 1;Habilitado;Jesus Centeno;Jesus Centeno;+54 9 11 6231-0725;;MONTE GRANDE;Sin especificar;;Consumidor final;;0;0;Ninguno;Pesos;0;;;;; ;
2859;Categoria 1;Deshabilitado;NAVETTA LEONARDO MARTIN Y PALUSCI ROBERTO DOMINGO SOCIEDAD D;;;JOSE MARIA VERDUGA 1949;VILLA ADELINA;Buenos Aires;;IVA Responsable Inscripto;NAVETTA LEONARDO MARTIN Y PALUSCI ROBERTO DOMINGO SOCIEDAD DE HECHO;30711445788;0;Ninguno;Pesos;0;;;;; ;
2860;Categoria 1;Habilitado;Ayelen Pavon;Ayelen;+54 9 11 4437-8992;Yatay y corrientes;Ciudad Autónoma De Buenos Aires;CABA;;Consumidor final;;0;0;Ninguno;Pesos;0;;;;; ;
2861;Categoria 1;Habilitado;FERREIRA SERRA, CARLOS MARIA;;;97 7536;POSADAS;Misiones;;IVA Responsable Inscripto;FERREIRA SERRA, CARLOS MARIA;20939785052;0;Ninguno;Pesos;0;;;;; ;
2862;Categoria 1;Habilitado;SOLINI, MARINA LETICIA;Marina Solini;+54 9 11 5591-3055;BILBAO FRANCISCO 2670;Ciudad Autónoma De Buenos Aires;CABA;;IVA Responsable Inscripto;SOLINI, MARINA LETICIA;27217323377;0;Ninguno;Pesos;0;;;;; ;
2863;Categoria 1;Habilitado;cristian Brozobic;Cristian Brozobic;+54 9 11 3296-1502;Viila ruel 1090-CABA;Villa Crespo;CABA;;Consumidor final;;0;95744542;DNI;Pesos;0;;;;; ;
2864;Categoria 1;Habilitado;BORGNA, CARLOS ABEL;Carlos Borgna;+54 9 2302 60-0226;3 1837;GENERAL PICO;La Pampa;;IVA Responsable Inscripto;BORGNA, CARLOS ABEL;20265076980;0;Ninguno;Pesos;0;;;;; ;
2866;Categoria 1;Habilitado;SAMASTITI S.R.L.;Adrian (samastiti);+54 9 11 5595-0631;LOYOLA 501;Ciudad Autónoma De Buenos Aires;CABA;;IVA Responsable Inscripto;SAMASTITI S.R.L.;33715063579;0;Ninguno;Pesos;0;;;;; ;
2867;Categoria 1;Habilitado;Ailén Luján;;;Elordi 135, San Carlos de Bariloche, Río Negro;Sin especificar;Sin especificar;lujanailen@gmail.com;Consumidor final;;0;35817748;DNI;Pesos;0;;;;; ;
2868;Categoria 1;Habilitado;TOMAS PALMERO;Tomas;+54 9 2345 66-8820;;SALADILLO;Buenos Aires;;Consumidor final;;0;0;Ninguno;Pesos;0;;<p>TRANSPORTE: MD CARGAS o RETIRA CON COMISIONISTA</p>;;; ;
2869;Categoria 1;Habilitado;Lucas Paints Cars;Lucas;+54 9 11 5992-9401;;Caballito;Sin especificar;;Consumidor final;;0;0;Ninguno;Pesos;0;;;;; ;
2870;Categoria 1;Habilitado;GRUPO MARGO S.R.L.;Gabriel;+54 9 11 5226-5395;TRIUNVIRATO AV. 3328 Piso:7 Dpto:B;Ciudad Autónoma De Buenos Aires;CABA;;IVA Responsable Inscripto;GRUPO MARGO S.R.L.;30718369645;0;Ninguno;Pesos;0;;;;; ;
2871;Categoria 1;Habilitado;PABLO MORENO;Pablo moreno;+54 9 11 3129-6622;;LANUS;Buenos Aires;;Consumidor final;;0;0;Ninguno;Pesos;0;;;;; ;
2872;Categoria 1;Habilitado;THE CONNECTING ROD S.A.;Pablo moreno colocador;+54 9 11 3129-6622;FIGUEROA ALCORTA AV. 3351 Dpto:216;Ciudad Autónoma De Buenos Aires;CABA;;IVA Responsable Inscripto;THE CONNECTING ROD S.A.;30711477175;0;Ninguno;Pesos;0;;;;; ;
2873;Categoria 1;Habilitado;SONDER ;;+54 9 3416 60-3344;;Sin especificar;Sin especificar;;Consumidor final;;0;0;Ninguno;Pesos;0;;;;; ;
2874;Categoria 1;Habilitado;JAQUELINE ;Jaqueline;+54 9 11 3350-3618;;Quilmes;Sin especificar;;Consumidor final;;0;0;Ninguno;Pesos;0;;;;; ;
2875;Categoria 1;Habilitado;ELVIO (ONCE CABA) GW VINILOS;ELVIO;+54 9 11 3122-1971;;Ciudad Autónoma De Buenos Aires;CABA;;Consumidor final;;0;0;Ninguno;Pesos;0;;;;; ;
2876;Categoria 1;Habilitado;SERGIO CANILLAN ;Sergio Canillan;+54 9 11 3041-8358;;VILLA BOSCH;Buenos Aires;;Consumidor final;;0;0;Ninguno;Pesos;0;;;;; ;
2877;Categoria 1;Habilitado;FERNANDO GALUCCI;fernando;+54 9 11 6092-5761;;Quilmes;Sin especificar;;Consumidor final;;0;0;Ninguno;Pesos;0;;;;; ;
2878;Categoria 1;Habilitado;Gustavo CENTURIÓN -GC_ploteos;Gustavo CENTURIÓN ;+54 9 11 4578-3218;;Ciudad Autónoma De Buenos Aires;CABA;;Consumidor final;;0;0;Ninguno;Pesos;0;;;;; ;
2879;Categoria 1;Habilitado;EMILIANO LEONARDI;EMILIANO EX DIGITAL IMPRESS;+54 9 11 6048-8670;America 265 Haedo ;Ciudad Autónoma De Buenos Aires;CABA;;Consumidor final;;0;26617794;DNI;Pesos;0;;;;; ;
2880;Categoria 1;Habilitado;CAROLINA DIAZ;Carolina Diaz (boedo);+54 9 11 5639-1363;Colombres 1451;Ciudad Autónoma De Buenos Aires;CABA;;Consumidor final;;0;0;Ninguno;Pesos;0;;;;; ;
2881;Categoria 1;Habilitado;IVAN ESCOBAR;;;lugano;Sin especificar;Sin especificar;;Consumidor final;;0;5670826;DNI;Pesos;0;;;;; ;
2882;Categoria 1;Habilitado;EMINENT BIENES RAICES S.A.;;;CAMARGO 1001;Ciudad Autónoma De Buenos Aires;CABA;;IVA Responsable Inscripto;EMINENT BIENES RAICES S.A.;30715909738;0;Ninguno;Pesos;0;;;;; ;
2883;Categoria 1;Habilitado;Sebastian (la Plata);Sebastian ;+54 9 2213 05-8010;63 165 y 165 bis  sin número local negro y verde;La plata;Sin especificar;;Consumidor final;;0;0;Ninguno;Pesos;0;;;;; ;
2884;Categoria 1;Habilitado;PAOLILLO Y CIA.;Leonardo;+54 9 2214 63-7395;BULNES 1102;Ciudad Autónoma De Buenos Aires;CABA;;IVA Responsable Inscripto;PAOLILLO Y CIA.;30716423065;0;Ninguno;Pesos;0;;;;; ;
2885;Categoria 1;Habilitado;NABAIS ROBALO, MARIA SILVINA;Silvina Nabais;+54 9 3489 58-3203;SAN MARTIN 273 Piso:0 Dpto:1 S:0 T:0 M:0;CAMPANA;Buenos Aires;;IVA Responsable Inscripto;NABAIS ROBALO, MARIA SILVINA;27232087957;0;Ninguno;Pesos;0;;;;; ;
2886;Categoria 1;Habilitado;GIANNI;GIANNI;+54 9 3516 50-1507;;Sin especificar;Sin especificar;;Consumidor final;;0;0;Ninguno;Pesos;0;;;;; ;
2887;Categoria 1;Habilitado;GABRIEL TIROTTA;Gabriel Tirotta;+54 9 11 6720-7093;;AVELLANEDA;Buenos Aires;;Consumidor final;;0;0;Ninguno;Pesos;0;;;;; ;
2888;Categoria 1;Habilitado;ASOCIACION COOPERADORA ABRIENDO CAMINOS DEL JARDIN MATERNAL ;;;BONPLAND 1324;Ciudad Autónoma De Buenos Aires;CABA;;IVA Sujeto Exento;ASOCIACION COOPERADORA ABRIENDO CAMINOS DEL JARDIN MATERNAL N° 8 DEL D.E. 9;30709387169;0;Ninguno;Pesos;0;;;;; ;
2890;Categoria 1;Habilitado;COSTA, DANIEL OSCAR;;;12 nro 540/42 entre 42 y 43 la plata portón verde;LA PLATA NOROESTE CALLE 50;Buenos Aires;;IVA Responsable Inscripto;COSTA, DANIEL OSCAR;23175691839;0;Ninguno;Pesos;0;;;;; ;
2891;Categoria 1;Habilitado;LAROTONDA, RODOLFO MARIO;Adrian;+54 9 11 3633-4718;Av. Díaz Velez 1387 (tornería) entre Roca y Pellegrini - Ramos Mejia.;Ramos Mejia;Sin especificar;Griselda@impresorarumbo.com.ar;IVA Responsable Inscripto;LAROTONDA, RODOLFO MARIO;23116847809;0;Ninguno;Pesos;0;;;;; ;
2892;Categoria 1;Habilitado;DIEGO SUAREZ ;Diego Suarez;+54 9 11 6575-1930;;Capital Federal;Sin especificar;;Consumidor final;;0;0;Ninguno;Pesos;0;;;;; ;
2893;Categoria 1;Habilitado;Jorge alberto garcia (Grafikavisual) ;Jorge Garcia;+54 9 2246 51-0504;  calle 2 9024 mar del tuyu;MAR DEL TUYU;Buenos Aires;;Consumidor final;;0;21464519;DNI;Pesos;0;;<p>x via cargo a terminal !!!</p>;;; ;
2894;Categoria 1;Habilitado;FEDERICO ROMIGLIO;federico somiglio (mapi);+54 9 2268 51-3889;;MAIPU;Buenos Aires;;Consumidor final;;0;0;Ninguno;Pesos;0;;;;; ;
2895;Sin especificar;Habilitado;EZEQUIEL CAVALIERI;EZEQUIEL;+54 9 11 3205-6067;;JOSE MARMOL;Buenos Aires;;Consumidor final;;0;0;Ninguno;Pesos;0;;;;; ;
2896;Categoria 1;Habilitado;JOSE VIERA;Jose viera instalador;+54 9 11 3231-0158;;Capital Federal;Sin especificar;;Consumidor final;;0;0;Ninguno;Pesos;0;;;;; ;
2897;Categoria 1;Habilitado;INTER SIGN S.A.;;;ALMOGAVARES 6095 - box 34 (transporte lanzioni);LOS BOULEVARES;Córdoba;;IVA Responsable Inscripto;INTER SIGN S.A.;30707475265;0;Ninguno;Pesos;0;;;;; ;
2898;Categoria 1;Habilitado;PROMOTOR S.A.;;;Av Julio A Roca 740, Barrio Guemes, Ciudad de Córdoba;Cordoba capital;Sin especificar;;IVA Responsable Inscripto;PROMOTOR S.A.;30708539208;0;Ninguno;Pesos;0;;;;;5000;
2899;Categoria 1;Habilitado;ASAVRA SRL;Axel;+54 9 11 5579-7739;MAURE 2920;Ciudad Autónoma De Buenos Aires;CABA;;IVA Responsable Inscripto;ASAVRA SRL;33714939489;0;Ninguno;Pesos;0;;;;; ;
2900;Categoria 1;Habilitado;RAMOS, RAUL EZEQUIEL;;;URUGUAY 689 ;Capital Federal;Sin especificar;;Consumidor final;RAMOS, RAUL EZEQUIEL;20349909031;0;Ninguno;Pesos;0;;;;; ;
2901;Categoria 1;Habilitado;Vitalone Franco;54 9 2214 19-1688;;Calle 13 N4839 170/171 ante ultima casa.;Berisso;Sin especificar;;Consumidor final;;0;29772690;DNI;Pesos;0;;;;; ;
2902;Categoria 1;Habilitado;MAGALLANES, CARLOS ENRIQUE;Natalia isetta ;+54 9 2657 70-7254;SALTA 474, V. MERCEDES (S. L.);VILLA MERCEDES;San Luis;;IVA Responsable Inscripto;MAGALLANES, CARLOS ENRIQUE;20182060799;0;Ninguno;Pesos;0;;;;; ;
2903;Categoria 1;Habilitado;stella Maris Marín;54 9 2216 14-8002;; 140 esquina 34 N95;La plata;Sin especificar;;Consumidor final;;0;20519073;DNI;Pesos;0;;;;; ;
2904;Categoria 1;Habilitado;Sabrina Olano;;; los federales 613 Ceibas (ENTRE RIOS);Sin especificar;Sin especificar;;Consumidor final;;0;31567399;DNI;Pesos;0;;;;; ;
2905;Categoria 1;Habilitado;YANES, STELLAMARIS;;;898 4239;SAN FRANCISCO SOLANO (QUILMES);Buenos Aires;;Responsable Monotributo;YANES, STELLAMARIS;27124458663;0;Ninguno;Pesos;0;;;;; ;
2906;Categoria 1;Habilitado;BAYRES RC AMBIENTAL SRL;Marcelo (Solano) Mikcalcos;+54 9 11 4069-2446;MAIPU 464 Piso:4 Dpto:FRENT;Ciudad Autónoma De Buenos Aires;CABA;;IVA Responsable Inscripto;BAYRES RC AMBIENTAL SRL;30717494438;0;Ninguno;Pesos;0;;;;; ;
2907;Categoria 1;Habilitado;Tejedor Guadalupe;Mauro o Guadalupe;+54 9 2974 16-7533;RIVADAVIA 945;PERITO MORENO;Santa Cruz;;IVA Responsable Inscripto;TEJEDOR, GUADALUPE;27337763745;0;Ninguno;Pesos;0;;;;; ;
2908;Categoria 1;Habilitado;RLD DEVELOPMENT SRL;;;ESCALADA AV. 3021 Piso:0 Dpto:0 S:0 T:0 M:0;Ciudad Autónoma De Buenos Aires;CABA;;IVA Responsable Inscripto;RLD DEVELOPMENT SRL;30715766198;0;Ninguno;Pesos;0;;;;; ;
2910;Categoria 1;Habilitado;SEIS EMPRENDEDORES S.R.L.;;;NAZCA AV. 796;Ciudad Autónoma De Buenos Aires;CABA;;IVA Responsable Inscripto;SEIS EMPRENDEDORES S.R.L.;30718399897;0;Ninguno;Pesos;0;;;;; ;
2911;Categoria 1;Habilitado;AKSELRAD, DANTE NATAN;;;MAIPU 833;Ciudad Autónoma De Buenos Aires;CABA;;IVA Responsable Inscripto;AKSELRAD, DANTE NATAN;20242708297;0;Ninguno;Pesos;0;;;;; ;
2912;Categoria 1;Habilitado;TORANZOS VARELA, THIAGO NAHUEL;Octavio;+54 9 11 6735-4970;PAREJA 3250;Ciudad Autónoma De Buenos Aires;CABA;;Responsable Monotributo;TORANZOS VARELA, THIAGO NAHUEL;20190779786;0;Ninguno;Pesos;0;;;;; ;
2913;Categoria 1;Habilitado;Sergio Garcia;Sergio Garcia;+54 9 11 6780-3572;;ISIDRO CASANOVA;Sin especificar;;Consumidor final;;0;0;Ninguno;Pesos;0;;;;; ;
2914;Categoria 1;Habilitado;Guspero Miguel Ignacio;;;Av. Rocamora 411 Gualeguaychú Entre Ríos;Sin especificar;Sin especificar;;Consumidor final;;0;29325844;DNI;Pesos;0;;;;; ;
2915;Categoria 1;Habilitado;VISMDVTZKY, DAVID RUBEN;;;CORRIENTES AV. 4362;Ciudad Autónoma De Buenos Aires;CABA;;IVA Responsable Inscripto;VISMDVTZKY, DAVID RUBEN;20076986313;0;Ninguno;Pesos;0;;;;; ;
2916;Categoria 1;Habilitado;RAMPELLO, CARLOS ALBERTO;Eugenia sanchez;+54 9 11 3116-6722;CARACAS 4152 (entre av del carril y pareja);Ciudad Autónoma De Buenos Aires;CABA;;IVA Responsable Inscripto;RAMPELLO, CARLOS ALBERTO;20219634863;0;Ninguno;Pesos;0;;;;; ;
2917;Categoria 1;Habilitado;ARMAS TOLEDO, LENNYS YOSMAR;Nicolas;+54 9 11 7100-1904;URUGUAY 853;Ciudad Autónoma De Buenos Aires;CABA;;Responsable Monotributo;ARMAS TOLEDO, LENNYS YOSMAR;27958982432;0;Ninguno;Pesos;0;;;;; ;
2918;Categoria 1;Habilitado;Leonardo Pino;Mirta;+54 9 11 3438-1167;warnes 799 esquina Serrano;Ciudad Autónoma De Buenos Aires;CABA;;Consumidor final;;0;0;Ninguno;Pesos;0;;;;; ;
2919;Categoria 1;Habilitado;sim Goup ;Hernan Mollo;+54 9 11 3467-0103;;Sin especificar;Sin especificar;;Consumidor final;;0;0;Ninguno;Pesos;0;;;;; ;
2920;Categoria 1;Habilitado;ICEPAR S A C I F I;;;A&#209 ASCO 2216;Ciudad Autónoma De Buenos Aires;CABA;;IVA Responsable Inscripto;ICEPAR S A C I F I;33519668969;0;Ninguno;Pesos;0;;;;; ;
2921;Categoria 1;Habilitado;SAKE SOCIEDAD DE RESPONSABILIDAD LIMITADA;Lara;+54 9 11 2555-2001;VEGA NICETO CNEL 4644;Ciudad Autónoma De Buenos Aires;CABA;;IVA Responsable Inscripto;SAKE SOCIEDAD DE RESPONSABILIDAD LIMITADA;30709058645;0;Ninguno;Pesos;0;;;;; ;
2922;Categoria 1;Habilitado;SAKE SOCIEDAD DE RESPONSABILIDAD LIMITADA;Lara;+54 9 11 2555-2001;VEGA NICETO CNEL 4644;Ciudad Autónoma De Buenos Aires;CABA;;IVA Responsable Inscripto;SAKE SOCIEDAD DE RESPONSABILIDAD LIMITADA;30709058645;0;Ninguno;Pesos;0;;;;; ;
2923;Categoria 1;Habilitado;ARGENTINA COMMERCIAL PROPERTIES S.A.;;;SAN MARTIN 1225;Ciudad Autónoma De Buenos Aires;CABA;;IVA Responsable Inscripto;ARGENTINA COMMERCIAL PROPERTIES S.A.;30517175621;0;Ninguno;Pesos;0;;;;; ;
2924;Categoria 1;Habilitado;FXSM SRL;Leandro;+54 9 11 2379-1274;(ESTRADA) CALLE 48 1433;VILLA MAIPU;Buenos Aires;;IVA Responsable Inscripto;FXSM SRL;30710221886;0;Ninguno;Pesos;0;;;;; ;
2925;Categoria 1;Habilitado;BERNABO, MARIANO;Mariano;+54 9 11 6854-6230;VIEL 885 Piso:3;Ciudad Autónoma De Buenos Aires;CABA;;IVA Responsable Inscripto;BERNABO, MARIANO;23325310359;0;Ninguno;Pesos;0;;;;; ;
2926;Categoria 1;Habilitado;DIAZ, AMPARO;;;CHARLONE 79;Ciudad Autónoma De Buenos Aires;CABA;;IVA Responsable Inscripto;DIAZ, AMPARO;27375404082;0;Ninguno;Pesos;0;;;;; ;
2927;Categoria 1;Habilitado;VAZQUEZ, MARIANO MIGUEL;Rodrigo Rios;;CONSTITUCION 749;RAMOS MEJIA;Buenos Aires;;IVA Responsable Inscripto;VAZQUEZ, MARIANO MIGUEL;20348708458;0;Ninguno;Pesos;0;;;;; ;
2928;Categoria 1;Habilitado;CAIELLI, JUAN BAUTISTA;2291519409;;13 1533;MIRAMAR;Buenos Aires;;Responsable Monotributo;CAIELLI, JUAN BAUTISTA;20391701394;0;Ninguno;Pesos;0;;;;; ;
2929;Categoria 1;Habilitado;CALDERIA OBELAR, AGOSTINA;Agostina calderia ;;SARMIENTO 167;DARREGUEIRA;Buenos Aires;;IVA Responsable Inscripto;CALDERIA OBELAR, AGOSTINA;27377609420;0;Ninguno;Pesos;0;;;;; ;
2930;IVA Responsable Inscripto;Habilitado;LA PEQUE#A FAMILIA S A;;;RUTA 188 Y ALBERDI 0;JUNIN;Buenos Aires;;IVA Responsable Inscripto;LA PEQUE#A FAMILIA S A;30649019017;0;Ninguno;Pesos;0;;;;; ;
2931;Categoria 1;Habilitado;SAEZ, ALEJANDRO ISRAEL;Alejandro saez;+54 9 2915 01-1870;BOUCHARD 2943;Bahia Blanca;Buenos Aires;;Responsable Monotributo;SAEZ, ALEJANDRO ISRAEL;20231219847;0;Ninguno;Pesos;0;;;;; ;
2932;Categoria 1;Habilitado;LEDESMA, CRISTIAN ARIEL;;;CASTRO BARROS AV. 338 Piso:7 Dpto:A;Ciudad Autónoma De Buenos Aires;CABA;;Responsable Monotributo;LEDESMA, CRISTIAN ARIEL;20269547139;0;Ninguno;Pesos;0;;;;; ;
2933;Categoria 1;Habilitado;44MAS FOR-CE FOR S.R.L.;;; 120 nro. 49 esquina 33, La Plata, Buenos Aires.;LA PLATA NOROESTE CALLE 50;Buenos Aires;;IVA Responsable Inscripto;44MAS FOR-CE FOR S.R.L.;30718702360;0;Ninguno;Pesos;0;;;;; ;
2934;Categoria 1;Habilitado;ESCALANTE, LEANDRO ANDRES;;;ALSINA 668;LOS CARDALES;Buenos Aires;;Responsable Monotributo;ESCALANTE, LEANDRO ANDRES;20296605477;0;Ninguno;Pesos;0;;;;; ;
2935;Categoria 1;Habilitado;ALSINA ALCOBERT, JOSE EMMANUEL;Jose Alcobert ( Catamarca);+54 9 3834 52-3007;AV. LEANDRO N ALEM 229;SAN FERNANDO DEL VALLE DE CATAMARCA;Catamarca;;IVA Responsable Inscripto;ALSINA ALCOBERT, JOSE EMMANUEL;20316484523;0;Ninguno;Pesos;0;;;;; ;
2936;Categoria 1;Habilitado;SIXSIGMA SRL;;;MOSCONI 1234;LOS POLVORINES;Buenos Aires;;IVA Responsable Inscripto;SIXSIGMA SRL;30714742309;0;Ninguno;Pesos;0;;;;; ;
2938;Categoria 1;Habilitado;Valeria Rebuffo;;;simbron 3637 ;Capital Federal;Sin especificar;;Consumidor final;;0;25142645;DNI;Pesos;0;;;;; ;
2939;Categoria 1;Habilitado;Eduardo Gauna;;;castelar 1723 - Merlo ;Merlo;Sin especificar;;Consumidor final;;0;23968773;DNI;Pesos;0;;;;; ;
2940;Categoria 1;Habilitado;Alejandro Mauri;;;Charlone 513 - planta baja 1;Capital Federal;Sin especificar;;Consumidor final;;0;17435148;DNI;Pesos;0;;;;; ;
2941;Categoria 1;Habilitado;ATUANORINOS S.A.;;;SANCHEZ 2227 Piso:PB Dpto:5;Ciudad Autónoma De Buenos Aires;CABA;;IVA Responsable Inscripto;ATUANORINOS S.A.;30716535491;0;Ninguno;Pesos;0;;;;; ;
2942;Categoria 1;Habilitado;OLIVERA, HECTOR MARTIN;;;ALISAL 3279;SALADILLO;Buenos Aires;;IVA Responsable Inscripto;OLIVERA, HECTOR MARTIN;20226025813;0;Ninguno;Pesos;0;;;;; ;
2943;Categoria 1;Habilitado;Jorge Medina;;;Av Diaz Velez 5231 es un local de Estancia San Francisco;Capital Federal;Sin especificar;;Consumidor final;;0;95675624;DNI;Pesos;0;;;;; ;
2944;Categoria 1;Habilitado;LOGISTICA Y TRANSPORTE ALMIRANTE BROWN S.R.L;Julian Guardiola JgGraphics;+54 9 11 3917-9411;CONDARCO 1323;WILDE;Buenos Aires;;IVA Responsable Inscripto;LOGISTICA Y TRANSPORTE ALMIRANTE BROWN S.R.L;30716261804;0;Ninguno;Pesos;0;;;;; ;
2945;Categoria 1;Habilitado;VERSATIL TRADE S.A.;;;LAVALLE 1570 Piso:2 Dpto:F;Ciudad Autónoma De Buenos Aires;CABA;;IVA Responsable Inscripto;VERSATIL TRADE S.A.;33716505109;0;Ninguno;Pesos;0;;;;; ;
2946;Categoria 1;Habilitado;RIZZO, MARCOS DARIO;;;SANTANDER 5763;Ciudad Autónoma De Buenos Aires;CABA;;IVA Responsable Inscripto;RIZZO, MARCOS DARIO;20373782697;0;Ninguno;Pesos;0;;;;; ;
2947;Categoria 1;Habilitado;GRUPO EXPO S.A.;Facundo;+54 9 2234 97-7555;SANTA CECILIA 195;MAR DEL PLATA SUR;Buenos Aires;;IVA Responsable Inscripto;GRUPO EXPO S.A.;30710840667;0;Ninguno;Pesos;0;;;;; ;
2948;Categoria 1;Habilitado;OPTICORE S.A.;;;SANTA FE AV. 3312 Piso:5 Dpto:A;Ciudad Autónoma De Buenos Aires;CABA;;IVA Responsable Inscripto;OPTICORE S.A.;30717267970;0;Ninguno;Pesos;0;;;;; ;
2950;Categoria 1;Habilitado;Ariel servino;;;;Sin especificar;Sin especificar;;Consumidor final;;0;24366145;DNI;Pesos;0;;;;; ;
2951;Categoria 1;Habilitado;CLUB ATLETICO BANCO DE LA PROVINCIA DE BUENOS AIRES DELEGACI;Juan manuel;+54 9 2345 42-1460;RIVADAVIA SUR Y RUTA 51 0;SALADILLO;Buenos Aires;;IVA Sujeto Exento;CLUB ATLETICO BANCO DE LA PROVINCIA DE BUENOS AIRES DELEGACION ZONAL SALADILLO;30667573803;0;Ninguno;Pesos;0;;;;; ;
2952;Categoria 1;Habilitado;MUSA, VERONICA GISELA;;;Av de mayo 1597 Ramos Mejia;RAMOS MEJIA;Buenos Aires;;Responsable Monotributo;MUSA, VERONICA GISELA;27295430635;0;Ninguno;Pesos;0;;;;; ;
2953;Categoria 1;Habilitado;Ferranti Silvio German;3516807685;;Calle pasaje brown 658. Alto alberdi. Córdoba  capital;Cordoba capital;Sin especificar;;Consumidor final;;0;23821374;DNI;Pesos;0;;;;; ;
2954;Categoria 1;Habilitado;ALTHOLZ, ANDREA JUDITH;;;ORO&#209 O NICASIO 2397;Ciudad Autónoma De Buenos Aires;CABA;;IVA Responsable Inscripto;ALTHOLZ, ANDREA JUDITH;23222773784;0;Ninguno;Pesos;0;;;;; ;
2955;Categoria 1;Habilitado;Gonzalo Castañares;;;Av benavidez 2849- BENAVIDEZ;Sin especificar;Sin especificar;;Consumidor final;;0;35986279;DNI;Pesos;0;;;;; ;
2956;Categoria 1;Deshabilitado;ELICEGUI MARTIN;;;ZARRAGA 3795;Ciudad Autónoma De Buenos Aires;CABA;;Responsable Monotributo;ELICEGUI MARTIN;20232355531;0;Ninguno;Pesos;0;;;;; ;
2957;Categoria 1;Habilitado;LAURICELLA JULIO CESAR;;; 25 de mayo 100, Anisacate 5189, Cordoba;ALTA GRACIA;Córdoba;;IVA Responsable Inscripto;LAURICELLA JULIO CESAR;20173194944;0;Ninguno;Pesos;0;;;;; ;
2958;Categoria 1;Habilitado;SOFAMA S.A;;;LIMA 93;Ciudad Autónoma De Buenos Aires;CABA;;IVA Responsable Inscripto;SOFAMA S.A;30710548958;0;Ninguno;Pesos;0;;;;; ;
2959;Categoria 1;Habilitado;CRESPI MATHIAS;;;DIAZ CESAR GRAL 4547 Piso:PB Dpto:2;Ciudad Autónoma De Buenos Aires;CABA;;Responsable Monotributo;CRESPI MATHIAS;20348588878;0;Ninguno;Pesos;0;;;;; ;
2960;Categoria 1;Habilitado;DIOSQUEZ PABLO SEBASTIAN;;;DE LOS INCAS AV. 4727;Ciudad Autónoma De Buenos Aires;CABA;;IVA Responsable Inscripto;DIOSQUEZ PABLO SEBASTIAN;20243085684;0;Ninguno;Pesos;0;;;;; ;
2961;Categoria 1;Deshabilitado;M.H.CONSTRUCCIONES Y SERVICIOS S.A.;;;CERRITO 1266 Piso:1 Dpto:4;Ciudad Autónoma De Buenos Aires;CABA;;IVA Responsable Inscripto;M.H.CONSTRUCCIONES Y SERVICIOS S.A.;30707962654;0;Ninguno;Pesos;0;;;;; ;
2962;Categoria 1;Habilitado;DUAL COLOR S. CAP I SECC IV;Dual color;+54 9 11 2740-5536;THAMES 2395  Dpto:PB 3;Ciudad Autónoma De Buenos Aires;CABA;;IVA Responsable Inscripto;DUAL COLOR S. CAP I SECC IV;30717551741;0;Ninguno;Pesos;0;;;;; ;
2963;Categoria 1;Habilitado;Nicolás Giménez;;;Ituzaingó 38 (7000)Tandil;Sin especificar;Sin especificar;;Consumidor final;;0;26489438;DNI;Pesos;0;;;;; ;
2964;Categoria 1;Habilitado;SALAMA MARIA TERESA  Y  PETRACCHI FACUNDO ROBERTO S.H.;;;FERNANDEZ 256 Piso:3 Dpto:B;Ciudad Autónoma De Buenos Aires;CABA;;IVA Responsable Inscripto;SALAMA MARIA TERESA  Y  PETRACCHI FACUNDO ROBERTO S.H.;30711488789;0;Ninguno;Pesos;0;;;;; ;
2965;Categoria 1;Habilitado;Fernana baamonde;Fernanda;+54 9 11 5877-6218;;Villa Urquiza;CABA;;Consumidor final;;0;0;Ninguno;Pesos;0;;;;; ;
2966;Categoria 1;Habilitado;MERIDIANO AGENCIA;FOSCHIATTI, HECTOR DANIEL;+54 9 362 490-3431;DARWIN 1327;Ciudad Autónoma De Buenos Aires;CABA;info@meridianoagencia.com;IVA Responsable Inscripto;MERIDIANO AGENCIA;30718873297;0;Ninguno;Pesos;0;;;;; ;
2967;Categoria 1;Habilitado;Verónica López Osornio;Veronica Lopez Osornio;+54 9 2214 35-3809;Av 51 nro 1080 dto 4 entre 16 y 17 CP 1900 La Plata;La plata;Sin especificar;;Consumidor final;;0;30728917;DNI;Pesos;0;;;;; ;
2968;Categoria 1;Habilitado;ADRIAN CHAVEZ;adrian;+54 9 11 2827-5871;;Ciudad Autónoma De Buenos Aires;CABA;;Consumidor final;;0;0;Ninguno;Pesos;0;;;;; ;
2969;Categoria 1;Habilitado;Leandro Escalante  (8 grados) ;Leando 8grados;+54 9 3489 35-9999;ALSINA 668;LOS CARDALES;Buenos Aires;;Responsable Monotributo;ESCALANTE LEANDRO ANDRES;20296605477;0;Ninguno;Pesos;0;;;;; ;
2970;Categoria 1;Habilitado;FAMILIA EDUCATIVA SANTA INES Y SAN JUAN EL PRECURSOR;Yamila (Familia Educativa Santa Ines);+54 9 11 5943-4362;ANCHORENA 419;SAN ISIDRO;Buenos Aires;;IVA Sujeto Exento;FAMILIA EDUCATIVA SANTA INES Y SAN JUAN EL PRECURSOR;33653245349;0;Ninguno;Pesos;0;;;;; ;
2971;Categoria 1;Habilitado;Gustavo (Taller Burarep) Caba;Gustavo;+54 9 11 2513-7344;;Ciudad Autónoma De Buenos Aires;CABA;;Consumidor final;;0;0;Ninguno;Pesos;0;;;;; ;
2972;Categoria 1;Habilitado;Jorge bogdansky ( Chaco);Jorge;+54 9 3731 55-4112;;chaco;Chaco;;Consumidor final;;0;0;Ninguno;Pesos;0;;;;; ;
2973;Categoria 1;Habilitado;SOON UP MEDIA SRL;;;BUDAPEST PJE. 1479;Ciudad Autónoma De Buenos Aires;CABA;;IVA Responsable Inscripto;SOON UP MEDIA SRL;30715733516;0;Ninguno;Pesos;0;;;;; ;
2974;Categoria 1;Habilitado;COPPENS SOCIEDAD ANONIMA;Emiliano Schilling;+54 9 2235 38-1081;5 ENTRE 2 Y 4 0;Mar del plata;Sin especificar;;IVA Responsable Inscripto;COPPENS SOCIEDAD ANONIMA;30519678205;0;Ninguno;Pesos;0;;;;; ;
2975;Categoria 1;Habilitado;Gustavo (impresion);Gustavo (Jose C Paz) impresion;+54 9 11 6796-5398;;Jose C Paz;Sin especificar;;Consumidor final;;0;0;Ninguno;Pesos;0;;;;; ;
2976;Categoria 1;Habilitado;sandra (cotillon);;;;Capital Federal;Sin especificar;;Consumidor final;;0;20201059;DNI;Pesos;0;;;;; ;
2977;Categoria 1;Habilitado;Verónica musa ;;;Av de Mayo 1597 Ramos Mejia;Sin especificar;Sin especificar;;Consumidor final;;0;29543063;DNI;Pesos;0;;;;; ;
2978;Categoria 1;Habilitado;victor Lavallen ;;;Humberto 2343 - Luján;Lujan;Sin especificar;;Consumidor final;;0;28414080;DNI;Pesos;0;;;;; ;
2979;Categoria 1;Habilitado;SOLUCIONES ELECTRICAS AVANZADAS S.R.L;;;LAPRIDA 860;LOMAS DE ZAMORA;Buenos Aires;;IVA Responsable Inscripto;SOLUCIONES ELECTRICAS AVANZADAS S.R.L;30715131818;0;Ninguno;Pesos;0;;;;; ;
2980;Categoria 1;Habilitado;xavier fernandez;;;virrey loreto 3754 - 1a - dpto;Capital Federal;Sin especificar;;Consumidor final;;0;96439929;DNI;Pesos;0;;;;; ;
2981;Categoria 1;Habilitado;DE LAS LETRAS;Adrian Chavez;+54 9 11 2827-5871;CASTA&#209 EDA 1871 Piso:3 Dpto:40;Ciudad Autónoma De Buenos Aires;CABA;;IVA Responsable Inscripto;DE LAS LETRAS;30718511719;0;Ninguno;Pesos;0;;;;; ;
2982;Categoria 1;Habilitado;Magali ;Magali (cromado);+54 9 11 5484-1181;;Ciudad Autónoma De Buenos Aires;CABA;;Consumidor final;;0;0;Ninguno;Pesos;0;;;;; ;
2983;Categoria 1;Habilitado;Cynthia Soriano (chynchoporoto);Cynthia;+54 9 11 7060-5486;;Ciudad Autónoma De Buenos Aires;CABA;;Consumidor final;;0;0;Ninguno;Pesos;0;;;;; ;
2984;Categoria 1;Habilitado;pablo bravo;;;centenera 230;Capital Federal;Sin especificar;;Consumidor final;;0;26951479;DNI;Pesos;0;;;;; ;
2985;Categoria 1;Habilitado;TRAMONTANI GUILLERMO FEDERICO;;;ZAPIOLA 527;BERNAL;Buenos Aires;;IVA Responsable Inscripto;TRAMONTANI GUILLERMO FEDERICO;20239606092;0;Ninguno;Pesos;0;;;;; ;
2986;Categoria 1;Habilitado;DIGITAL DINAMIC SISTEM SA;;;ESPINOSA 2383;Ciudad Autónoma De Buenos Aires;CABA;;IVA Responsable Inscripto;DIGITAL DINAMIC SISTEM SA;30657408774;0;Ninguno;Pesos;0;;;;; ;
2987;Categoria 1;Habilitado;TRESBIEN S. R. L.;;;LIBERTAD 2162;MARTINEZ;Buenos Aires;;IVA Responsable Inscripto;TRESBIEN S. R. L.;33712310419;0;Ninguno;Pesos;0;;;;; ;
2988;Categoria 1;Habilitado;SON DE OESTE S.R.L;;;ESPORA 42 Piso:7 Dpto:6;RAMOS MEJIA;Buenos Aires;;IVA Responsable Inscripto;SON DE OESTE S.R.L;33714720789;0;Ninguno;Pesos;0;;;;; ;
2989;Categoria 1;Habilitado;KENYA FILMS SRL;;;ALVAREZ THOMAS AV. 634 Piso:8 Dpto:C;Ciudad Autónoma De Buenos Aires;CABA;;IVA Responsable Inscripto;KENYA FILMS SRL;30715378619;0;Ninguno;Pesos;0;;;;; ;
2990;Categoria 1;Habilitado;FARO VERDE S A;maria;+54 9 11 5035-3400;RODRIGUEZ PE&#209 A 1676 Piso:1 Dpto:C;Ciudad Autónoma De Buenos Aires;CABA;;IVA Responsable Inscripto;FARO VERDE S A;30707472746;0;Ninguno;Pesos;0;;;;; ;
2991;Categoria 1;Habilitado;TAXIMAC S A I C Y DE ADM;;;REP. BOLIVARIANA DE VENEZUELA 3041;Ciudad Autónoma De Buenos Aires;CABA;;IVA Responsable Inscripto;TAXIMAC S A I C Y DE ADM;30501036125;0;Ninguno;Pesos;0;;;;; ;
2992;Categoria 1;Habilitado;ROS ARTAYETA Y MACFARLANE SRL;;;DORREGO AV. 1940 Piso:PB Dpto:F T:c;Ciudad Autónoma De Buenos Aires;CABA;;IVA Responsable Inscripto;ROS ARTAYETA Y MACFARLANE SRL;33678118589;0;Ninguno;Pesos;0;;;;; ;
2993;Categoria 1;Habilitado;OPEN MIND PRODUCTORA  SOCIEDAD LEY 19550 CAP I SECCION IV;;;REPETTO NICOLAS 1758;Ciudad Autónoma De Buenos Aires;CABA;;IVA Responsable Inscripto;OPEN MIND PRODUCTORA  SOCIEDAD LEY 19550 CAP I SECCION IV;30717105814;0;Ninguno;Pesos;0;;;;; ;
2994;Categoria 1;Habilitado;MARTINEZ MARIANO EDUARDO;;;ALVAREZ JULIAN 1618;Ciudad Autónoma De Buenos Aires;CABA;;IVA Responsable Inscripto;MARTINEZ MARIANO EDUARDO;20209885167;0;Ninguno;Pesos;0;;;;; ;
2995;Categoria 1;Habilitado;ELECTRO CONSTRUCTORA SRL;;;AV. MADRE DE PLAZA 25 DE MAYO 3020 Piso:5 Dpto:2;ROSARIO NORTE;Santa Fe;;IVA Responsable Inscripto;ELECTRO CONSTRUCTORA SRL;30712394710;0;Ninguno;Pesos;0;;;;; ;
2996;Categoria 1;Habilitado;MERIGGI GABRIEL ESTEBAN;;;BROWN 5346;EZPELETA;Buenos Aires;;IVA Responsable Inscripto;MERIGGI GABRIEL ESTEBAN;20323176206;0;Ninguno;Pesos;0;;;;; ;
2997;Categoria 1;Habilitado;ARRANKONLINE;;;LAVALLEJA 1267 Piso:1 SS;Ciudad Autónoma De Buenos Aires;CABA;;IVA Responsable Inscripto;ARRANKONLINE;30718984609;0;Ninguno;Pesos;0;;;;; ;
2998;Categoria 1;Habilitado;ALBORNOZ MARIANA IRENE;;;WARNES AV. 2159;Ciudad Autónoma De Buenos Aires;CABA;;IVA Responsable Inscripto;ALBORNOZ MARIANA IRENE;27287468747;0;Ninguno;Pesos;0;;;;; ;
2999;Categoria 1;Habilitado;FILMANDO SRL;;;ECHEVERRIA 1333 Piso:6 Dpto:5;Ciudad Autónoma De Buenos Aires;CABA;;IVA Responsable Inscripto;FILMANDO SRL;30718624009;0;Ninguno;Pesos;0;;;;; ;
3000;Categoria 1;Deshabilitado;brian travin;;;galicia 2809 timbre 2 (de 8 a 15hs.) de lunes a viernes;Sin especificar;Sin especificar;;Consumidor final;;0;31877357;DNI;Pesos;0;;;;; ;
3001;Categoria 1;Habilitado;GARCIA DE ANDREIS SANDRA;;;ASUNCION 2311;MARTINEZ;Buenos Aires;;IVA Responsable Inscripto;GARCIA DE ANDREIS SANDRA;27161242328;0;Ninguno;Pesos;0;;;;; ;
3002;Categoria 1;Habilitado;BERENBLUM DIEGO ALEJANDRO;;;THAMES 1046 Piso:1 Dpto:4;Ciudad Autónoma De Buenos Aires;CABA;;Responsable Monotributo;BERENBLUM DIEGO ALEJANDRO;20149522639;0;Ninguno;Pesos;0;;;;; ;
3003;Categoria 1;Habilitado;LITORAL ACCESORIOS S.R.L.;;;9 DE JULIO 581;SAN JERONIMO SUD;Santa Fe;;IVA Responsable Inscripto;LITORAL ACCESORIOS S.R.L.;30714152846;0;Ninguno;Pesos;0;;;;; ;
3004;Categoria 1;Habilitado;KORCHAGUINA VICTORIA;;;OTAMENDI 563 Piso:2 Dpto:D;Ciudad Autónoma De Buenos Aires;CABA;;Responsable Monotributo;KORCHAGUINA VICTORIA;27190594950;0;Ninguno;Pesos;0;;;;; ;
3005;Categoria 1;Habilitado;Alsides Agustini;;;cajaravilla 4765 - CABA;Sin especificar;Sin especificar;;Consumidor final;;0;16044415;DNI;Pesos;0;;;;; ;
3006;Categoria 1;Habilitado;DUQUE MONCADA RIGO RAMON;;;MELINCUE 2738 Piso:1 Dpto:B;Ciudad Autónoma De Buenos Aires;CABA;;Responsable Monotributo;DUQUE MONCADA RIGO RAMON;20956730717;0;Ninguno;Pesos;0;;;;; ;
3007;Categoria 1;Habilitado;CUBOUNO SRL;;;SOLDADO DE LA INDEPENDENCIA 1343 Piso:5 Dpto:A;Ciudad Autónoma De Buenos Aires;CABA;;IVA Responsable Inscripto;CUBOUNO SRL;30708680180;0;Ninguno;Pesos;0;;;;; ;
3008;Categoria 1;Habilitado;juan Toledo ;;;INGENIEROS JOSE 2753  Dpto:A;Ciudad Autónoma De Buenos Aires;CABA;;Consumidor final;TOLEDO PIZARRO JUAN CARLOS;20939251740;0;Ninguno;Pesos;0;;;;; ;
3009;Categoria 1;Habilitado;SANCHEZ DAMIAN AUGUSTO;imprenta rock;;CULPINA 934;Ciudad Autónoma De Buenos Aires;CABA;;Responsable Monotributo;SANCHEZ DAMIAN AUGUSTO;20284173962;0;Ninguno;Pesos;0;;;;; ;
3010;Categoria 1;Habilitado;sol franco;;;;Sin especificar;Sin especificar;;Consumidor final;;0;93943055;DNI;Pesos;0;;;;; ;
3011;Categoria 1;Habilitado;MONGELO LEONEL ALDO GABRIEL;;;Francisco Moreno 1241 -planta alta;Ituzaingo;Sin especificar;;Consumidor final;MONGELO LEONEL ALDO GABRIEL;20402513757;0;Ninguno;Pesos;0;;;;; ;
3012;Categoria 1;Habilitado;LEMONGI RAUL VICENTE;;;VILLAGUAY 1;LA PAZ;Entre Ríos;;Responsable Monotributo;LEMONGI RAUL VICENTE;20307642051;0;Ninguno;Pesos;0;;;;; ;
3013;Categoria 1;Habilitado;D'AGOSTINO GONZALO OSVALDO;;;URQUIZA 835;LA PAZ;Entre Ríos;;Responsable Monotributo;D'AGOSTINO GONZALO OSVALDO;20307647142;0;Ninguno;Pesos;0;;;;; ;
3014;Categoria 1;Habilitado;Mariano Schenone;;;Marconi 1970;Trelew;Sin especificar;;Consumidor final;;0;27707842;DNI;Pesos;0;;;;;9100;
3015;Categoria 1;Habilitado;YARAURE COSSI LUIS ALEXANDER;;;ESTADO DE ISRAEL AV. 4652 Piso:8 Dpto:B;Ciudad Autónoma De Buenos Aires;CABA;;Consumidor final;YARAURE COSSI LUIS ALEXANDER;20958620900;0;Ninguno;Pesos;0;;;;; ;
3016;Categoria 1;Habilitado;MINISTERIO DE TURISMO DE LA PROVINCIA DE CORRIENTES;;;25 DE MAYO 1330;CORRIENTES;Corrientes;;IVA Sujeto Exento;MINISTERIO DE TURISMO DE LA PROVINCIA DE CORRIENTES;30714330442;0;Ninguno;Pesos;0;;;;; ;
3017;Categoria 1;Habilitado;OYUELA MAXIMILIANO;;;RIO DE JANEIRO 321;Ciudad Autónoma De Buenos Aires;CABA;;Responsable Monotributo;OYUELA MAXIMILIANO;20420773138;0;Ninguno;Pesos;0;;;;; ;
3018;Categoria 1;Habilitado;MARICHELAR MARIA LUZ;;;ASCASUBI 990;PEHUAJO;Buenos Aires;;Responsable Monotributo;MARICHELAR MARIA LUZ;27370165268;0;Ninguno;Pesos;0;;;;; ;
3019;Categoria 1;Habilitado;MARECO GERARDO RUBEN;;;FITZ ROY 945 Piso:- Dpto:- S:- T:- M:-;VILLA SANTOS TESEI;Buenos Aires;;Consumidor final;MARECO GERARDO RUBEN;20290520305;0;Ninguno;Pesos;0;;;;; ;
3020;Categoria 1;Habilitado;RAMIREZ CLAUDIO MARCELO;;;Montecaseros 1956 - Cdad - Mendoza;MENDOZA CIUDAD;Mendoza;;IVA Responsable Inscripto;RAMIREZ CLAUDIO MARCELO;20184305357;0;Ninguno;Pesos;0;;;;; ;
3021;Categoria 1;Habilitado;V.C.C.B. SRL;;;MITRE 742;CORONEL BRANDSEN;Buenos Aires;;IVA Responsable Inscripto;V.C.C.B. SRL;33709211159;0;Ninguno;Pesos;0;;;;; ;
3022;Categoria 1;Habilitado;SALAS RAMON NAHUEL;;;JUJUY 4392;MAR DEL PLATA SUR;Buenos Aires;;Consumidor final;SALAS RAMON NAHUEL;20282931924;0;Ninguno;Pesos;0;;;;; ;
3023;Categoria 1;Habilitado;ALDER GUSTAVO ERNESTO;;;GRAL ROCA 646;SAN MARTIN DE LOS ANDES;Neuquén;;Responsable Monotributo;ALDER GUSTAVO ERNESTO;20255442652;0;Ninguno;Pesos;0;;;;; ;
3024;Categoria 1;Habilitado;MARTINEZ EZEQUIEL;;;ROCA 1688;SAN ANTONIO DE PADUA;Buenos Aires;;Consumidor final;MARTINEZ EZEQUIEL;20304337576;0;Ninguno;Pesos;0;;;;; ;
3025;Categoria 1;Habilitado;FERRARI GONZALO JAVIER;;;BYRON 53;Ciudad Autónoma De Buenos Aires;CABA;;Responsable Monotributo;FERRARI GONZALO JAVIER;20297531884;0;Ninguno;Pesos;0;;;;; ;
3026;Categoria 1;Habilitado;V.C.C.B. SRL;;;MITRE 742;CORONEL BRANDSEN;Buenos Aires;;IVA Responsable Inscripto;V.C.C.B. SRL;33709211159;0;Ninguno;Pesos;0;;;;; ;
3027;Categoria 1;Habilitado;DESTEFANO NICOLAS;;;RIOJA 1460;9 DE JULIO;Buenos Aires;;IVA Responsable Inscripto;DESTEFANO NICOLAS;20331527468;0;Ninguno;Pesos;0;;;;; ;
3028;Categoria 1;Deshabilitado;RODRIGUEZ PABLO ALFREDO;;;AV MITRE 1497;9 DE JULIO;Buenos Aires;;IVA Responsable Inscripto;RODRIGUEZ PABLO ALFREDO;23226303669;0;Ninguno;Pesos;0;;;;; ;
3029;Categoria 1;Habilitado;RONDA NORTE S.A.;;;Esmeralda 120 . Caba;Ciudad Autónoma De Buenos Aires;CABA;;IVA Responsable Inscripto;RONDA NORTE S.A.;30708656581;0;Ninguno;Pesos;0;;;;; ;
3030;Categoria 1;Habilitado;MUSEO ARGENTINO DE CIENCIAS NATURALES BERNARDINO RIVADAVIA;;;GALLARDO ANGEL AV. 470;Ciudad Autónoma De Buenos Aires;CABA;;IVA Sujeto Exento;MUSEO ARGENTINO DE CIENCIAS NATURALES BERNARDINO RIVADAVIA;30710190506;0;Ninguno;Pesos;0;;;;; ;
3031;Categoria 1;Habilitado;Nelson Izquierdo calderon ;;;San Luis 2511;Capital Federal;Sin especificar;;Consumidor final;;0;95650628;DNI;Pesos;0;;;;; ;
3032;Categoria 1;Habilitado;NAVARRETE MATIAS GASTON;;2966673202;pasteur 481;RIO GALLEGOS;Santa Cruz;;Consumidor final;NAVARRETE MATIAS GASTON;20351792281;0;Ninguno;Pesos;0;;;;; ;
3033;Consumidor final;Habilitado;Rosario Leonardi;;;Rio de janeiro 1040;Sin especificar;Sin especificar;;Consumidor final;;0;37908611;DNI;Pesos;0;;;;; ;
3034;Categoria 1;Habilitado;EHKAT S.A.S.;;;CESPEDES 3941 Piso:PB;Ciudad Autónoma De Buenos Aires;CABA;;IVA Responsable Inscripto;EHKAT S.A.S.;30716556839;0;Ninguno;Pesos;0;;;;; ;
3035;Categoria 1;Habilitado;ADFLEX S.R.L.;;;LOS PATOS 2646;Ciudad Autónoma De Buenos Aires;CABA;;IVA Responsable Inscripto;ADFLEX S.R.L.;30714404411;0;Ninguno;Pesos;0;;;;; ;
3036;Categoria 1;Habilitado;Hennerlimt Vargas;;;Palestina 893 piso3A;Capital Federal;Sin especificar;;Consumidor final;;0;95137563;DNI;Pesos;0;;;;; ;
3037;Categoria 1;Habilitado;CICERI ILDE;;;Rodríguez Peña 411 -Villa Regina, Río Negro;VILLA REGINA;Río Negro;;IVA Responsable Inscripto;CICERI ILDE;27352764197;0;Ninguno;Pesos;0;;;;;8336;
3038;IVA Responsable Inscripto;Deshabilitado; INSAURRALDE CLAUDIO RODRIGO;;; Ruta 16 Colectora Norte ent. 34 y 36- B° NUEVO;PCIA. R. SAENZ PEÑA ;Sin especificar;;Consumidor final;;20298102383;0;Ninguno;Pesos;0;;;;; ;
3039;Categoria 1;Habilitado;TESTA PAULA YOLANDA;;;REMEDIOS 3526;Ciudad Autónoma De Buenos Aires;CABA;;IVA Responsable Inscripto;TESTA PAULA YOLANDA;27287989151;0;Ninguno;Pesos;0;;;;; ;
3040;Categoria 1;Habilitado;Elvis Rondon;;;;Sin especificar;Sin especificar;;Consumidor final;;0;95845498;DNI;Pesos;0;;;;; ;
3041;Categoria 1;Habilitado;V.C.C.B. SRL;Diego gramigna;;MITRE 742;CORONEL BRANDSEN;Buenos Aires;;IVA Responsable Inscripto;V.C.C.B. SRL;33709211159;0;Ninguno;Pesos;0;;;;; ;
3042;Categoria 1;Habilitado;VIRGINIA GAMBINI ;;;;Zarate;Sin especificar;;Consumidor final;;0;31890943;DNI;Pesos;0;;;;; ;
3043;Categoria 1;Habilitado;ZAPATA ANDREA VIVIANA;;;Calle mármol num 265 ;SAN FRANCISCO SOLANO (QUILMES);Buenos Aires;;Consumidor final;ZAPATA ANDREA VIVIANA;27255528047;0;Ninguno;Pesos;0;;;;; ;
3044;Categoria 1;Habilitado;HORTAS CRISTIAN ALEJANDRO;;;GASCON 1246 Piso:4 Dpto:B;Ciudad Autónoma De Buenos Aires;CABA;;Responsable Monotributo;HORTAS CRISTIAN ALEJANDRO;20251526479;0;Ninguno;Pesos;0;;;;; ;
3045;Categoria 1;Habilitado;PB CONSTRUCCIONES SRL;;;AVENIDA LIBERTADOR  GENERAL SAN MARTIN 1761 Piso:1 Dpto:2;ACEVAL;Sin especificar;;IVA Responsable Inscripto;PB CONSTRUCCIONES SRL;30715058142;0;Ninguno;Pesos;0;;;;; ;
3046;Categoria 1;Habilitado;Matías javier polvaran;;;Localidad General Pico - La Pampa  Dirección. Calle 7 n 1069 oeste;La Pampa;Sin especificar;;Consumidor final;;0;30016035;DNI;Pesos;0;;;;; ;
3047;Categoria 1;Habilitado;FAMILIA EDUCATIVA SANTA INES Y SAN JUAN EL PRECURSOR;;;ANCHORENA 419;SAN ISIDRO;Buenos Aires;;IVA Sujeto Exento;FAMILIA EDUCATIVA SANTA INES Y SAN JUAN EL PRECURSOR;33653245349;0;Ninguno;Pesos;0;;;;; ;
3048;Categoria 1;Habilitado;FLORENCIA DAVIDSON;FLORENCIA DAVIDSON;;PELLEGRINO 457;RIO GALLEGOS;Sin especificar;;Consumidor final;;0;32744040;DNI;Pesos;0;;;;; ;
3049;Categoria 1;Habilitado;CAROSIO LORENA IVONE;;;AV BELGRANO 3399;SARANDI;Buenos Aires;;IVA Responsable Inscripto;CAROSIO LORENA IVONE;23227675144;0;Ninguno;Pesos;0;;;;; ;
3050;Categoria 1;Habilitado;Juan Manuel Isidro;;;;Junin;Sin especificar;;Consumidor final;;0;43738058;DNI;Pesos;0;;;;; ;
3051;Categoria 1;Habilitado;K&S FILMS S. A.;;;PARAGUAY 1535;Ciudad Autónoma De Buenos Aires;CABA;;IVA Responsable Inscripto;K&S FILMS S. A.;30691027437;0;Ninguno;Pesos;0;;;;; ;
3052;Categoria 1;Habilitado;Cristian Marin ;;;Uriburu 2286, Ricardo rojas;RICARDO ROJAS;Sin especificar;;Consumidor final;;0;31970145;DNI;Pesos;0;;;;; ;
3053;Categoria 1;Habilitado;FERRETTI ALBERTO XAVIER LUJAN;alberto(grafica oriana);;CARRANZA ANGEL J 2281 Piso:PB Dpto:3;Ciudad Autónoma De Buenos Aires;CABA;;Responsable Monotributo;FERRETTI ALBERTO XAVIER LUJAN;20307084334;0;Ninguno;Pesos;0;;;;; ;
3054;Categoria 1;Habilitado;CASA PRODUCTORA S.A.;;;GURRUCHAGA 1322 Piso:3 Dpto:A;Ciudad Autónoma De Buenos Aires;CABA;;IVA Responsable Inscripto;CASA PRODUCTORA S.A.;30716947706;0;Ninguno;Pesos;0;;;;; ;
3055;Categoria 1;Habilitado;ERTINI GUSTAVO;Erika scalora;;BELGRANO 609;ROQUE PEREZ;Buenos Aires;;Responsable Monotributo;ERTINI GUSTAVO;20291004874;0;Ninguno;Pesos;0;;;;; ;
3056;Categoria 1;Habilitado;RODRIGUES KARINA LORENA;;;Alsina 937 los cardales ;LOS CARDALES;Buenos Aires;;IVA Responsable Inscripto;RODRIGUES KARINA LORENA;27238348930;0;Ninguno;Pesos;0;;;;; ;
3057;Sin especificar;Habilitado;PORCHINITTO MAGALI;;;NAZCA AV. 2780;Ciudad Autónoma De Buenos Aires;CABA;;Consumidor final;PORCHINITTO MAGALI;27360922753;0;Ninguno;Pesos;0;;;;; ;
3058;Categoria 1;Habilitado;COOPERADORA ESCUELA INFANTIL N° 9 D.E. 19 COMUNA 8;;;CHILAVERT M. CNEL. 2680;Ciudad Autónoma De Buenos Aires;CABA;;IVA Sujeto Exento;COOPERADORA ESCUELA INFANTIL N° 9 D.E. 19 COMUNA 8;30717689778;0;Ninguno;Pesos;0;;;;; ;
3059;Categoria 1;Habilitado;LA INDUSTRIA CINE;;;PAROISSIEN 2955  Dpto:9;Ciudad Autónoma De Buenos Aires;CABA;;IVA Responsable Inscripto;LA INDUSTRIA CINE;30718077911;0;Ninguno;Pesos;0;;;;; ;
3060;Categoria 1;Habilitado;ESTUDIOS CINEMATOGRAFICOS DEL SUR;;;DEL PINO VIRREY 3887;Ciudad Autónoma De Buenos Aires;CABA;;IVA Responsable Inscripto;ESTUDIOS CINEMATOGRAFICOS DEL SUR;30718164903;0;Ninguno;Pesos;0;;;;; ;
3061;Categoria 1;Habilitado;JANAMPA ALVARADO YHONY RICHAR;;;Alfredo palacios 1901 tigre;TIGRE;Buenos Aires;;Responsable Monotributo;JANAMPA ALVARADO YHONY RICHAR;20949501974;0;Ninguno;Pesos;0;;;;; ;
3062;Categoria 1;Habilitado;TORRES GONZALO SEBASTIAN;;;HOL HOL 1919;USHUAIA;Tierra del Fuego;;Responsable Monotributo;TORRES GONZALO SEBASTIAN;23318424799;0;Ninguno;Pesos;0;;;;; ;
3063;Categoria 1;Habilitado;CONSORCIO PROPIETARIOS GODOY CRUZ 2415;;;GODOY CRUZ 2415;Ciudad Autónoma De Buenos Aires;CABA;;IVA Responsable Inscripto;CONSORCIO PROPIETARIOS GODOY CRUZ 2415;30718608623;0;Ninguno;Pesos;0;;;;; ;
3064;Categoria 1;Habilitado;NH CONSTRUCCIONES S R L;;;GUTIERREZ RICARDO 2874 Piso:1 Y 2;Ciudad Autónoma De Buenos Aires;CABA;;IVA Responsable Inscripto;NH CONSTRUCCIONES S R L;30680640919;0;Ninguno;Pesos;0;;;;; ;
3065;Categoria 1;Habilitado;TECNO GRAPHICS S.R.L.;;;BOYACA AV. 2270;Ciudad Autónoma De Buenos Aires;CABA;;IVA Responsable Inscripto;TECNO GRAPHICS S.R.L.;33718520679;0;Ninguno;Pesos;0;;;;; ;
3066;Categoria 1;Habilitado;JACARANDA FILMS. S.A.;;;DARWIN 1154 Piso:1 Dpto:E S:A;Ciudad Autónoma De Buenos Aires;CABA;;IVA Responsable Inscripto;JACARANDA FILMS. S.A.;30709989711;0;Ninguno;Pesos;0;;;;; ;
3067;Categoria 1;Habilitado;ARAQUE CARRERO LEVIS CRISTINA;;;SAN MARTIN AV. 3270 Piso:1 Dpto:B;Ciudad Autónoma De Buenos Aires;CABA;;Responsable Monotributo;ARAQUE CARRERO LEVIS CRISTINA;27957965526;0;Ninguno;Pesos;0;;;;; ;
3068;Categoria 1;Habilitado;ASOCIACION COOPERADORA ANDRES FERREYRA;;;ACEVEDO EDUARDO 609;Ciudad Autónoma De Buenos Aires;CABA;;IVA Sujeto Exento;ASOCIACION COOPERADORA ANDRES FERREYRA;30682565574;0;Ninguno;Pesos;0;;;;; ;
3069;Categoria 1;Habilitado;yaquelin rivas;;;uriburu 576 caba;Sin especificar;Sin especificar;;Consumidor final;;0;95414798;DNI;Pesos;0;;;;; ;
3070;Categoria 1;Habilitado;LOPEZ LARROUDE JONATHAN Y LOPEZ LARROUDE FLAVIO SIMPLE ASOCI;;;SANTA FE AV. 2450 Piso:1 Dpto:91;Ciudad Autónoma De Buenos Aires;CABA;;IVA Responsable Inscripto;LOPEZ LARROUDE JONATHAN Y LOPEZ LARROUDE FLAVIO SIMPLE ASOCIACION;30716444127;0;Ninguno;Pesos;0;;;;; ;
3071;Categoria 1;Habilitado;FRESNO AGUSTIN JORGE;;;Av. varela 615;Ciudad Autónoma De Buenos Aires;CABA;;Responsable Monotributo;FRESNO AGUSTIN JORGE;20335633629;0;Ninguno;Pesos;0;;;;; ;
3072;Categoria 1;Habilitado;SANCHEZ ALEXIS MAXIMILIANO;;;DEL MIRADOR BOULEVARD 220  Dpto:11;NORDELTA (TIGRE);Buenos Aires;;IVA Responsable Inscripto;SANCHEZ ALEXIS MAXIMILIANO;20350785702;0;Ninguno;Pesos;0;;;;; ;
3073;Categoria 1;Habilitado;Sebastian lopez;;; baigorria 5080, PB depto A.. entre cervantes y pje. namuncura;Capital Federal;Sin especificar;;Consumidor final;;0;29400618;DNI;Pesos;0;;;;; ;
3074;Categoria 1;Habilitado;TOMOGRAFIA COMPUTADA DE BUENOS AIRES SA;;;SALGUERO JERONIMO 554;Ciudad Autónoma De Buenos Aires;CABA;ksdaniel08@gmail.com;IVA Responsable Inscripto;TOMOGRAFIA COMPUTADA DE BUENOS AIRES SA;30585402970;0;Ninguno;Pesos;0;;;;; ;
3075;Categoria 1;Habilitado;ARDANAZ JAVIER;;;CALDAS 214;Ciudad Autónoma De Buenos Aires;CABA;;IVA Responsable Inscripto;ARDANAZ JAVIER;20925180107;0;Ninguno;Pesos;0;;;;; ;
3076;Categoria 1;Habilitado;PROARQUITECTOS;;;NICARAGUA 6045 Piso:T I Dpto:204;Ciudad Autónoma De Buenos Aires;CABA;;IVA Responsable Inscripto;PROARQUITECTOS;30718916263;0;Ninguno;Pesos;0;;;;; ;
3077;Categoria 1;Habilitado;IMM CONSTRUCCIONES MODULARES S. R. L.;;;AVENIDA MITRE 3878;MUNRO;Buenos Aires;;IVA Responsable Inscripto;IMM CONSTRUCCIONES MODULARES S. R. L.;30716053012;0;Ninguno;Pesos;0;;;;; ;
3078;Categoria 1;Deshabilitado;LABORATORIOS IMA S A I C;;;PALPA 2862;Ciudad Autónoma De Buenos Aires;CABA;;IVA Responsable Inscripto;LABORATORIOS IMA S A I C;30503720929;0;Ninguno;Pesos;0;;;;; ;
3079;Categoria 1;Habilitado;DEL INTENTO ORTIZ GERONIMO MARCELO;;;LARRALDE CRISOLOGO 4324 Piso:2 Dpto:5;Ciudad Autónoma De Buenos Aires;CABA;;Responsable Monotributo;DEL INTENTO ORTIZ GERONIMO MARCELO;20266508922;0;Ninguno;Pesos;0;;;;; ;
3080;Categoria 1;Habilitado;LESKIW DAIANA VANESA;;;GRAL PAZ 986 Piso:1 Dpto:B;SAN ISIDRO;Buenos Aires;;IVA Responsable Inscripto;LESKIW DAIANA VANESA;27269590659;0;Ninguno;Pesos;0;;;;; ;
3081;Categoria 1;Habilitado;Silvana Kuschnir ;;;Malabia 465 4 H CABA;Capital Federal;Sin especificar;;Consumidor final;;0;2031791;DNI;Pesos;0;;;;; ;
3082;Categoria 1;Habilitado;COOPERADORA ASOC COOP DR TEODOSIO BREA;;;ARAOZ 234 Piso:0 Dpto:0 S:O T:0 M:X;Ciudad Autónoma De Buenos Aires;CABA;;IVA Sujeto Exento;COOPERADORA ASOC COOP DR TEODOSIO BREA;30688463293;0;Ninguno;Pesos;0;;;;; ;
3083;Categoria 1;Habilitado;Guillermo Gomba;;;Luis maria drago 2802 ;Bahia Blanca;Buenos Aires;;Consumidor final;;0;38303284;DNI;Pesos;0;;;;; ;
3084;Categoria 1;Habilitado;N Y S S R L;;;TALCAHUANO 768 Piso:1 Dpto:4;Ciudad Autónoma De Buenos Aires;CABA;;IVA Responsable Inscripto;N Y S S R L;30663454915;0;Ninguno;Pesos;0;;;;; ;
3085;Categoria 1;Habilitado;DIM COMPANY SRL;;;BLANCO ENCALADA 4262;Ciudad Autónoma De Buenos Aires;CABA;;IVA Responsable Inscripto;DIM COMPANY SRL;30718204166;0;Ninguno;Pesos;0;;;;; ;
3086;Categoria 1;Habilitado;REHAB S.R.L.;;;SANTO TOME 4265;Ciudad Autónoma De Buenos Aires;CABA;;IVA Responsable Inscripto;REHAB S.R.L.;30715141201;0;Ninguno;Pesos;0;;;;; ;
3087;Categoria 1;Habilitado;LEYENDA FILMS  S.R.L.;;;MARTINEZ ENRIQUE GRAL. 2134 Piso:1 Dpto:A;Ciudad Autónoma De Buenos Aires;CABA;;IVA Responsable Inscripto;LEYENDA FILMS  S.R.L.;30710245459;0;Ninguno;Pesos;0;;;;; ;
3088;Categoria 1;Habilitado;HERNANDEZ ROMERO MARIA EUGENIA;;;AMENABAR 1822 Piso:3 Dpto:10;Ciudad Autónoma De Buenos Aires;CABA;;IVA Responsable Inscripto;HERNANDEZ ROMERO MARIA EUGENIA;23957241034;0;Ninguno;Pesos;0;;;;; ;
3089;Categoria 1;Habilitado;SUÑE MARCO ANTONIO;;;DIRECTORIO AV. 2111;Ciudad Autónoma De Buenos Aires;CABA;;IVA Responsable Inscripto;SUÑE MARCO ANTONIO;23247172319;0;Ninguno;Pesos;0;;;;; ;
3090;Categoria 1;Habilitado;GOBIERNO DE LA CIUDAD DE BUENOS AIRES;;;GARCIA MARTIN AV. 346 Piso:1&#186 ;Ciudad Autónoma De Buenos Aires;CABA;;IVA Sujeto Exento;GOBIERNO DE LA CIUDAD DE BUENOS AIRES;34999032089;0;Ninguno;Pesos;0;;;;; ;
3091;Categoria 1;Habilitado;rodrigo cazorla;;;guillermo estevez boero 1737 -PARANA ENTR RIOS;Sin especificar;Sin especificar;;Consumidor final;;0;3435106;DNI;Pesos;0;;;;; ;
3092;Categoria 1;Habilitado;cecilia florencia andrade;;;490 n 3711 entre 132 y 132 bis- Gonnet , La plata;GONNET;Sin especificar;;Consumidor final;;0;30891399;DNI;Pesos;0;;;;; ;
3093;Categoria 1;Habilitado;GRUPO LMS SIZKA S.R.L.;;;24 ENTRE 169 Y AV. MONTEVIDEO 4650;BERISSO;Buenos Aires;;IVA Responsable Inscripto;GRUPO LMS SIZKA S.R.L.;30719243084;0;Ninguno;Pesos;0;;;;; ;
3094;Categoria 1;Habilitado;DIAZ JOEL ALEJANDRO;;;YATAY 338;Ciudad Autónoma De Buenos Aires;CABA;tecquimjoeldiaz@gmail.com;Consumidor final;DIAZ JOEL ALEJANDRO;20388931427;0;Ninguno;Pesos;0;;;;; ;
3095;Categoria 1;Habilitado;Grisel Cameli;;; calle 65 nro 1885 e/ 132 y 133;La plata;Sin especificar;;Consumidor final;;0;28869225;DNI;Pesos;0;;;;; ;
3096;Categoria 1;Habilitado;SCATTARELLA MARIO DANIEL;;;Marcos sastre 3950;Ciudad Autónoma De Buenos Aires;CABA;;IVA Responsable Inscripto;SCATTARELLA MARIO DANIEL;20230076279;0;Ninguno;Pesos;0;;;;; ;
3097;Categoria 1;Habilitado;Romero Diego;375 558-2403;;San Vicente - Misiones;Sin especificar;Sin especificar;;Consumidor final;;0;2751325;DNI;Pesos;0;;;;; ;
3098;Categoria 1;Habilitado;KAPOW S. A.;;;RAVIGNANI EMILIO DR 1666;Ciudad Autónoma De Buenos Aires;CABA;;IVA Responsable Inscripto;KAPOW S. A.;30709312274;0;Ninguno;Pesos;0;;;;; ;
3099;Categoria 1;Habilitado;FABULA ARGENTINA S.R.L.;;;CORRIENTES AV. 753 Piso:PB Dpto:155;Ciudad Autónoma De Buenos Aires;CABA;;IVA Responsable Inscripto;FABULA ARGENTINA S.R.L.;30719422515;0;Ninguno;Pesos;0;;;;; ;
3100;Categoria 1;Habilitado;Leonardo Riquelme;;;Rudecindo Roca 986, local ecokopias;SAN MARTIN DE LOS ANDES;Neuquén;;Consumidor final;;0;96340627;DNI;Pesos;0;;;;; ;
3101;Categoria 1;Habilitado;Martín Opizzo ;;;Localidad Huinca Renancó .Enviar a  Realicó la Pampa;La Pampa;Sin especificar;;Consumidor final;;0;28704338;DNI;Pesos;0;;;;; 6270;
3102;Consumidor final;Habilitado;Ivan Sosa;1132539283;1132539283;LAacroze 2177, PB1;SAN MARTIN;Buenos Aires;ivansosa925@gmail.com;Consumidor final;;0;0;Ninguno;Pesos;0;;;;; ;
3103;Consumidor final;Habilitado;Valentino Grandi;1165711233;1165711233;jose marti 1575;Capital Federal;Sin especificar;gbvalen02@gmail.com;Consumidor final;;0;0;Ninguno;Pesos;0;;;;; ;
