Nº de producto;Estado;Disponible para la venta;Disponible para la compra;Disponible para integrar otros productos;Compuesto por otros productos;Rubro;Nombre;Código;Código universal de producto (UPC);Código de proveedor;Stock actual;Stock ideal;Stock mínimo;Unidad;Alicuota de IVA;Proveedor;Moneda costo;Costo ($);Utilidad (%);Precio ($);Precio Final ($);Controla stock;Stock negativo;Mostrar en tienda;Nº de publicación en MercadoLibre;Nº de publicación adicional en MercadoLibre;Descripción;Descripción para la tienda;Observaciones Internas;
2;Habilitado;SI;SI;NO;NO;Sin especificar;productos prueba;'pp;'';'';9,000;0,000;0,000;unidad;21%;Sin especificar;Pesos;5,60;50,00;8,40;10,16;SI;SI;NO;0;0;
47;Habilitado;SI;SI;NO;NO;Lonas;LONA MESH C/LINER ULTRAFLEX 3.20x50mts HILADO 1000X1000 ;'MESHULT;'';'';0,000;0,000;0,000;unidad;21%;Geo Digital;Pesos;464072,73;23,00;570809,46;690679,45;SI;SI;NO;0;0;;;<p>actualización 9/6/21 use 2.15 + Iva m2 costo<br></p>;
48;Habilitado;SI;SI;NO;NO;01 Vinilo de Impresion Oracal 3640/3641 80mic;3640 ORAJET TRANSPARENTE BRILLANTE 105CM 50MTS;'364000105;'';''364000105;0,000;0,000;0,000;unidad;21%;Helioday;Pesos;237483,72;29,15;306710,22;371119,37;SI;SI;NO;0;0;
49;Habilitado;SI;SI;NO;NO;01 Vinilo de Impresion Oracal 3640/3641 80mic;3640 ORAJET TRANSPARENTE BRILLANTE 137CM 50MTS;'364000137;'';''364000137;0,000;0,000;0,000;unidad;21%;Helioday;Pesos;309859,74;29,15;400183,85;484222,46;SI;SI;NO;0;0;
50;Habilitado;SI;SI;NO;NO;01 Vinilo de Impresion Oracal 3640/3641 80mic;3640 ORAJET TRANSPARENTE BRILLANTE 152CM 50MTS;'36400152;'';''36400152;0,000;0,000;0,000;unidad;21%;Helioday;Pesos;343785,97;29,15;443999,58;537239,49;SI;SI;NO;0;0;
51;Habilitado;SI;SI;NO;NO;01 Vinilo de Impresion Oracal 3640/3641 80mic;3640 ORAJET IMPRESION BRILLANTE BASE BLANCA 105CM 50MTS;'364010105;'';''364010105;0,000;0,000;0,000;unidad;21%;Helioday;Pesos;237483,72;29,15;306710,22;371119,37;SI;SI;NO;0;0;
52;Habilitado;SI;SI;NO;NO;01 Vinilo de Impresion Oracal 3640/3641 80mic;3640 ORAJET IMPRESION BRILLANTE BASE BLANCA 137CM 50MTS;'364010137;'';''364010137;0,000;0,000;0,000;unidad;21%;Helioday;Pesos;309859,74;29,15;400183,85;484222,46;SI;SI;NO;0;0;
53;Habilitado;SI;SI;NO;NO;01 Vinilo de Impresion Oracal 3640/3641 80mic;3640 ORAJET IMPRESION BRILLANTE BASE BLANCA 152CM 50MTS;'364010152;'';''364010152;0,000;0,000;0,000;unidad;21%;Helioday;Pesos;343785,97;29,15;443999,58;537239,49;SI;SI;NO;0;0;
54;Habilitado;SI;SI;NO;NO;01 Vinilo de Impresion Oracal 3640/3641 80mic;3641 ORAJET IMPRESION BRILLANTE BASE GRIS 105CM 50MTS;'364110105;'';''364110105;0,000;0,000;0,000;unidad;21%;Helioday;Pesos;237483,72;29,15;306710,22;371119,37;SI;SI;NO;0;0;
55;Habilitado;SI;SI;NO;NO;01 Vinilo de Impresion Oracal 3640/3641 80mic;3641 ORAJET IMPRESION MATTE BASE GRIS 105CM 50MTS;'364110105M;'';''364110105M;0,000;0,000;0,000;unidad;21%;Helioday;Pesos;237483,72;29,15;306710,22;371119,37;SI;SI;NO;0;0;
56;Habilitado;SI;SI;NO;NO;01 Vinilo de Impresion Oracal 3640/3641 80mic;3641 ORAJET IMPRESION BRILLANTE BASE GRIS 126CM 50MTS;'364110126;'';''364110126;0,000;0,000;0,000;unidad;21%;Helioday;Pesos;284980,46;29,15;368052,26;445343,23;SI;SI;NO;0;0;
57;Habilitado;SI;SI;NO;NO;01 Vinilo de Impresion Oracal 3640/3641 80mic;3641 ORAJET IMPRESION BRILLANTE BASE GRIS 137CM 50MTS;'364110137;'';''364110137;0,000;0,000;0,000;unidad;21%;Helioday;Pesos;309859,74;29,15;400183,85;484222,46;SI;SI;NO;0;0;
58;Habilitado;SI;SI;NO;NO;01 Vinilo de Impresion Oracal 3640/3641 80mic;3641 ORAJET IMPRESION MATTE BASE GRIS 137CM 50MTS;'364110137M;'';''364110137M;0,000;0,000;0,000;unidad;21%;Helioday;Pesos;309859,74;29,15;400183,85;484222,46;SI;SI;NO;0;0;
59;Habilitado;SI;SI;NO;NO;01 Vinilo de Impresion Oracal 3640/3641 80mic;3641 ORAJET IMPRESION BRILLANTE BASE GRIS 152CM 50MTS;'364110152;'';''364110152;0,000;0,000;0,000;unidad;21%;Helioday;Pesos;343785,97;29,15;443999,58;537239,49;SI;SI;NO;0;0;
60;Habilitado;SI;SI;NO;NO;01 Vinilo de Impresion Oracal 3640/3641 80mic;3641 ORAJET IMPRESION MATTE BASE GRIS 152CM 50MTS;'364110152M;'';''364110152M;0,000;0,000;0,000;unidad;21%;Helioday;Pesos;343785,97;29,15;443999,58;537239,49;SI;SI;NO;0;0;
61;Habilitado;SI;SI;NO;NO;01 Vinilo de Impresion Vehicular Oracal 3651RA;3651 ORAJET BLANCO BRILLANTE RAPID AIR 137CM x 50MTS;'3651RA137;'';''3651RA137;0,000;0,000;0,000;unidad;21%;Helioday;Pesos;696570,00;30,00;905541,00;1095704,61;SI;SI;NO;0;0;
62;Habilitado;SI;SI;NO;NO;01 Vinilo de Impresion Vehicular Oracal 3651RA;3651 ORAJET BLANCO BRILLANTE RAPID AIR X 152CM x 50MTS.;'3651RA152;'';''3651RA152;0,000;0,000;0,000;unidad;21%;Helioday;Pesos;772836,79;30,00;1004687,83;1215672,27;SI;SI;NO;0;0;
63;Habilitado;SI;SI;NO;NO;01 Vinilo de Impresion Vehicular Oracal 3651;3651 ORAJET BLANCO GLOSS X 137CM X 50MTS;'365110137;'';''365110137;-1,000;0,000;0,000;unidad;21%;Helioday;Pesos;643051,16;25,00;803813,95;972614,88;SI;SI;NO;0;0;
64;Habilitado;SI;SI;NO;NO;01 Vinilo de Impresion Vehicular Oracal 3651;3651 ORAJET BLANCO GLOSS X 152CM X 50MTS;'365110152;'';''365110152;0,000;0,000;0,000;unidad;21%;Helioday;Pesos;713458,21;25,00;891822,76;1079105,54;SI;SI;NO;0;0;
66;Deshabilitado;NO;NO;NO;NO;01 Vinilo Impresion Lg2710/2700 G y M;LG 2700G BASE BLANCA 105CM X 50mts;'LG2700G105;'';''LG2700G105;3,000;2,000;1,000;unidad;21%;Grafisur;Pesos;288085,69;0,00;288085,69;348583,68;SI;SI;NO;0;0;
67;Deshabilitado;NO;NO;NO;NO;01 Vinilo Impresion Lg2710/2700 G y M;LG 2700G BASE BLANCA 127CM X 50MTS;'LG2700G127;'';''LG2700G127;1,000;2,000;1,000;unidad;21%;Grafisur;Pesos;348446,50;0,00;348446,50;421620,27;SI;SI;NO;0;0;
68;Habilitado;SI;SI;NO;NO;01 Vinilo Impresion Lg2710/2700 G y M;LG 2700G BASE BLANCA 137CM X 50MTS;'LG2700G137;'';''LG2700G137;0,000;2,000;1,000;unidad;21%;Grafisur;Pesos;375883,24;23,00;462336,39;559427,03;SI;SI;NO;0;0;
69;Habilitado;SI;SI;NO;NO;01 Vinilo Impresion Lg2710/2700 G y M;LG 2700G BASE BLANCA 152CM X 50MTS;'LG2700G152;'';''LG2700G152;0,000;2,000;1,000;unidad;21%;Grafisur;Pesos;417038,32;23,00;512957,13;620678,13;SI;SI;NO;0;0;
70;Habilitado;SI;SI;NO;NO;01 Vinilo Impresion Lg2710/2700 G y M;LG 2710G BASE GRIS 105CM X 50MTS;'LG2710G105;'';''LG2710G105;0,000;4,000;2,000;unidad;21%;Grafisur;Pesos;288085,70;23,00;354345,41;428757,95;SI;SI;NO;0;0;
71;Habilitado;SI;SI;NO;NO;01 Vinilo Impresion Lg2710/2700 G y M;LG 2710G BASE GIRS 127CM X 50MTS;'LG2710G127;'';''LG2710G127;-1,000;2,000;1,000;unidad;21%;Grafisur;Pesos;348446,42;23,00;428589,10;518592,81;SI;SI;NO;0;0;
72;Habilitado;SI;SI;NO;NO;01 Vinilo Impresion Lg2710/2700 G y M;LG 2710G BASE GRIS 137CM X 50MTS;'LG2710G137;'';''LG2710G137;0,000;4,000;2,000;unidad;21%;Grafisur;Pesos;375883,24;23,00;462336,39;559427,03;SI;SI;NO;0;0;
73;Habilitado;SI;SI;NO;NO;01 Vinilo Impresion Lg2710/2700 G y M;LG 2710G BASE GIRS 152CM X 50MTS;'LG2710G152;'';''LG2710G152;0,000;2,000;2,000;unidad;21%;Grafisur;Pesos;417038,32;23,00;512957,13;620678,13;SI;SI;NO;0;0;
77;Habilitado;SI;SI;NO;NO;Unical Base Gris Brillante 80mic;IMPRESION UNICAL BASE GRIS BRILLANTE 107CM x 50MTS 80MIC;'VUBG10680MIC;'';''VUBG10780MIC;0,000;0,000;0,000;unidad;21%;DIGRAFICA SRL;Pesos;104404,39;23,00;128417,40;155385,05;SI;SI;NO;0;0;;;<p>actualización precios costo y venta 9/06/21. Costo usa 1.41 + Iva. PV Usa 1.80 + Iva m2</p>;
78;Habilitado;SI;SI;NO;NO;Unical Base Gris Brillante 80mic;IMPRESION UNICAL BASE GRIS BRILLANTE 127CM X 50MTS 80MIC;'VUBG12780MIC;'';''VUBG12780MIC;0,000;0,000;0,000;unidad;21%;DIGRAFICA SRL;Pesos;123921,61;23,00;152423,58;184432,53;SI;SI;NO;0;0;;;<p>actualización precios costo y venta 9/06/21. Costo usa 1.41 + Iva. PV Usa 1.80 + Iva m2<br></p>;
79;Habilitado;SI;SI;NO;NO;Unical Base Gris Brillante 80mic;IMPRESION UNICAL BASE GRIS BRILLANTE 137CM X 50MTS 80MIC;'VUBG13780MIC;'';''VUBG13780MIC;0,000;0,000;0,000;unidad;21%;DIGRAFICA SRL;Pesos;133688,76;23,00;164437,17;198968,98;SI;SI;NO;0;0;;;<p>actualización precios costo y venta 9/06/21. Costo usa 1.41 + Iva. PV Usa 1.80 + Iva m2<br></p>;
80;Habilitado;SI;SI;NO;NO;Unical Base Gris Brillante 80mic;IMPRESION UNICAL BASE GRIS BRILLANTE 152CM X 50MTS 80MIC;'VUBG15280MIC;'';''VUBG15280MIC;0,000;0,000;0,000;unidad;21%;DIGRAFICA SRL;Pesos;148313,89;23,00;182426,08;220735,56;SI;SI;NO;0;0;;;<p>actualización precios costo y venta 9/06/21. Costo usa 1.41 + Iva. PV Usa 1.80 + Iva m2<br></p>;
81;Habilitado;SI;SI;NO;NO;Unical Base blanca Brillante 80mic;IMPRESION UNICAL BASE BLANCA BRILLANTE 107CM X 50MTS 80MIC;'VUBB106;'';''VUBB106;0,000;0,000;0,000;unidad;21%;DIGRAFICA SRL;Pesos;84887,17;23,00;104411,22;126337,58;SI;SI;NO;0;0;<p>actualización precios costo y venta 9/06/21. Costo usd 1.382 + Iva. PV Usa 1.80 + Iva m2<br></p>;
83;Habilitado;SI;SI;NO;NO;Unical Base blanca Brillante 80mic;IMPRESION UNICAL BASE BLANCA BRILLANTE 127CM X 50MTS 80MIC;'VUBB127;'';''VUBB127;0,000;0,000;0,000;unidad;21%;DIGRAFICA SRL;Pesos;100756,62;23,00;123930,64;149956,07;SI;SI;NO;0;0;;;<p>actualización precios costo y venta 9/06/21. Costo usd 1.382 + Iva. PV Usa 1.80 + Iva m2<br></p>;
85;Habilitado;SI;SI;NO;NO;Unical Base blanca Brillante 80mic;IMPRESION UNICAL BASE BLANCA BRILLANTE 152CM X 50MTS 80MIC;'VUBB152;'';''VUBB152;0,000;0,000;0,000;unidad;21%;DIGRAFICA SRL;Pesos;120597,71;23,00;148335,18;179485,57;SI;SI;NO;0;0;;;<p>actualización precios costo y venta 9/06/21. Costo usd 1.382 + Iva. PV Usa 1.80 + Iva m2<br></p>;
86;Habilitado;SI;SI;NO;NO;Unical Transparente Brillante o Matte 80mic;IMPRESION UNICAL TRANSPARENTE BRILLANTE 107CM X 50MTS 80MIC;'VUTG107;'';''VUTG107;0,000;0,000;0,000;unidad;21%;DIGRAFICA SRL;Pesos;107336,23;29,15;138624,74;167735,94;SI;SI;NO;0;0;;;<p>actualización precios costo y venta 9/06/21. Costo usd 1.505 + Iva. PV Usd 1.90 + Iva m2<br></p>;
87;Habilitado;SI;SI;NO;NO;Unical Transparente Brillante o Matte 80mic;IMPRESION UNICAL TRANSPARENTE BRILLANTE 137CM X 50MTS 80MIC;'VUTG137;'';''VUTG137;0,000;0,000;0,000;unidad;21%;DIGRAFICA SRL;Pesos;136973,16;29,15;176900,84;214050,02;SI;SI;NO;0;0;;;<p>actualización precios costo y venta 9/06/21. Costo usd 1.505 + Iva. PV Usd 1.90 + Iva m2<br></p>;
88;Habilitado;SI;SI;NO;NO;Unical Transparente Brillante o Matte 80mic;IMPRESION UNICAL TRANSPARENTE BRILLANTE 152CM X 50MTS 80MIC;'VUTG152;'';''VUTG152;-1,000;0,000;0,000;unidad;21%;DIGRAFICA SRL;Pesos;152473,02;29,15;196918,91;238271,88;SI;SI;NO;0;0;
91;Habilitado;SI;SI;NO;NO;Unical base blanca Matte 80mic;IMPRESION UNICAL BASE BLANCA MATTE 137CM X 50MTS 80MIC ;'VUM137;'';''VUM137;0,000;0,000;0,000;unidad;21%;DIGRAFICA SRL;Pesos;108699,88;23,00;133700,85;161778,03;SI;SI;NO;0;0;;;<p>actualización precios costo y venta 9/06/21. Costo usd 1.46 + Iva. PV Usd 1.90 + Iva m2<br></p>;
92;Habilitado;SI;SI;NO;NO;Unical base blanca Matte 80mic;IMPRESION UNICAL BASE BLANCA MATTE 152CM X 50MTS 80MIC ;'VUM152;'';''VUM152;0,000;0,000;0,000;unidad;21%;DIGRAFICA SRL;Pesos;120597,71;23,00;148335,18;179485,57;SI;SI;NO;0;0;;;<p>actualización precios costo y venta 9/06/21. Costo usd 1.505 + Iva. PV Usd 1.90 + Iva m2<br></p>;
93;Habilitado;SI;SI;NO;NO;Unical Base Gris Brillante 100mic;IMPRESION UNICAL BASE GRIS BRILLANTE 100MIC 107CM X 50MTS ;'VUBG107;'';''VUBG107;-1,000;0,000;0,000;unidad;21%;DIGRAFICA SRL;Pesos;117086,36;23,00;144016,22;174259,63;SI;SI;NO;0;0;;;<p>Actualizado dia 9/06/2021 precio costo USD 1.534 + Iva/ precio venta Usd 1.99 + Iva m2</p>;
94;Habilitado;SI;SI;NO;NO;Unical Base Gris Brillante 100mic;IMPRESION UNICAL BASE GRIS BRILLANTE 100MIC 127CM X 50MTS ;'VUBG127;'';''VUBG127;-2,000;0,000;0,000;unidad;21%;DIGRAFICA SRL;Pesos;138972,91;23,00;170936,68;206833,38;SI;SI;NO;0;0;;;<p>Actualizado dia 9/06/2021 precio costo USD 1.534 + Iva/ precio venta Usd 1.99 + Iva m2<br></p>;
95;Habilitado;SI;SI;NO;NO;Unical Base Gris Brillante 100mic;IMPRESION UNICAL BASE GRIS BRILLANTE 100MIC 137CM X 50MTS ;'VUBG137;'';''VUBG137;-1,000;0,000;0,000;unidad;21%;DIGRAFICA SRL;Pesos;137421,17;23,00;169028,04;204523,93;SI;SI;NO;0;0;;;<p>Actualizado dia 9/06/2021 precio costo USD 1.534 + Iva/ precio venta Usd 1.99 + Iva m2<br></p>;
96;Habilitado;SI;SI;NO;NO;Unical Base Gris Brillante 100mic;IMPRESION UNICAL BASE GRIS BRILLANTE 100MIC 152CM X 50MTS ;'VUBG152;'';''VUBG152;-12,000;0,000;0,000;unidad;21%;DIGRAFICA SRL;Pesos;166331,09;23,00;204587,24;247550,56;SI;SI;NO;0;0;;;<p>Actualizado dia 9/06/2021 precio costo USD 1.534 + Iva/ precio venta Usd 1.99 + Iva m2<br></p>;
97;Habilitado;SI;SI;NO;NO;Unical Base blanca Matte 100mic;IMPRESION UNICAL BASE BLANCA MATE 100MIC 107CM X 50MTS ;'VUBBM107;'';''VUBBM107;0,000;0,000;0,000;unidad;21%;DIGRAFICA SRL;Pesos;107336,23;23,00;132023,56;159748,51;SI;SI;NO;0;0;;;<p>Actualizado dia 9/06/2021 precio costo USD 1.534 + Iva/ precio venta Usd 1.99 + Iva m2<br></p>;
98;Habilitado;SI;SI;NO;NO;Unical Base blanca Matte 100mic;IMPRESION UNICAL BASE BLANCA MATTE 100MIC 127CM X 50MTS;'VUBBM127;'';''VUBBM127;0,000;0,000;0,000;unidad;21%;DIGRAFICA SRL;Pesos;127398,91;23,00;156700,66;189607,80;SI;SI;NO;0;0;;;<p>Actualizado dia 9/06/2021 precio costo USD 1.534 + Iva/ precio venta Usd 1.99 + Iva m2<br></p>;
99;Habilitado;SI;SI;NO;NO;Unical Base blanca Matte 100mic;IMPRESION UNICAL BASE BLANCA MATTE 100MIC 137CM X 50MTS ;'VUBBM137;'';''VUBBM137;-1,000;0,000;0,000;unidad;21%;DIGRAFICA SRL;Pesos;137421,75;23,00;169028,75;204524,79;SI;SI;NO;0;0;;;<p>Actualizado dia 9/06/2021 precio costo USD 1.534 + Iva/ precio venta Usd 1.99 + Iva m2<br></p>;
100;Habilitado;SI;SI;NO;NO;Unical Base blanca Matte 100mic;IMPRESION UNICAL BASE BLANCA MATTE 100MIC 152CM X 50MTS ;'VUBBM152;'';''VUBBM152;0,000;0,000;0,000;unidad;21%;DIGRAFICA SRL;Pesos;152473,02;23,00;187541,81;226925,59;SI;SI;NO;0;0;;;<p>Actualizado dia 9/06/2021 precio costo USD 1.534 + Iva/ precio venta Usd 1.99 + Iva m2<br></p>;
101;Habilitado;SI;SI;NO;NO;04 Vinilo de corte e impresion Oracal 5200;ORALITE 5200-10 BLANCO 122CM ;'520010;'';''520010;0,000;0,000;0,000;metro;21%;Insugraf;Pesos;34390,28;30,00;44707,36;54095,91;SI;SI;NO;0;0;
102;Habilitado;SI;SI;NO;NO;04 Vinilo de corte e impresion Oracal 5200;ORALITE 5200-10 BLANCO 61CM ;'520010-61;'';''520010-61;-21,700;50,000;25,000;metro;21%;Insugraf;Pesos;17195,15;30,00;22353,70;27047,98;SI;SI;NO;0;0;
103;Habilitado;SI;SI;NO;NO;04 Vinilo de corte e impresion Oracal 5200;ORALITE 5200-20 AMARILLO 122CM  ;'520020;'';''520020;0,000;0,000;0,000;metro;21%;Insugraf;Pesos;34390,28;30,00;44707,36;54095,91;SI;SI;NO;0;0;
104;Habilitado;SI;SI;NO;NO;04 Vinilo de corte e impresion Oracal 5200;ORALITE 5200-20 AMARILLO 61CM ;'520020-61;'';''520020-61;-11,000;0,000;0,000;metro;21%;Insugraf;Pesos;17195,15;30,00;22353,70;27047,98;SI;SI;NO;0;0;
105;Habilitado;SI;SI;NO;NO;04 Vinilo de corte e impresion Oracal 5200;ORALITE 5200-30 ROJO 122CM  ;'520030;'';''520030;-1,000;0,000;0,000;metro;21%;Insugraf;Pesos;34390,28;30,00;44707,36;54095,91;SI;SI;NO;0;0;
106;Habilitado;SI;SI;NO;NO;04 Vinilo de corte e impresion Oracal 5200;ORALITE 5200-30 ROJO 61CM  ;'520030-61;'';''520030-61;2,200;0,000;0,000;metro;21%;Insugraf;Pesos;17195,15;30,00;22353,70;27047,98;SI;SI;NO;0;0;
107;Habilitado;SI;SI;NO;NO;04 Vinilo de corte e impresion Oracal 5200;ORALITE 5200 NARANJA 122CM  ;'520035;'';''520035;0,000;0,000;0,000;metro;21%;Insugraf;Pesos;34390,28;30,00;44707,36;54095,91;SI;SI;NO;0;0;
108;Habilitado;SI;SI;NO;NO;04 Vinilo de corte e impresion Oracal 5200;ORALITE 5200-NARANJA 61CM  ;'520035-61;'';''520035-61;-5,700;0,000;0,000;metro;21%;Insugraf;Pesos;17195,15;30,00;22353,70;27047,98;SI;SI;NO;0;0;
109;Habilitado;SI;SI;NO;NO;04 Vinilo de corte e impresion Oracal 5200;ORALITE 5200-49 AZUL 122CM  ;'520049;'';''520049;0,000;0,000;0,000;metro;21%;Insugraf;Pesos;34390,28;30,00;44707,36;54095,91;SI;SI;NO;0;0;
110;Habilitado;SI;SI;NO;NO;04 Vinilo de corte e impresion Oracal 5200;ORALITE 5200-49 AZUL 61CM  ;'520049-61;'';''520049-61;3,000;0,000;0,000;metro;21%;Insugraf;Pesos;17195,15;30,00;22353,70;27047,98;SI;SI;NO;0;0;
111;Habilitado;SI;SI;NO;NO;04 Vinilo de corte e impresion Oracal 5200;ORALITE 5200-VERDE 122CM  ;'520060;'';''520060;0,000;0,000;0,000;metro;21%;Insugraf;Pesos;34390,28;30,00;44707,36;54095,91;SI;SI;NO;0;0;
112;Habilitado;SI;SI;NO;NO;04 Vinilo de corte e impresion Oracal 5200;ORALITE 5200-VERDE 61CM  ;'520060-61;'';''520060-61;1,500;0,000;0,000;metro;21%;Insugraf;Pesos;17195,15;30,00;22353,70;27047,98;SI;SI;NO;0;0;
113;Habilitado;SI;SI;NO;NO;05 Vinilo Reflectivo Oracal 6710 panal de abejas;6710-010 WHITE ORAFOL PRISMATIC 123.5CM ;'671010;'';''671010;-19,000;10,000;0,000;metro;21%;Insugraf;Pesos;39623,58;30,00;51510,65;62327,89;SI;SI;NO;0;0;
114;Habilitado;SI;SI;NO;NO;05 Vinilo Reflectivo Oracal 6710 panal de abejas;6710-020 YELLOW ORAFOL PRISMATIC 123.5CM ;'671020;'';''671020;-3,000;5,000;0,000;metro;21%;Insugraf;Pesos;39623,58;30,00;51510,65;62327,89;SI;SI;NO;0;0;
115;Habilitado;SI;SI;NO;NO;05 Vinilo Reflectivo Oracal 6710 panal de abejas;6710-030 RED ORAFOL PRISMATIC 123.5CM ;'671030;'';''671030;0,000;0,000;0,000;metro;21%;Insugraf;Pesos;39623,58;30,00;51510,65;62327,89;SI;SI;NO;0;0;
116;Habilitado;SI;SI;NO;NO;05 Vinilo Reflectivo Oracal 6710 panal de abejas;6710-034 ORANGE ORAFOL PRISMATIC 123.5CM ;'671034;'';''671034;0,000;0,000;0,000;metro;21%;Insugraf;Pesos;39623,58;30,00;51510,65;62327,89;SI;SI;NO;0;0;
117;Habilitado;SI;SI;NO;NO;05 Vinilo Reflectivo Oracal 6710 panal de abejas;6710-050 BLUE ORAFOL PRISMATIC 123.5CM ;'671050;'';''671050;0,000;0,000;0,000;metro;21%;Insugraf;Pesos;39623,58;30,00;51510,65;62327,89;SI;SI;NO;0;0;
118;Habilitado;SI;SI;NO;NO;05 Vinilo Reflectivo Oracal 6710 panal de abejas;6710-060 GREEN ORAFOL PRISMATIC 123.5CM ;'671060;'';''671060;-3,000;0,000;0,000;metro;21%;Insugraf;Pesos;39623,58;30,00;51510,65;62327,89;SI;SI;NO;0;0;
119;Habilitado;SI;SI;NO;NO;05 Vinilo Reflectivo Oracal 6710 panal de abejas;6710-080 BROWN ORAFOL PRISMATIC 123.5CM;'671080;'';''671080;0,000;0,000;0,000;metro;21%;Insugraf;Pesos;39623,58;30,00;51510,65;62327,89;SI;SI;NO;0;0;
120;Habilitado;SI;SI;NO;NO;02 Reflectivos de Impresión;REFLECTIVO COM. IMPRESION HC P300 BLANCO 61CM FRACCIONADO;'HCP30061;'';''HCP30061;0,000;0,000;0,000;metro;21%;Grafisur;Pesos;4355,05;30,00;5661,57;6850,50;SI;SI;NO;0;0;
121;Habilitado;SI;SI;NO;NO;02 Reflectivos de Impresión;REFLECTIVO COM. IMPRESION HC P300 BLANCO  124CM X FRACCIONADO;'HCP300124;'';''HCP300124;0,000;0,000;0,000;metro;21%;Grafisur;Pesos;8710,07;30,00;11323,09;13700,94;SI;SI;NO;0;0;
124;Habilitado;SI;SI;NO;NO;02 Vinilos Microperforado;MICROPERFORADO SOLIDEX 100MIC  X 107CM FRACCIONADO;'SOM106F;'';''SOM106F;0,000;0,000;0,000;metro;21%;DIGRAFICA SRL;Pesos;4410,93;50,00;6616,40;8005,84;SI;SI;NO;0;0;
131;Habilitado;SI;SI;NO;NO;Oraguard 215;ORAGUARD 215 BRILLANTE  X 137CM X 50MTS.;'OG215137;'';''OG215137;-1,000;0,000;0,000;unidad;21%;Helioday;Pesos;598796,29;24,10;743106,20;899158,50;SI;SI;NO;0;0;
132;Habilitado;SI;SI;NO;NO;Oraguard 215;ORAGUARD 215 BRILLANTE X 155CM X 50MTS;'OG215155;'';''OG215155;-4,000;1,000;1,000;unidad;21%;Helioday;Pesos;677470,50;24,10;840740,89;1017296,48;SI;SI;NO;0;0;
133;Habilitado;SI;SI;NO;NO;Oraguard 215;ORAGUARD 215 BRILLANTE X 155CM FRACCIONADO;'OG215155F;'';''OG215155F;3,000;0,000;0,000;metro;21%;Insugraf;Pesos;17015,49;60,00;27224,78;32941,98;SI;SI;NO;0;0;
134;Habilitado;SI;SI;NO;NO;Oraguard 215;ORAGUARD 215 MATE X 155CM X 50MTS;'OG215155M;'';''OG215155M;0,000;1,000;1,000;unidad;21%;Helioday;Pesos;677470,50;24,10;840740,89;1017296,48;SI;SI;NO;0;0;
135;Habilitado;SI;SI;NO;NO;Oraguard 215;ORAGUARD 215 MATE X 155CM FRACCIONADO;'OG215155MF;'';''OG215155MF;3,000;0,000;0,000;metro;21%;Insugraf;Pesos;17015,49;60,00;27224,78;32941,98;SI;SI;NO;0;0;
136;Habilitado;SI;SI;NO;NO;Oraguard 215;ORAGUARD 215 BRILLANTE X 137CM FRACCIONADO;'OG215137F;'';''OG215137F;0,000;0,000;0,000;metro;21%;Insugraf;Pesos;15039,49;60,00;24063,18;29116,45;SI;SI;NO;0;0;
139;Habilitado;SI;SI;NO;NO;07 Laminados;FLOORGRAPHICS NAR 200mic. x 152CM ANCHO ;'LAMPI152;'';''LAMPI152;1,800;0,000;0,000;metro;21%;Grafisur;Pesos;8151,19;30,00;10596,55;12821,83;SI;SI;NO;0;0;
140;Habilitado;SI;SI;NO;NO;07 Laminados;FLOORGRAPHICS NAR 200mic. x 106CM ANCHO  ;'LAMPI106;'';''LAMPI106;-50,000;0,000;0,000;metro;21%;Grafisur;Pesos;5700,24;30,00;7410,31;8966,48;SI;SI;NO;0;0;
141;Habilitado;SI;SI;NO;NO;07 Laminados;FLOORGRAPHICS NAR 200mic. x 127CM ANCHO  ;'LAMPI127;'';''LAMPI127;-5,000;0,000;0,000;metro;21%;Grafisur;Pesos;6639,22;30,00;8630,99;10443,50;SI;SI;NO;0;0;
145;Habilitado;SI;SI;NO;NO;07 Laminados;LACA CLEARSHIELD (USA) BRILLANTE X 1LTS.;'CLS101;'';''CLS101;-5,000;6,000;2,000;unidad;21%;Pro SRL;Pesos;52474,79;31,25;68873,16;83336,52;SI;SI;NO;0;0;
146;Habilitado;SI;SI;NO;NO;07 Laminados;LACA CLEARSHIELD (USA) BRILLANTE X 20LTS.;'CLS1020;'';''CLS1020;-5,000;2,000;1,000;unidad;21%;Pro SRL;Pesos;817353,33;31,25;1072776,25;1298059,26;SI;SI;NO;0;0;
148;Habilitado;SI;SI;NO;NO;07 Laminados;LACA CLEARSHIELD (USA) MATE X 1 LTS.;'CLS109;'';''CLS109;0,000;6,000;2,000;unidad;21%;Pro SRL;Pesos;54016,39;31,25;70896,51;85784,78;SI;SI;NO;0;0;
151;Habilitado;SI;SI;NO;NO;03 Papeles de Impresion;WALLPAPER LEATHER X 137CM FRACCIONADO (5MTS.MIN);'WPLEATHE;'';''WPLEATHE;39,500;0,000;0,000;metro;21%;Insugraf;Pesos;12171,15;25,00;15213,94;18408,87;SI;SI;NO;0;0;
156;Habilitado;SI;SI;NO;NO;Estructuras;PORTABANNER HIERRO 1 TENSORES 90X190CM CRIV;'porta1;'';''porta1;0,000;0,000;0,000;unidad;21%;CRIVO SRL;Pesos;11796,75;40,00;16515,45;19983,69;SI;SI;NO;0;0;;;<p>actualizado 9/06/21 costo Usd 8.505 + Iva/ pv usd 11.05 + Iva&nbsp <br></p>;
157;Habilitado;SI;SI;NO;NO;Estructuras;PORTABANNER HIERRO 2 TENSORES 90X190CM CRIV;'porta2;'';''porta2;0,000;0,000;0,000;unidad;21%;CRIVO SRL;Pesos;14717,85;40,00;20604,99;24932,04;SI;SI;NO;0;0;;;<p>actualizado 9/06/21 costo Usd 10.755 + Iva/ pv usd 14.00+ Iva&nbsp <br></p>;
158;Deshabilitado;NO;NO;NO;NO;Estructuras;PORTABANNER HIERRO 2 TENSORES REFORZADO 90X190CM ;'porta2R;'';''porta2R;0,000;0,000;0,000;unidad;21%;Sin especificar;Pesos;39208,89;25,00;49011,11;59303,44;SI;SI;NO;0;0;;;<p>actualizado 9/06/21 costo Usd 12.204 + Iva/ pv usd 15.90 + Iva&nbsp <br></p>;
159;Habilitado;SI;SI;NO;NO;Equipos;ESTAMPADORA MANUAL 38X38 Tijera;'EM3838;'';''EM3838;0,000;0,000;0,000;unidad;10,5%;Iparraguirre;Pesos;569817,91;0,00;569817,91;629648,79;SI;SI;NO;0;0;
160;Habilitado;SI;SI;NO;NO;Equipos;ESTAMPADORA MANUAL 40X60 ;'EM4060;'';''EM4060;0,000;0,000;0,000;unidad;10,5%;Iparraguirre;Pesos;333156,71;25,00;416445,89;460172,71;SI;SI;NO;0;0;
161;Habilitado;SI;SI;NO;NO;Equipos;ESTAMPADORA PARA TAZAS;'EM60;'';''EM60;2,000;0,000;0,000;unidad;10,5%;Iparraguirre;Pesos;210289,95;0,00;210289,95;232370,39;SI;SI;NO;0;0;
162;Habilitado;SI;SI;NO;NO;Equipos;ESTAMPADORA COMBO 6X1;'EM6x1;'';''EM6x1;1,000;0,000;0,000;unidad;10,5%;Iparraguirre;Pesos;841159,76;0,00;841159,76;929481,53;SI;SI;NO;0;0;
163;Habilitado;SI;SI;NO;NO;Equipos;ESTAMPADORA PARA PLATOS;'EM70;'';''EM70;0,000;0,000;0,000;unidad;10,5%;Iparraguirre;Pesos;0,00;0,00;0,00;0,00;SI;SI;NO;0;0;
164;Habilitado;SI;SI;NO;NO;Equipos;ESTAMPADORA PARA GORRAS;'EMG2815;'';''EMG2815;0,000;0,000;0,000;unidad;10,5%;Iparraguirre;Pesos;131317,24;30,00;170712,41;188637,21;SI;SI;NO;0;0;
165;Habilitado;SI;SI;NO;NO;Sublimacion;VINILO UNICAL SUBLIMABLE BLANCO A4 X UNI;'VUSA4;'';''VUSA4;0,000;0,000;0,000;unidad;21%;DIGRAFICA SRL;Pesos;511,39;30,00;664,81;804,42;SI;SI;NO;0;0;;;<p>actualizado 9/06/21 costo Usd 0.35 + Iva<br></p>;
166;Habilitado;SI;SI;NO;NO;Sublimacion;VINILO UNICAL SUBLIMABLE BLANCO 60CM DE ANCHO;'VUSB60;'';''VUSB60;11,700;0,000;0,000;metro;21%;DIGRAFICA SRL;Pesos;4925,30;30,00;6402,89;7747,50;SI;SI;NO;0;0;
168;Habilitado;SI;SI;NO;NO;Sublimacion;VINILO UNICAL SUBLIMABLE BLANCO A3 X UNI;'VUSBA3;'';''VUSBA3;0,000;0,000;0,000;unidad;21%;DIGRAFICA SRL;Pesos;1022,75;30,00;1329,58;1608,79;SI;SI;NO;0;0;
169;Habilitado;SI;SI;NO;NO;Sublimacion;VINILO UNICAL SUBLIMABLE TRANSPARENTE 60CM DE ANCHO;'VUST60;'';''VUST60;0,000;0,000;0,000;metro;21%;DIGRAFICA SRL;Pesos;4925,30;30,00;6402,89;7747,50;SI;SI;NO;0;0;
171;Habilitado;SI;SI;NO;NO;Sublimacion;VINILO UNICAL SUBLIMABLE TRANSPARENTE A3 X UNI;'VUSTA3;'';''VUSTA3;0,000;0,000;0,000;unidad;21%;DIGRAFICA SRL;Pesos;1022,75;30,00;1329,58;1608,79;SI;SI;NO;0;0;
172;Habilitado;SI;SI;NO;NO;Sublimacion;VINILO UNICAL SUBLIMABLE TRANSPARENTE A4 X UNI;'VUSTA4;'';''VUSTA4;0,000;0,000;0,000;unidad;21%;DIGRAFICA SRL;Pesos;511,39;30,00;664,81;804,42;SI;SI;NO;0;0;;;<p>actualizado 9/06/21 costo Usd 2.922 + Iva/ pv usd 3.65 + Iva&nbsp <br></p>;
219;Habilitado;SI;SI;NO;NO;Sublimacion;PAPEL PARA SUBLIMACION A4 X 100 ART JET;'PSUBA4;'';''PSUBA4;-10,000;40,000;10,000;unidad;21%;G-commerce;Pesos;2870,88;35,00;3875,69;4689,58;SI;SI;NO;0;0;
220;Habilitado;SI;SI;NO;NO;BRILLANTE;ORACAL 651-00 CLEAR 126CM;'65100;'';''65100;1,000;50,000;15,000;metro;21%;Helioday;Pesos;13339,22;30,00;17340,99;20982,60;SI;SI;NO;0;0;
221;Habilitado;SI;SI;NO;NO;BRILLANTE;ORACAL 651-00 CLEAR - 63CM;'65100-63;'';''65100-63;-65,200;50,000;15,000;metro;21%;Helioday;Pesos;6669,72;30,00;8670,64;10491,47;SI;SI;NO;0;0;
222;Habilitado;SI;SI;NO;NO;04 Vinilo de corte oracal 651 ByN;ORACAL 651-10 WHITE - 126CM;'65110;'';''65110;-102,800;150,000;50,000;metro;21%;Helioday;Pesos;11599,70;30,00;15079,61;18246,33;SI;SI;NO;0;0;
223;Habilitado;SI;SI;NO;NO;04 Vinilo de corte oracal 651 ByN;ORACAL 651-10 WHITE - 63CM;'65110-63;'';''65110-63;-283,050;50,000;25,000;metro;21%;Helioday;Pesos;5799,98;30,00;7539,97;9123,36;SI;SI;NO;0;0;
224;Habilitado;SI;SI;NO;NO;BRILLANTE;ORACAL 651-19 SIGNAL YELLOW - 126CM;'65119;'';''65119;-10,000;50,000;25,000;metro;21%;Helioday;Pesos;13339,22;30,00;17340,99;20982,60;SI;SI;NO;0;0;
225;Habilitado;SI;SI;NO;NO;BRILLANTE;ORACAL 651-19 SIGNAL YELLOW - 63CM;'65119-63;'';''65119-63;-8,700;50,000;25,000;metro;21%;Helioday;Pesos;6669,72;30,00;8670,64;10491,47;SI;SI;NO;0;0;
226;Habilitado;SI;SI;NO;NO;BRILLANTE;ORACAL 651-20 GOLDEN YELLOW - 126CM;'65120;'';''65120;-24,300;50,000;25,000;metro;21%;Helioday;Pesos;13339,22;30,00;17340,99;20982,60;SI;SI;NO;0;0;
227;Habilitado;SI;SI;NO;NO;BRILLANTE;ORACAL 651-20 GOLDEN YELLOW - 63CM;'65120-63;'';''65120-63;-46,400;50,000;15,000;metro;21%;Helioday;Pesos;6669,72;30,00;8670,64;10491,47;SI;SI;NO;0;0;
228;Habilitado;SI;SI;NO;NO;BRILLANTE;ORACAL 651-21 YELLOW - 126CM;'65121;'';''65121;-61,100;50,000;30,000;metro;21%;Helioday;Pesos;13339,22;30,00;17340,99;20982,60;SI;SI;NO;0;0;
229;Habilitado;SI;SI;NO;NO;BRILLANTE;ORACAL 651-21 YELLOW - 63CM;'65121-63;'';''65121-63;-53,300;25,000;10,000;metro;21%;Helioday;Pesos;6669,72;30,00;8670,64;10491,47;SI;SI;NO;0;0;
230;Habilitado;SI;SI;NO;NO;BRILLANTE;ORACAL 651-22 LIGHT YELLOW -126CM;'65122;'';''65122;24,200;50,000;20,000;metro;21%;Helioday;Pesos;13339,22;30,00;17340,99;20982,60;SI;SI;NO;0;0;
231;Habilitado;SI;SI;NO;NO;BRILLANTE;ORACAL 651-22 LIGHT YELLOW - 63CM;'65122-63;'';''65122-63;-32,000;25,000;10,000;metro;21%;Helioday;Pesos;6669,72;30,00;8670,64;10491,47;SI;SI;NO;0;0;
232;Habilitado;SI;SI;NO;NO;BRILLANTE;ORACAL 651-23 CREAM -126CM;'65123;'';''65123;1,100;30,000;10,000;metro;21%;Helioday;Pesos;13339,22;30,00;17340,99;20982,60;SI;SI;NO;0;0;
233;Habilitado;SI;SI;NO;NO;BRILLANTE;ORACAL 651-23 CREAM - 63CM;'65123-63;'';''65123-63;-7,000;25,000;10,000;metro;21%;Helioday;Pesos;6669,72;30,00;8670,64;10491,47;SI;SI;NO;0;0;
234;Habilitado;SI;SI;NO;NO;BRILLANTE;ORACAL 651-25 BRIMSTONE YELLOW -126CM;'65125;'';''65125;13,500;50,000;25,000;metro;21%;Helioday;Pesos;13339,22;30,00;17340,99;20982,60;SI;SI;NO;0;0;
235;Habilitado;SI;SI;NO;NO;BRILLANTE;ORACAL 651-25 BRIMSTONE YELLOW - 63CM;'65125-63;'';''65125-63;-15,000;30,000;10,000;metro;21%;Helioday;Pesos;6669,72;30,00;8670,64;10491,47;SI;SI;NO;0;0;
236;Habilitado;SI;SI;NO;NO;BRILLANTE;ORACAL 651-26 PURPLE RED - 126CM;'65126;'';''65126;0,000;25,000;15,000;metro;21%;Helioday;Pesos;13339,22;30,00;17340,99;20982,60;SI;SI;NO;0;0;
237;Habilitado;SI;SI;NO;NO;BRILLANTE;ORACAL 651-26 PURPLE RED - 63CM;'65126-63;'';''65126-63;0,000;15,000;5,000;metro;21%;Helioday;Pesos;6669,72;30,00;8670,64;10491,47;SI;SI;NO;0;0;
238;Habilitado;SI;SI;NO;NO;BRILLANTE;ORACAL 651-30 DARK RED -126CM;'65130;'';''65130;2,870;50,000;25,000;metro;21%;Helioday;Pesos;13339,22;30,00;17340,99;20982,60;SI;SI;NO;0;0;
239;Habilitado;SI;SI;NO;NO;BRILLANTE;ORACAL 651-30 DARK RED - 63CM;'65130-63;'';''65130-63;-17,000;10,000;5,000;metro;21%;Helioday;Pesos;6669,72;30,00;8670,64;10491,47;SI;SI;NO;0;0;
240;Habilitado;SI;SI;NO;NO;BRILLANTE;ORACAL 651-31 RED -126CM;'65131;'';''65131;-162,900;50,000;50,000;metro;21%;Helioday;Pesos;13339,22;30,00;17340,99;20982,60;SI;SI;NO;0;0;
241;Habilitado;SI;SI;NO;NO;BRILLANTE;ORACAL 651-31 RED - 63CM;'65131-63;'';''65131-63;-11,250;50,000;15,000;metro;21%;Helioday;Pesos;6669,72;30,00;8670,64;10491,47;SI;SI;NO;0;0;
242;Habilitado;SI;SI;NO;NO;BRILLANTE;ORACAL 651-312 BURGUNDY -126CM;'651312;'';''651312;0,100;25,000;10,000;metro;21%;Helioday;Pesos;13339,22;30,00;17340,99;20982,60;SI;SI;NO;0;0;
243;Habilitado;SI;SI;NO;NO;BRILLANTE;ORACAL 651-312 BURGUNDY - 63CM;'651312-63;'';''651312-63;-7,000;15,000;10,000;metro;21%;Helioday;Pesos;6669,72;30,00;8670,64;10491,47;SI;SI;NO;0;0;
244;Habilitado;SI;SI;NO;NO;BRILLANTE;ORACAL 651-32 LIGHT RED -126CM;'65132;'';''65132;-57,500;50,000;25,000;metro;21%;Helioday;Pesos;13339,22;30,00;17340,99;20982,60;SI;SI;NO;0;0;
245;Habilitado;SI;SI;NO;NO;BRILLANTE;ORACAL 651-32 LIGHT RED - 63CM;'65132-63;'';''65132-63;-15,300;15,000;10,000;metro;21%;Helioday;Pesos;6669,72;30,00;8670,64;10491,47;SI;SI;NO;0;0;
246;Habilitado;SI;SI;NO;NO;BRILLANTE;ORACAL 651-35 PASTEL ORANGE - 126CM;'65135;'';''65135;11,500;50,000;25,000;metro;21%;Helioday;Pesos;13339,22;30,00;17340,99;20982,60;SI;SI;NO;0;0;
247;Habilitado;SI;SI;NO;NO;BRILLANTE;ORACAL 651-35 PASTEL ORANGE - 63CM;'65135-63;'';''65135-63;-127,700;25,000;15,000;metro;21%;Helioday;Pesos;6669,72;30,00;8670,64;10491,47;SI;SI;NO;0;0;
248;Habilitado;SI;SI;NO;NO;BRILLANTE;ORACAL 651-36 LIGHT ORANGE -126CM;'65136;'';''65136;-24,000;30,000;15,000;metro;21%;Helioday;Pesos;13339,22;30,00;17340,99;20982,60;SI;SI;NO;0;0;
249;Habilitado;SI;SI;NO;NO;BRILLANTE;ORACAL 651-36 LIGHT ORANGE - 63CM;'65136-63;'';''65136-63;-57,100;20,000;10,000;metro;21%;Helioday;Pesos;6669,72;30,00;8670,64;10491,47;SI;SI;NO;0;0;
250;Habilitado;SI;SI;NO;NO;BRILLANTE;ORACAL 651-40 VIOLET -126CM;'65140;'';''65140;-24,000;25,000;15,000;metro;21%;Helioday;Pesos;13339,22;30,00;17340,99;20982,60;SI;SI;NO;0;0;
251;Habilitado;SI;SI;NO;NO;BRILLANTE;ORACAL 651-40 VIOLET - 63CM;'65140-63;'';''65140-63;-21,200;50,000;25,000;metro;21%;Helioday;Pesos;6669,72;30,00;8670,64;10491,47;SI;SI;NO;0;0;
252;Habilitado;SI;SI;NO;NO;BRILLANTE;ORACAL 651-404 PURPLE -126CM;'651404;'';''651404;16,000;50,000;20,000;metro;21%;Helioday;Pesos;13339,22;30,00;17340,99;20982,60;SI;SI;NO;0;0;
253;Habilitado;SI;SI;NO;NO;BRILLANTE;ORACAL 651-404 PURPLE - 63CM;'651404-63;'';''651404-63;-114,800;25,000;10,000;metro;21%;Helioday;Pesos;6669,72;30,00;8670,64;10491,47;SI;SI;NO;0;0;
254;Habilitado;SI;SI;NO;NO;BRILLANTE;ORACAL 651-41 PINK -126CM;'65141;'';''65141;-9,000;50,000;25,000;metro;21%;Helioday;Pesos;13339,22;30,00;17340,99;20982,60;SI;SI;NO;0;0;
255;Habilitado;SI;SI;NO;NO;BRILLANTE;ORACAL 651-41 PINK - HALF;'65141-63;'';''65141-63;13,200;25,000;10,000;metro;21%;Helioday;Pesos;6669,72;30,00;8670,64;10491,47;SI;SI;NO;0;0;
256;Habilitado;SI;SI;NO;NO;BRILLANTE;ORACAL 651-42 LILAC -126CM;'65142;'';''65142;0,000;30,000;15,000;metro;21%;Helioday;Pesos;13339,22;30,00;17340,99;20982,60;SI;SI;NO;0;0;
257;Habilitado;SI;SI;NO;NO;BRILLANTE;ORACAL 651-42 LILAC - 63CM;'65142-63;'';''65142-63;-0,400;25,000;10,000;metro;21%;Helioday;Pesos;6669,72;30,00;8670,64;10491,47;SI;SI;NO;0;0;
258;Habilitado;SI;SI;NO;NO;BRILLANTE;ORACAL 651-43 LAVENDER -126CM;'65143;'';''65143;0,000;50,000;25,000;metro;21%;Helioday;Pesos;13339,22;30,00;17340,99;20982,60;SI;SI;NO;0;0;
259;Habilitado;SI;SI;NO;NO;BRILLANTE;ORACAL 651-43 LAVENDER - 63CM;'65143-63;'';''65143-63;8,700;15,000;5,000;metro;21%;Helioday;Pesos;6669,72;30,00;8670,64;10491,47;SI;SI;NO;0;0;
260;Habilitado;SI;SI;NO;NO;BRILLANTE;ORACAL 651-45 SOFT PINK -126CM;'65145;'';''65145;5,000;50,000;25,000;metro;21%;Helioday;Pesos;13339,22;30,00;17340,99;20982,60;SI;SI;NO;0;0;
261;Habilitado;SI;SI;NO;NO;BRILLANTE;ORACAL 651-45 SOFT PINK - 63CM;'65145-63;'';''65145-63;-32,190;15,000;5,000;metro;21%;Helioday;Pesos;6669,72;30,00;8670,64;10491,47;SI;SI;NO;0;0;
262;Habilitado;SI;SI;NO;NO;BRILLANTE;ORACAL 651-47 ORANGE RED -126CM;'65147;'';''65147;8,000;25,000;10,000;metro;21%;Helioday;Pesos;13339,22;30,00;17340,99;20982,60;SI;SI;NO;0;0;
263;Habilitado;SI;SI;NO;NO;BRILLANTE;ORACAL 651-47 ORANGE RED - 63CM;'65147-63;'';''65147-63;-11,000;15,000;5,000;metro;21%;Helioday;Pesos;6669,72;30,00;8670,64;10491,47;SI;SI;NO;0;0;
264;Habilitado;SI;SI;NO;NO;BRILLANTE;ORACAL 651-49 KING BLUE -126CM;'65149;'';''65149;32,000;100,000;45,000;metro;21%;Helioday;Pesos;13339,22;30,00;17340,99;20982,60;SI;SI;NO;0;0;
265;Habilitado;SI;SI;NO;NO;BRILLANTE;ORACAL 651-49 KING BLUE - 63CM;'65149-63;'';''65149-63;-103,000;50,000;15,000;metro;21%;Helioday;Pesos;6669,72;30,00;8670,64;10491,47;SI;SI;NO;0;0;
266;Habilitado;SI;SI;NO;NO;BRILLANTE;ORACAL 651-50 DARK BLUE -126CM;'65150;'';''65150;-59,300;50,000;23,000;metro;21%;Helioday;Pesos;13339,22;30,00;17340,99;20982,60;SI;SI;NO;0;0;
267;Habilitado;SI;SI;NO;NO;BRILLANTE;ORACAL 651-50 DARK BLUE - 63CM;'65150-63;'';''65150-63;-187,700;30,000;20,000;metro;21%;Helioday;Pesos;6669,72;30,00;8670,64;10491,47;SI;SI;NO;0;0;
268;Habilitado;SI;SI;NO;NO;BRILLANTE;ORACAL 651-51 GENTIAN BLUE -126CM;'65151;'';''65151;-18,800;50,000;20,000;metro;21%;Helioday;Pesos;13339,22;30,00;17340,99;20982,60;SI;SI;NO;0;0;
269;Habilitado;SI;SI;NO;NO;BRILLANTE;ORACAL 651-51 GENTIAN BLUE - 63CM;'65151-63;'';''65151-63;11,500;25,000;15,000;metro;21%;Helioday;Pesos;6669,72;30,00;8670,64;10491,47;SI;SI;NO;0;0;
270;Habilitado;SI;SI;NO;NO;BRILLANTE;ORACAL 651-518 STEEL BLUE -126CM;'651518;'';''651518;-1,800;25,000;15,000;metro;21%;Helioday;Pesos;13339,22;30,00;17340,99;20982,60;SI;SI;NO;0;0;
271;Habilitado;SI;SI;NO;NO;BRILLANTE;ORACAL 651-518 STEEL BLUE - 63CM;'651518-63;'';''651518-63;4,000;25,000;10,000;metro;21%;Helioday;Pesos;6669,72;30,00;8670,64;10491,47;SI;SI;NO;0;0;
272;Habilitado;SI;SI;NO;NO;BRILLANTE;ORACAL 651-52 AZURE BLUE -126CM;'65152;'';''65152;14,000;25,000;15,000;metro;21%;Helioday;Pesos;13339,22;30,00;17340,99;20982,60;SI;SI;NO;0;0;
273;Habilitado;SI;SI;NO;NO;BRILLANTE;ORACAL 651-52 AZURE BLUE - 63CM;'65152-63;'';''65152-63;-27,000;25,000;10,000;metro;21%;Helioday;Pesos;6669,72;30,00;8670,64;10491,47;SI;SI;NO;0;0;
274;Habilitado;SI;SI;NO;NO;BRILLANTE;ORACAL 651-53 LIGHT BLUE -126CM;'65153;'';''65153;-33,700;50,000;25,000;metro;21%;Helioday;Pesos;13339,22;30,00;17340,99;20982,60;SI;SI;NO;0;0;
275;Habilitado;SI;SI;NO;NO;BRILLANTE;ORACAL 651-53 LIGHT BLUE - 63CM;'65153-63;'';''65153-63;-85,400;25,000;10,000;metro;21%;Helioday;Pesos;6669,72;30,00;8670,64;10491,47;SI;SI;NO;0;0;
276;Habilitado;SI;SI;NO;NO;BRILLANTE;ORACAL 651-54 TURQUOISE -126CM;'65154;'';''65154;-18,000;35,000;15,000;metro;21%;Helioday;Pesos;13339,22;30,00;17340,99;20982,60;SI;SI;NO;0;0;
277;Habilitado;SI;SI;NO;NO;BRILLANTE;ORACAL 651-54 TURQUOISE - 63CM;'65154-63;'';''65154-63;-20,500;25,000;10,000;metro;21%;Helioday;Pesos;6669,72;30,00;8670,64;10491,47;SI;SI;NO;0;0;
278;Habilitado;SI;SI;NO;NO;BRILLANTE;ORACAL 651-55 MINT -126CM;'65155;'';''65155;0,000;30,000;15,000;metro;21%;Helioday;Pesos;13339,22;30,00;17340,99;20982,60;SI;SI;NO;0;0;
279;Habilitado;SI;SI;NO;NO;BRILLANTE;ORACAL 651-55 MINT - 63CM;'65155-63;'';''65155-63;-37,000;25,000;10,000;metro;21%;Helioday;Pesos;6669,72;30,00;8670,64;10491,47;SI;SI;NO;0;0;
280;Habilitado;SI;SI;NO;NO;BRILLANTE;ORACAL 651-56 ICE BLUE -126CM;'65156;'';''65156;-16,500;25,000;15,000;metro;21%;Helioday;Pesos;13339,22;30,00;17340,99;20982,60;SI;SI;NO;0;0;
281;Habilitado;SI;SI;NO;NO;BRILLANTE;ORACAL 651-56 ICE BLUE - 63CM;'65156-63;'';''65156-63;-31,300;15,000;5,000;metro;21%;Helioday;Pesos;6669,72;30,00;8670,64;10491,47;SI;SI;NO;0;0;
282;Habilitado;SI;SI;NO;NO;BRILLANTE;ORACAL 651-562 DEEP SEA BLUE -126CM;'651562;'';''651562;-9,500;25,000;15,000;metro;21%;Helioday;Pesos;13339,22;30,00;17340,99;20982,60;SI;SI;NO;0;0;
283;Habilitado;SI;SI;NO;NO;BRILLANTE;ORACAL 651-562 DEEP SEA BLUE - 63CM;'651562-63;'';''651562-63;21,000;15,000;5,000;metro;21%;Helioday;Pesos;6669,72;30,00;8670,64;10491,47;SI;SI;NO;0;0;
284;Habilitado;SI;SI;NO;NO;BRILLANTE;ORACAL 651-57 TRAFFIC BLUE -126CM;'65157;'';''65157;-4,000;50,000;15,000;metro;21%;Helioday;Pesos;13339,22;30,00;17340,99;20982,60;SI;SI;NO;0;0;
285;Habilitado;SI;SI;NO;NO;BRILLANTE;ORACAL 651-57 TRAFFIC BLUE - 63CM;'65157-63;'';''65157-63;-5,500;25,000;10,000;metro;21%;Helioday;Pesos;6669,72;30,00;8670,64;10491,47;SI;SI;NO;0;0;
286;Habilitado;SI;SI;NO;NO;BRILLANTE;ORACAL 651-60 DARK GREEN -126CM;'65160;'';''65160;2,800;25,000;15,000;metro;21%;Helioday;Pesos;13339,22;30,00;17340,99;20982,60;SI;SI;NO;0;0;
287;Habilitado;SI;SI;NO;NO;BRILLANTE;ORACAL 651-60 DARK GREEN - 63CM;'65160-63;'';''65160-63;-6,200;15,000;5,000;metro;21%;Helioday;Pesos;6669,72;30,00;8670,64;10491,47;SI;SI;NO;0;0;
288;Habilitado;SI;SI;NO;NO;BRILLANTE;ORACAL 651-61 GREEN -126CM;'65161;'';''65161;-10,000;25,000;15,000;metro;21%;Helioday;Pesos;13339,22;30,00;17340,99;20982,60;SI;SI;NO;0;0;
289;Habilitado;SI;SI;NO;NO;BRILLANTE;ORACAL 651-61 GREEN - 63CM;'65161-63;'';''65161-63;-10,550;15,000;10,000;metro;21%;Helioday;Pesos;6669,72;30,00;8670,64;10491,47;SI;SI;NO;0;0;
290;Habilitado;SI;SI;NO;NO;BRILLANTE;ORACAL 651-613 FOREST GREEN - 126CM;'651613;'';''651613;11,500;25,000;15,000;metro;21%;Helioday;Pesos;13339,22;30,00;17340,99;20982,60;SI;SI;NO;0;0;
291;Habilitado;SI;SI;NO;NO;BRILLANTE;ORACAL 651-613 FOREST GREEN - 63CM;'651613-63;'';''651613-63;-47,800;15,000;5,000;metro;21%;Helioday;Pesos;6669,72;30,00;8670,64;10491,47;SI;SI;NO;0;0;
292;Habilitado;SI;SI;NO;NO;BRILLANTE;ORACAL 651-62 LIGHT GREEN -126CM;'65162;'';''65162;-1,700;25,000;15,000;metro;21%;Helioday;Pesos;13339,22;30,00;17340,99;20982,60;SI;SI;NO;0;0;
293;Habilitado;SI;SI;NO;NO;BRILLANTE;ORACAL 651-62 LIGHT GREEN - 63CM;'65162-63;'';''65162-63;-3,300;50,000;25,000;metro;21%;Helioday;Pesos;6669,72;30,00;8670,64;10491,47;SI;SI;NO;0;0;
294;Habilitado;SI;SI;NO;NO;BRILLANTE;ORACAL 651-63 LIME TREE GREEN -126CM;'65163;'';''65163;-6,500;50,000;25,000;metro;21%;Helioday;Pesos;13339,22;30,00;17340,99;20982,60;SI;SI;NO;0;0;
295;Habilitado;SI;SI;NO;NO;BRILLANTE;ORACAL 651-63 LIME TREE GREEN - 63CM;'65163-63;'';''65163-63;-17,100;25,000;10,000;metro;21%;Helioday;Pesos;6669,72;30,00;8670,64;10491,47;SI;SI;NO;0;0;
296;Habilitado;SI;SI;NO;NO;BRILLANTE;ORACAL 651-64 YELLOW GREEN -126CM;'65164;'';''65164;-80,000;25,000;15,000;metro;21%;Helioday;Pesos;13339,22;30,00;17340,99;20982,60;SI;SI;NO;0;0;
297;Habilitado;SI;SI;NO;NO;BRILLANTE;ORACAL 651-64 YELLOW GREEN - 63CM;'65164-63;'';''65164-63;-94,000;25,000;10,000;metro;21%;Helioday;Pesos;6669,72;30,00;8670,64;10491,47;SI;SI;NO;0;0;
298;Habilitado;SI;SI;NO;NO;BRILLANTE;ORACAL 651-65 COBALT BLUE - 126CM;'65165;'';''65165;20,300;25,000;15,000;metro;21%;Helioday;Pesos;13339,22;30,00;17340,99;20982,60;SI;SI;NO;0;0;
299;Habilitado;SI;SI;NO;NO;BRILLANTE;ORACAL 651-65 COBALT BLUE - 63CM;'65165-63;'';''65165-63;-49,600;25,000;5,000;metro;21%;Helioday;Pesos;6669,72;30,00;8670,64;10491,47;SI;SI;NO;0;0;
300;Habilitado;SI;SI;NO;NO;BRILLANTE;ORACAL 651-66 TURQUOISE BLUE -126CM;'65166;'';''65166;-16,200;25,000;15,000;metro;21%;Helioday;Pesos;13339,22;30,00;17340,99;20982,60;SI;SI;NO;0;0;
301;Habilitado;SI;SI;NO;NO;BRILLANTE;ORACAL 651-66 TURQUOISE BLUE - 63CM;'65166-63;'';''65166-63;-7,500;15,000;15,000;metro;21%;Helioday;Pesos;6669,72;30,00;8670,64;10491,47;SI;SI;NO;0;0;
302;Habilitado;SI;SI;NO;NO;BRILLANTE;ORACAL 651-67 BLUE - 126CM;'65167;'';''65167;7,000;25,000;15,000;metro;21%;Helioday;Pesos;13339,22;30,00;17340,99;20982,60;SI;SI;NO;0;0;
303;Habilitado;SI;SI;NO;NO;BRILLANTE;ORACAL 651-67 BLUE - 63CM;'65167-63;'';''65167-63;-9,000;15,000;10,000;metro;21%;Helioday;Pesos;6669,72;30,00;8670,64;10491,47;SI;SI;NO;0;0;
304;Habilitado;SI;SI;NO;NO;BRILLANTE;ORACAL 651-68 GRASS GREEN -126CM;'65168;'';''65168;-8,900;25,000;10,000;metro;21%;Helioday;Pesos;13339,22;30,00;17340,99;20982,60;SI;SI;NO;0;0;
305;Habilitado;SI;SI;NO;NO;BRILLANTE;ORACAL 651-68 GRASS GREEN - 63CM;'65168-63;'';''65168-63;-10,500;15,000;10,000;metro;21%;Helioday;Pesos;6669,72;30,00;8670,64;10491,47;SI;SI;NO;0;0;
306;Habilitado;SI;SI;NO;NO;04 Vinilo de corte oracal 651 ByN;ORACAL 651-70 BLACK -126CM;'65170;'';''65170;-245,000;200,000;100,000;metro;21%;Helioday;Pesos;11599,70;30,00;15079,61;18246,33;SI;SI;NO;0;0;
307;Habilitado;SI;SI;SI;NO;04 Vinilo de corte oracal 651 ByN;ORACAL 651-70 BLACK - 63CM;'65170-63;'';''65170-63;-449,400;100,000;50,000;metro;21%;Helioday;Pesos;5799,98;30,00;7539,97;9123,36;SI;SI;NO;0;0;
308;Habilitado;SI;SI;NO;NO;BRILLANTE;ORACAL 651-71 GREY -126CM;'65171;'';''65171;-39,400;25,000;10,000;metro;21%;Helioday;Pesos;13339,22;30,00;17340,99;20982,60;SI;SI;NO;0;0;
309;Habilitado;SI;SI;NO;NO;BRILLANTE;ORACAL 651-71 GREY - 63CM;'65171-63;'';''65171-63;-7,600;15,000;5,000;metro;21%;Helioday;Pesos;6669,72;30,00;8670,64;10491,47;SI;SI;NO;0;0;
310;Habilitado;SI;SI;NO;NO;BRILLANTE;ORACAL 651-72 LIGHT GREY - 126CM;'65172;'';''65172;-8,800;25,000;15,000;metro;21%;Helioday;Pesos;13339,22;30,00;17340,99;20982,60;SI;SI;NO;0;0;
311;Habilitado;SI;SI;NO;NO;BRILLANTE;ORACAL 651-72 LIGHT GREY - 63CM;'65172-63;'';''65172-63;-44,200;15,000;10,000;metro;21%;Helioday;Pesos;6669,72;30,00;8670,64;10491,47;SI;SI;NO;0;0;
312;Habilitado;SI;SI;NO;NO;BRILLANTE;ORACAL 651-73 DARK GREY -126CM;'65173;'';''65173;-56,600;50,000;23,000;metro;21%;Helioday;Pesos;13339,22;30,00;17340,99;20982,60;SI;SI;NO;0;0;
313;Habilitado;SI;SI;NO;NO;BRILLANTE;ORACAL 651-73 DARK GREY - 63CM;'65173-63;'';''65173-63;-88,300;15,000;10,000;metro;21%;Helioday;Pesos;6669,72;30,00;8670,64;10491,47;SI;SI;NO;0;0;
314;Habilitado;SI;SI;NO;NO;BRILLANTE;ORACAL 651-74 MIDDLE GREY -126CM;'65174;'';''65174;17,100;25,000;15,000;metro;21%;Helioday;Pesos;13339,22;30,00;17340,99;20982,60;SI;SI;NO;0;0;
315;Habilitado;SI;SI;NO;NO;BRILLANTE;ORACAL 651-74 MIDDLE GREY - 63CM;'65174-63;'';''65174-63;-21,000;15,000;10,000;metro;21%;Helioday;Pesos;6669,72;30,00;8670,64;10491,47;SI;SI;NO;0;0;
316;Habilitado;SI;SI;NO;NO;BRILLANTE;ORACAL 651-76 TELEGREY -126CM;'65176;'';''65176;2,500;25,000;10,000;metro;21%;Helioday;Pesos;13339,22;30,00;17340,99;20982,60;SI;SI;NO;0;0;
317;Habilitado;SI;SI;NO;NO;BRILLANTE;ORACAL 651-76 TELEGREY - 63CM;'65176-63;'';''65176-63;-1,400;15,000;10,000;metro;21%;Helioday;Pesos;6669,72;30,00;8670,64;10491,47;SI;SI;NO;0;0;
318;Habilitado;SI;SI;NO;NO;BRILLANTE;ORACAL 651-80 BROWN -126CM;'65180;'';''65180;0,000;25,000;10,000;metro;21%;Helioday;Pesos;13339,22;30,00;17340,99;20982,60;SI;SI;NO;0;0;
319;Habilitado;SI;SI;NO;NO;BRILLANTE;ORACAL 651-80 BROWN - 63CM;'65180-63;'';''65180-63;13,300;0,000;0,000;metro;21%;Helioday;Pesos;6669,72;30,00;8670,64;10491,47;SI;SI;NO;0;0;
320;Habilitado;SI;SI;NO;NO;BRILLANTE;ORACAL 651-81 LIGHT BROWN -126CM;'65181;'';''65181;-20,000;20,000;10,000;metro;21%;Helioday;Pesos;13339,22;30,00;17340,99;20982,60;SI;SI;NO;0;0;
321;Habilitado;SI;SI;NO;NO;BRILLANTE;ORACAL 651-81 LIGHT BROWN - 63CM;'65181-63;'';''65181-63;-5,900;0,000;0,000;metro;21%;Helioday;Pesos;6669,72;30,00;8670,64;10491,47;SI;SI;NO;0;0;
322;Habilitado;SI;SI;NO;NO;BRILLANTE;ORACAL 651-82 BEIGE -126CM;'65182;'';''65182;23,800;25,000;10,000;metro;21%;Helioday;Pesos;13339,22;30,00;17340,99;20982,60;SI;SI;NO;0;0;
323;Habilitado;SI;SI;NO;NO;BRILLANTE;ORACAL 651-82 BEIGE - 63CM;'65182-63;'';''65182-63;-50,400;15,000;10,000;metro;21%;Helioday;Pesos;6669,72;30,00;8670,64;10491,47;SI;SI;NO;0;0;
324;Habilitado;SI;SI;NO;NO;BRILLANTE;ORACAL 651-83 NUT BROWN -126CM;'65183;'';''65183;5,000;20,000;10,000;metro;21%;Helioday;Pesos;13339,22;30,00;17340,99;20982,60;SI;SI;NO;0;0;
325;Habilitado;SI;SI;NO;NO;BRILLANTE;ORACAL 651-83 NUT BROWN - 63CM;'65183-63;'';''65183-63;-3,200;10,000;5,000;metro;21%;Helioday;Pesos;6669,72;30,00;8670,64;10491,47;SI;SI;NO;0;0;
326;Habilitado;SI;SI;NO;NO;BRILLANTE;ORACAL 651-84 SKY BLUE -126CM;'65184;'';''65184;-6,000;50,000;25,000;metro;21%;Helioday;Pesos;13339,22;30,00;17340,99;20982,60;SI;SI;NO;0;0;
327;Habilitado;SI;SI;NO;NO;BRILLANTE;ORACAL 651-84 SKY BLUE - 63CM;'65184-63;'';''65184-63;-22,700;25,000;10,000;metro;21%;Helioday;Pesos;6669,72;30,00;8670,64;10491,47;SI;SI;NO;0;0;
328;Habilitado;SI;SI;NO;NO;BRILLANTE;ORACAL 651-86 BRILLANT BLUE -126CM;'65186;'';''65186;-16,300;25,000;15,000;metro;21%;Helioday;Pesos;13339,22;30,00;17340,99;20982,60;SI;SI;NO;0;0;
329;Habilitado;SI;SI;NO;NO;BRILLANTE;ORACAL 651-86 BRILLANT BLUE - 63CM;'65186-63;'';''65186-63;-30,700;15,000;10,000;metro;21%;Helioday;Pesos;6669,72;30,00;8670,64;10491,47;SI;SI;NO;0;0;
330;Habilitado;SI;SI;NO;NO;04 Vinilo de corte Oracal 651 Metalizados;ORACAL 651-90 SILVER -126CM;'65190;'';''65190;-13,000;50,000;25,000;metro;21%;Helioday;Pesos;15162,12;30,00;19710,76;23850,02;SI;SI;NO;0;0;
331;Habilitado;SI;SI;NO;NO;04 Vinilo de corte Oracal 651 Metalizados;ORACAL 651-90 SILVER - 63CM;'65190-63;'';''65190-63;-59,200;25,000;15,000;metro;21%;Helioday;Pesos;7581,21;30,00;9855,57;11925,24;SI;SI;NO;0;0;
332;Habilitado;SI;SI;NO;NO;04 Vinilo de corte Oracal 651 Metalizados;ORACAL 651-90M MATTE SILVER -126CM;'65190M;'';''65190M;-84,700;25,000;15,000;metro;21%;Helioday;Pesos;15162,12;30,00;19710,76;23850,02;SI;SI;NO;0;0;
333;Habilitado;SI;SI;NO;NO;04 Vinilo de corte Oracal 651 Metalizados;ORACAL 651-90M MATTE SILVER -63CM;'65190M-63;'';''65190M-63;-12,600;15,000;5,000;metro;21%;Helioday;Pesos;7581,21;30,00;9855,57;11925,24;SI;SI;NO;0;0;
334;Habilitado;SI;SI;NO;NO;04 Vinilo de corte Oracal 651 Metalizados;ORACAL 651-91 GOLD -126CM;'65191;'';''65191;4,900;50,000;25,000;metro;21%;Helioday;Pesos;15162,12;30,00;19710,76;23850,02;SI;SI;NO;0;0;
335;Habilitado;SI;SI;NO;NO;04 Vinilo de corte Oracal 651 Metalizados;ORACAL 651-91 GOLD - 63CM;'65191-63;'';''65191-63;-64,000;25,000;10,000;metro;21%;Helioday;Pesos;7581,21;30,00;9855,57;11925,24;SI;SI;NO;0;0;
336;Habilitado;SI;SI;NO;NO;04 Vinilo de corte Oracal 651 Metalizados;ORACAL 651-92 COOPER - 126CM;'65192;'';''65192;-4,700;25,000;15,000;metro;21%;Helioday;Pesos;15162,12;30,00;19710,76;23850,02;SI;SI;NO;0;0;
337;Habilitado;SI;SI;NO;NO;04 Vinilo de corte Oracal 651 Metalizados;ORACAL 651-92 COOPER - 63CM;'65192-63;'';''65192-63;-15,600;20,000;10,000;metro;21%;Helioday;Pesos;7581,21;30,00;9855,57;11925,24;SI;SI;NO;0;0;
338;Habilitado;SI;SI;NO;NO;BRILLANTE;ORACAL 651-98 GENTIAN -126CM;'65198;'';''65198;-111,000;25,000;15,000;metro;21%;Helioday;Pesos;13339,22;30,00;17340,99;20982,60;SI;SI;NO;0;0;
339;Habilitado;SI;SI;NO;NO;BRILLANTE;ORACAL 651-98 GENTIAN - 63CM;'65198-63;'';''65198-63;-15,400;15,000;5,000;metro;21%;Helioday;Pesos;6669,72;30,00;8670,64;10491,47;SI;SI;NO;0;0;
340;Habilitado;SI;SI;NO;NO;MATTE;ORACAL 651-00M MATTE CLEAR -  126CM;'65100M;'';''65100M;50,200;25,000;10,000;metro;21%;Helioday;Pesos;13339,04;30,00;17340,75;20982,31;SI;SI;NO;0;0;
341;Habilitado;SI;SI;NO;NO;MATTE;ORACAL 651-00M MATTE CLEAR - 63CM;'65100M-63;'';''65100M-63;-21,100;25,000;15,000;metro;21%;Helioday;Pesos;6669,61;30,00;8670,49;10491,29;SI;SI;NO;0;0;
342;Habilitado;SI;SI;NO;NO;04 Vinilo de corte oracal 651 ByN;ORACAL 651-10M MATTE WHITE - 126CM;'65110M;'';''65110M;-37,500;50,000;25,000;metro;21%;Helioday;Pesos;11599,70;30,00;15079,61;18246,33;SI;SI;NO;0;0;
343;Habilitado;SI;SI;NO;NO;04 Vinilo de corte oracal 651 ByN;ORACAL 651-10M MATTE WHITE - 63CM;'65110M-63;'';''65110M-63;-287,300;50,000;25,000;metro;21%;Helioday;Pesos;5799,98;30,00;7539,97;9123,36;SI;SI;NO;0;0;
344;Habilitado;SI;SI;NO;NO;MATTE;ORACAL 651-20M MATTE GOLDEN YELLOW - 126CM;'65120M;'';''65120M;2,000;25,000;10,000;metro;21%;Helioday;Pesos;13339,04;30,00;17340,75;20982,31;SI;SI;NO;0;0;
345;Habilitado;SI;SI;NO;NO;MATTE;ORACAL 651-20M MATTE GOLDEN YELLOW - 63CM;'65120M-63;'';''65120M-63;2,000;25,000;10,000;metro;21%;Helioday;Pesos;6669,61;30,00;8670,49;10491,29;SI;SI;NO;0;0;
346;Habilitado;SI;SI;NO;NO;MATTE;ORACAL 651-21M MATTE YELLOW - 126CM;'65121M;'';''65121M;-24,000;25,000;15,000;metro;21%;Helioday;Pesos;13339,04;30,00;17340,75;20982,31;SI;SI;NO;0;0;
347;Habilitado;SI;SI;NO;NO;MATTE;ORACAL 651-21M MATTE YELLOW - 63CM;'65121M-63;'';''65121M-63;-5,400;25,000;10,000;metro;21%;Helioday;Pesos;6669,61;30,00;8670,49;10491,29;SI;SI;NO;0;0;
348;Habilitado;SI;SI;NO;NO;MATTE;ORACAL 651-31M MATTE RED -126CM;'65131M;'';''65131M;0,000;25,000;10,000;metro;21%;Helioday;Pesos;13339,04;30,00;17340,75;20982,31;SI;SI;NO;0;0;
349;Habilitado;SI;SI;NO;NO;MATTE;ORACAL 651-31M MATTE RED - 63CM;'65131M-63;'';''65131M-63;-26,300;10,000;5,000;metro;21%;Helioday;Pesos;6669,61;30,00;8670,49;10491,29;SI;SI;NO;0;0;
350;Habilitado;SI;SI;NO;NO;MATTE;ORACAL 651-35M MATTE PASTEL ORANGE- 126CM;'65135M;'';''65135M;-40,000;50,000;25,000;metro;21%;Helioday;Pesos;13339,04;30,00;17340,75;20982,31;SI;SI;NO;0;0;
351;Habilitado;SI;SI;NO;NO;MATTE;ORACAL 651-35M MATTE PASTEL ORANGE - 63CM;'65135M-63;'';''65135M-63;-10,800;15,000;10,000;metro;21%;Helioday;Pesos;6669,61;30,00;8670,49;10491,29;SI;SI;NO;0;0;
352;Habilitado;SI;SI;NO;NO;MATTE;ORACAL 651-41M MATTE PINK -126CM;'65141M;'';''65141M;36,000;30,000;15,000;metro;21%;Helioday;Pesos;13339,04;30,00;17340,75;20982,31;SI;SI;NO;0;0;
353;Habilitado;SI;SI;NO;NO;MATTE;ORACAL 651-41M MATTE PINK - 63CM;'65141M-63;'';''65141M-63;-28,700;25,000;10,000;metro;21%;Helioday;Pesos;6669,61;30,00;8670,49;10491,29;SI;SI;NO;0;0;
354;Habilitado;SI;SI;NO;NO;MATTE;ORACAL 651-42M MATTE LILAC -126CM;'65142M;'';''65142M;26,000;30,000;20,000;metro;21%;Helioday;Pesos;13339,04;30,00;17340,75;20982,31;SI;SI;NO;0;0;
355;Habilitado;SI;SI;NO;NO;MATTE;ORACAL 651-42M MATTE LILAC - 63CM;'65142M-63;'';''65142M-63;7,200;25,000;10,000;metro;21%;Helioday;Pesos;6669,61;30,00;8670,49;10491,29;SI;SI;NO;0;0;
356;Habilitado;SI;SI;NO;NO;MATTE;ORACAL 651-43M MATTE LAVENDER - 126CM;'65143M;'';''65143M;-2,000;0,000;0,000;metro;21%;Helioday;Pesos;13339,04;30,00;17340,75;20982,31;SI;SI;NO;0;0;
357;Habilitado;SI;SI;NO;NO;MATTE;ORACAL 651-43M MATTE LAVENDER - 63CM;'65143M-63;'';''65143M-63;-11,000;10,000;5,000;metro;21%;Helioday;Pesos;6669,61;30,00;8670,49;10491,29;SI;SI;NO;0;0;
358;Habilitado;SI;SI;NO;NO;MATTE;ORACAL 651-45M MATTE SOFT PINK -126CM;'65145M;'';''65145M;0,000;20,000;10,000;metro;21%;Helioday;Pesos;13339,04;30,00;17340,75;20982,31;SI;SI;NO;0;0;
359;Habilitado;SI;SI;NO;NO;MATTE;ORACAL 651-45M MATTE SOFT PINK - 63CM;'65145M-63;'';''65145M-63;-3,000;10,000;5,000;metro;21%;Helioday;Pesos;6669,61;30,00;8670,49;10491,29;SI;SI;NO;0;0;
360;Habilitado;SI;SI;NO;NO;MATTE;ORACAL 651-50M MATTE DARK BLUE - 126CM;'65150M;'';''65150M;8,000;30,000;15,000;metro;21%;Helioday;Pesos;13339,04;30,00;17340,75;20982,31;SI;SI;NO;0;0;
361;Habilitado;SI;SI;NO;NO;MATTE;ORACAL 651-50M MATTE DARK BLUE - 63CM;'65150M-63;'';''65150M-63;-34,000;25,000;10,000;metro;21%;Helioday;Pesos;6669,61;30,00;8670,49;10491,29;SI;SI;NO;0;0;
362;Habilitado;SI;SI;NO;NO;MATTE;ORACAL 651-54M MATTE TURQUOISE- 126CM;'65154M;'';''65154M;0,000;25,000;10,000;metro;21%;Helioday;Pesos;13339,04;30,00;17340,75;20982,31;SI;SI;NO;0;0;
363;Habilitado;SI;SI;NO;NO;MATTE;ORACAL 651-54M MATTE TURQUOISE - 63CM;'65154M-63;'';''65154M-63;-29,800;15,000;5,000;metro;21%;Helioday;Pesos;6669,61;30,00;8670,49;10491,29;SI;SI;NO;0;0;
364;Habilitado;SI;SI;NO;NO;MATTE;ORACAL 651-55M MATTE MINT -126CM;'65155M;'';''65155M;10,000;25,000;15,000;metro;21%;Helioday;Pesos;13339,04;30,00;17340,75;20982,31;SI;SI;NO;0;0;
365;Habilitado;SI;SI;NO;NO;MATTE;ORACAL 651-55M MATTE MINT - 63CM;'65155M-63;'';''65155M-63;0,500;10,000;5,000;metro;21%;Helioday;Pesos;6669,61;30,00;8670,49;10491,29;SI;SI;NO;0;0;
366;Deshabilitado;NO;NO;NO;NO;MATTE;ORACAL 651-562M DEEP SEA BLUE MATTE -126CM;'651562M;'';''651562M;0,000;25,000;15,000;metro;21%;Insugraf;Pesos;14423,10;33,61;19270,70;23317,55;SI;SI;NO;0;0;
367;Deshabilitado;NO;NO;NO;NO;MATTE;ORACAL 651-562M DEEP SEA BLUE MATTE - 63CM;'651562M-63;'';''651562M-63;0,000;15,000;5,000;metro;21%;Insugraf;Pesos;7211,71;33,61;9635,57;11659,04;SI;SI;NO;0;0;
368;Habilitado;SI;SI;NO;NO;MATTE;ORACAL 651-56M ICE BLUE MATTE -126CM;'65156M;'';''65156M;22,000;25,000;15,000;metro;21%;Helioday;Pesos;13339,04;30,00;17340,75;20982,31;SI;SI;NO;0;0;
369;Habilitado;SI;SI;NO;NO;MATTE;ORACAL 651-56M ICE BLUE MATTE - 63CM;'65156M-63;'';''65156M-63;-11,800;15,000;10,000;metro;21%;Helioday;Pesos;6669,61;30,00;8670,49;10491,29;SI;SI;NO;0;0;
370;Habilitado;SI;SI;NO;NO;MATTE;ORACAL 651-57M MATTE TRAFFIC BLUE -126CM;'65157M;'';''65157M;-54,500;25,000;10,000;metro;21%;Helioday;Pesos;13339,04;30,00;17340,75;20982,31;SI;SI;NO;0;0;
371;Habilitado;SI;SI;NO;NO;MATTE;ORACAL 651-57M MATTE TRAFFIC BLUE -63CM;'65157M-63;'';''65157M-63;-20,300;15,000;5,000;metro;21%;Helioday;Pesos;6669,61;30,00;8670,49;10491,29;SI;SI;NO;0;0;
372;Habilitado;SI;SI;NO;NO;MATTE;ORACAL 651-60M MATTE DARK GREEN - 126CM;'65160M;'';''65160M;-10,000;25,000;15,000;metro;21%;Helioday;Pesos;13339,04;30,00;17340,75;20982,31;SI;SI;NO;0;0;
373;Habilitado;SI;SI;NO;NO;MATTE;ORACAL 651-60M MATTE DARK GREEN - 63CM;'65160M-63;'';''65160M-63;0,300;15,000;5,000;metro;21%;Helioday;Pesos;6669,61;30,00;8670,49;10491,29;SI;SI;NO;0;0;
374;Habilitado;SI;SI;NO;NO;MATTE;ORACAL 651-613M MATTE FOREST GREEN - 126CM;'651613M;'';''651613M;-13,300;25,000;15,000;metro;21%;Helioday;Pesos;13339,04;30,00;17340,75;20982,31;SI;SI;NO;0;0;
375;Habilitado;SI;SI;NO;NO;MATTE;ORACAL 651-613M MATTE FOREST GREEN - 63CM;'651613M-63;'';''651613M-63;0,000;15,000;5,000;metro;21%;Helioday;Pesos;6669,61;30,00;8670,49;10491,29;SI;SI;NO;0;0;
376;Habilitado;SI;SI;NO;NO;MATTE;ORACAL 651-62M MATTE LIGHT GREEN - 126CM ;'65162M;'';''65162M;0,000;15,000;5,000;metro;21%;Helioday;Pesos;13339,04;30,00;17340,75;20982,31;SI;SI;NO;0;0;
377;Habilitado;SI;SI;NO;NO;MATTE;ORACAL 651-62M MATTE LIGHT GREEN - 63CM;'65162M-63;'';''65162M-63;0,000;15,000;5,000;metro;21%;Helioday;Pesos;6669,61;30,00;8670,49;10491,29;SI;SI;NO;0;0;
378;Habilitado;SI;SI;NO;NO;MATTE;ORACAL 651-63M MATTE LIME TREE GREEN -126CM;'65163M;'';''65163M;18,000;25,000;15,000;metro;21%;Helioday;Pesos;13339,04;30,00;17340,75;20982,31;SI;SI;NO;0;0;
379;Habilitado;SI;SI;NO;NO;MATTE;ORACAL 651-63M MATTE LIME TREE GREEN - 63CM;'65163M-63;'';''65163M-63;1,000;15,000;5,000;metro;21%;Helioday;Pesos;6669,61;30,00;8670,49;10491,29;SI;SI;NO;0;0;
380;Habilitado;SI;SI;NO;NO;MATTE;ORACAL 651-65M MATTE COBALT BLUE -126CM;'65165M;'';''65165M;19,000;25,000;15,000;metro;21%;Helioday;Pesos;13339,04;30,00;17340,75;20982,31;SI;SI;NO;0;0;
381;Habilitado;SI;SI;NO;NO;MATTE;ORACAL 651-65M MATTE COBALT BLUE - 63CM;'65165M-63;'';''65165M-63;-23,900;15,000;5,000;metro;21%;Helioday;Pesos;6669,61;30,00;8670,49;10491,29;SI;SI;NO;0;0;
382;Habilitado;SI;SI;NO;NO;MATTE;ORACAL 651-68M MATTE GRASS GREEN - 63CM;'65168M-63;'';''65168M-63;-23,500;15,000;5,000;metro;21%;Helioday;Pesos;6669,61;30,00;8670,49;10491,29;SI;SI;NO;0;0;
383;Habilitado;SI;SI;NO;NO;04 Vinilo de corte oracal 651 ByN;ORACAL 651-70M MATTE BLACK -126CM;'65170M;'';''65170M;-204,000;100,000;50,000;metro;21%;Helioday;Pesos;11599,70;30,00;15079,61;18246,33;SI;SI;NO;0;0;
384;Habilitado;SI;SI;NO;NO;04 Vinilo de corte oracal 651 ByN;ORACAL 651-70M MATTE BLACK - 63CM;'65170M-63;'';''65170M-63;-182,200;50,000;25,000;metro;21%;Helioday;Pesos;5799,98;30,00;7539,97;9123,36;SI;SI;NO;0;0;
385;Habilitado;SI;SI;NO;NO;MATTE;ORACAL 651-71M MATTE GREY - 63CM;'65171-MH;'';''65171-MH;-14,000;25,000;15,000;metro;21%;Helioday;Pesos;6669,61;30,00;8670,49;10491,29;SI;SI;NO;0;0;
386;Habilitado;SI;SI;NO;NO;MATTE;ORACAL 651-71M MATTE GREY -126CM;'65171M;'';''65171M;-23,200;25,000;15,000;metro;21%;Helioday;Pesos;13339,04;30,00;17340,75;20982,31;SI;SI;NO;0;0;
387;Habilitado;SI;SI;NO;NO;MATTE;ORACAL 651-72M MATTE LIGHT GREY - 126CM;'65172M;'';''65172M;-21,000;15,000;0,000;metro;21%;Helioday;Pesos;13339,04;30,00;17340,75;20982,31;SI;SI;NO;0;0;
388;Habilitado;SI;SI;NO;NO;MATTE;ORACAL 651-72M MATTE LIGHT GREY - 63CM;'65172M-63;'';''65172M-63;-36,000;0,000;0,000;metro;21%;Helioday;Pesos;6669,61;30,00;8670,49;10491,29;SI;SI;NO;0;0;
389;Habilitado;SI;SI;NO;NO;MATTE;ORACAL 651-73M MATTE DARK GREY -126CM;'65173M;'';''65173M;-110,500;50,000;25,000;metro;21%;Helioday;Pesos;13339,04;30,00;17340,75;20982,31;SI;SI;NO;0;0;
390;Habilitado;SI;SI;NO;NO;MATTE;ORACAL 651-73M MATTE DARK GREY - 63CM;'65173M-63;'';''65173M-63;-103,600;50,000;25,000;metro;21%;Helioday;Pesos;6669,61;30,00;8670,49;10491,29;SI;SI;NO;0;0;
391;Habilitado;SI;SI;NO;NO;MATTE;ORACAL 651-74M MATTE MIDDLE GREY - 126CM;'65174M;'';''65174M;-30,800;25,000;15,000;metro;21%;Helioday;Pesos;13339,04;30,00;17340,75;20982,31;SI;SI;NO;0;0;
392;Habilitado;SI;SI;NO;NO;MATTE;ORACAL 651-74M MATTE MIDDLE GREY - 63CM;'65174M-63;'';''65174M-63;-21,800;15,000;10,000;metro;21%;Helioday;Pesos;6669,61;30,00;8670,49;10491,29;SI;SI;NO;0;0;
393;Habilitado;SI;SI;NO;NO;MATTE;ORACAL 651-76M MATTE TELEGREY - 126CM;'65176M;'';''65176M;0,000;25,000;15,000;metro;21%;Helioday;Pesos;13339,04;30,00;17340,75;20982,31;SI;SI;NO;0;0;
394;Habilitado;SI;SI;NO;NO;MATTE;ORACAL 651-76M MATTE TELEGREY - 63CM;'65176M-63;'';''65176M-63;0,000;15,000;10,000;metro;21%;Helioday;Pesos;6669,61;30,00;8670,49;10491,29;SI;SI;NO;0;0;
395;Habilitado;SI;SI;NO;NO;MATTE;ORACAL 651-82M MATTE BEIGE -126CM;'65182M;'';''65182M;-52,400;15,000;10,000;metro;21%;Helioday;Pesos;13339,04;30,00;17340,75;20982,31;SI;SI;NO;0;0;
396;Habilitado;SI;SI;NO;NO;MATTE;ORACAL 651-82M MATTE BEIGE - 63CM;'65182M-63;'';''65182M-63;-27,800;10,000;5,000;metro;21%;Helioday;Pesos;6669,61;30,00;8670,49;10491,29;SI;SI;NO;0;0;
397;Habilitado;SI;SI;NO;NO;MATTE;ORACAL 651-84M MATTE SKY BLUE -126CM;'65184M;'';''65184M;7,000;25,000;10,000;metro;21%;Helioday;Pesos;13339,04;30,00;17340,75;20982,31;SI;SI;NO;0;0;
398;Habilitado;SI;SI;NO;NO;MATTE;ORACAL 651-84M MATTE SKY BLUE - 63CM;'65184M-63;'';''65184M-63;-2,900;15,000;10,000;metro;21%;Helioday;Pesos;6669,61;30,00;8670,49;10491,29;SI;SI;NO;0;0;
399;Habilitado;SI;SI;NO;NO;MATTE;ORACAL 651-86M MATTE BRILLANT BLUE -126CM;'65186M;'';''65186M;2,500;25,000;15,000;metro;21%;Helioday;Pesos;13339,04;30,00;17340,75;20982,31;SI;SI;NO;0;0;
400;Habilitado;SI;SI;NO;NO;MATTE;ORACAL 651-86M MATTE BRILLANT BLUE  - 63CM;'65186M-63;'';''65186M-63;9,100;15,000;10,000;metro;21%;Helioday;Pesos;6669,61;30,00;8670,49;10491,29;SI;SI;NO;0;0;
401;Habilitado;SI;SI;NO;NO;04 Vinilo de corte Oracal 651 Metalizados;ORACAL 651-92M MATTE COOPER - 126CM;'65192M;'';''65192M;-10,000;25,000;15,000;metro;21%;Helioday;Pesos;15162,12;30,00;19710,76;23850,02;SI;SI;NO;0;0;
402;Habilitado;SI;SI;NO;NO;04 Vinilo de corte Oracal 651 Metalizados;ORACAL 651-92M MATTE COOPER - 63CM;'65192M-63;'';''65192M-63;-9,100;15,000;5,000;metro;21%;Helioday;Pesos;7581,21;30,00;9855,57;11925,24;SI;SI;NO;0;0;
403;Habilitado;SI;SI;NO;NO;Blanco Brillante;ORACAL 641-10 WHITE - 126CM;'64110;'';''64110;0,000;100,000;50,000;metro;21%;Helioday;Pesos;10740,15;30,00;13962,20;16894,26;SI;SI;NO;0;0;
404;Habilitado;NO;SI;NO;NO;Blanco Brillante;ORACAL 641-10 WHITE - 63CM;'64110-63;'';''64110-63;0,000;100,000;50,000;metro;21%;Helioday;Pesos;5370,06;30,00;6981,08;8447,11;SI;NO;NO;0;0;
405;Habilitado;SI;SI;NO;NO;04 Vinilo de corte Oracal 641;ORACAL 641-10 WHITE MATTE- 126CM;'64110M;'';''64110M;0,000;50,000;25,000;metro;21%;Insugraf;Pesos;10817,86;30,00;14063,22;17016,50;SI;SI;NO;0;0;
406;Deshabilitado;NO;NO;NO;NO;04 Vinilo de corte Oracal 641;641-10 WHITE MATTE - 63CM;'64110M-63;'';''64110M-63;0,000;0,000;0,000;metro;21%;Helioday;Pesos;0,00;0,00;0,00;0,00;SI;NO;NO;0;0;
407;Habilitado;SI;SI;NO;NO;Negro Y Colores;ORACAL 641-20 GOLDEN YELLOW -126CM;'64120;'';''64120;0,000;0,000;0,000;metro;21%;Insugraf;Pesos;10740,15;26,78;13616,36;16475,80;SI;SI;NO;0;0;
408;Habilitado;SI;SI;NO;NO;Negro Y Colores;ORACAL 641-20 GOLDEN YELLOW - 63CM;'64120-63;'';''64120-63;9,000;0,000;0,000;metro;21%;Insugraf;Pesos;5370,07;26,78;6808,17;8237,89;SI;SI;NO;0;0;
409;Habilitado;SI;SI;NO;NO;Negro Y Colores;ORACAL 641-21 YELLOW - 126CM;'64121;'';''64121;0,000;0,000;0,000;metro;21%;Insugraf;Pesos;10740,15;26,78;13616,36;16475,80;SI;SI;NO;0;0;
410;Habilitado;SI;SI;NO;NO;Negro Y Colores;ORACAL 641-21 YELLOW - 63CM;'64121-63;'';''64121-63;36,300;0,000;0,000;metro;21%;Insugraf;Pesos;5370,07;26,78;6808,17;8237,89;SI;SI;NO;0;0;
411;Habilitado;SI;SI;NO;NO;Negro Y Colores;ORACAL 641-25 BRIMSTONE YELLOW - 126CM;'64125;'';''64125;0,000;0,000;0,000;metro;21%;Insugraf;Pesos;10740,15;26,78;13616,36;16475,80;SI;SI;NO;0;0;
412;Habilitado;SI;SI;NO;NO;Negro Y Colores;ORACAL 641-25 BRIMSTONE YELLOW - 63CM;'64125-63;'';''64125-63;0,000;0,000;0,000;metro;21%;Insugraf;Pesos;5370,07;26,78;6808,17;8237,89;SI;SI;NO;0;0;
413;Habilitado;SI;SI;NO;NO;Negro Y Colores;ORACAL 641-31 RED - 126CM;'64131;'';''64131;0,000;0,000;0,000;metro;21%;Insugraf;Pesos;10740,15;26,78;13616,36;16475,80;SI;SI;NO;0;0;
414;Habilitado;SI;SI;NO;NO;Negro Y Colores;ORACAL 641-31 RED - 63CM;'64131-63;'';''64131-63;0,000;0,000;0,000;metro;21%;Insugraf;Pesos;5370,07;26,78;6808,17;8237,89;SI;SI;NO;0;0;
415;Habilitado;SI;SI;NO;NO;Negro Y Colores;ORACAL 641-32 LIGHT RED - 126CM;'64132;'';''64132;0,000;0,000;0,000;metro;21%;Insugraf;Pesos;10740,15;26,78;13616,36;16475,80;SI;SI;NO;0;0;
416;Habilitado;SI;SI;NO;NO;Negro Y Colores;ORACAL 641-32 LIGHT RED - 63CM;'64132-63;'';''64132-63;0,000;0,000;0,000;metro;21%;Insugraf;Pesos;5370,07;26,78;6808,17;8237,89;SI;SI;NO;0;0;
417;Habilitado;SI;SI;NO;NO;Negro Y Colores;ORACAL 641-35 PASTEL ORANGE - 126CM;'64135;'';''64135;0,000;0,000;0,000;metro;21%;Insugraf;Pesos;10740,15;26,78;13616,36;16475,80;SI;SI;NO;0;0;
418;Habilitado;SI;SI;NO;NO;Negro Y Colores;ORACAL 641-35 PASTEL ORANGE - 63CM;'64135-63;'';''64135-63;0,000;0,000;0,000;metro;21%;Insugraf;Pesos;5370,07;26,78;6808,17;8237,89;SI;SI;NO;0;0;
419;Habilitado;SI;SI;NO;NO;Negro Y Colores;ORACAL 641-40 VIOLET - 126CM;'64140;'';''64140;0,000;0,000;0,000;metro;21%;Insugraf;Pesos;10740,15;26,78;13616,36;16475,80;SI;SI;NO;0;0;
420;Habilitado;SI;SI;NO;NO;Negro Y Colores;ORACAL 641-40 VIOLET - 63CM;'64140-63;'';''64140-63;0,000;0,000;0,000;metro;21%;Insugraf;Pesos;5370,07;26,78;6808,17;8237,89;SI;SI;NO;0;0;
421;Habilitado;SI;SI;NO;NO;Negro Y Colores;ORACAL 641-41 PINK - 126CM;'64141;'';''64141;-20,000;0,000;0,000;metro;21%;Insugraf;Pesos;10740,15;26,78;13616,36;16475,80;SI;SI;NO;0;0;
422;Habilitado;SI;SI;NO;NO;Negro Y Colores;ORACAL 641-41 PINK - 63CM;'64141-63;'';''64141-63;0,000;0,000;0,000;metro;21%;Insugraf;Pesos;5370,07;26,78;6808,17;8237,89;SI;SI;NO;0;0;
423;Habilitado;SI;SI;NO;NO;Negro Y Colores;ORACAL 641-43 LAVANDER - 126CM;'64143;'';''64143;3,700;0,000;0,000;metro;21%;Insugraf;Pesos;10740,15;27,00;13639,99;16504,39;SI;SI;NO;0;0;
424;Habilitado;SI;SI;NO;NO;Negro Y Colores;ORACAL 641-43 LAVANDER - 63CM;'64143-63;'';''64143-63;0,000;0,000;0,000;metro;21%;Insugraf;Pesos;5370,07;26,78;6808,17;8237,89;SI;SI;NO;0;0;
425;Habilitado;SI;SI;NO;NO;Negro Y Colores;ORACAL 641-49 KING BLUE - 126CM;'64149;'';''64149;0,000;0,000;0,000;metro;21%;Insugraf;Pesos;10740,15;26,78;13616,36;16475,80;SI;SI;NO;0;0;
426;Habilitado;SI;SI;NO;NO;Negro Y Colores;ORACAL 641-49 KING BLUE - 63CM;'64149-63;'';''64149-63;-50,000;0,000;0,000;metro;21%;Insugraf;Pesos;5194,64;30,00;6753,03;8171,17;SI;SI;NO;0;0;
427;Habilitado;SI;SI;NO;NO;Negro Y Colores;ORACAL 641-53 LIGHT BLUE - 126CM;'64153;'';''64153;0,000;0,000;0,000;metro;21%;Insugraf;Pesos;10740,15;26,78;13616,36;16475,80;SI;SI;NO;0;0;
428;Habilitado;SI;SI;NO;NO;Negro Y Colores;ORACAL 641-53 LIGHT BLUE - 63CM;'64153-63;'';''64153-63;0,000;0,000;0,000;metro;21%;Insugraf;Pesos;5370,07;26,78;6808,17;8237,89;SI;SI;NO;0;0;
429;Habilitado;SI;SI;NO;NO;Negro Y Colores;ORACAL 641-57 TRAFFIC BLUE - 126CM;'64157;'';''64157;0,000;0,000;0,000;metro;21%;Insugraf;Pesos;10740,15;26,78;13616,36;16475,80;SI;SI;NO;0;0;
430;Habilitado;SI;SI;NO;NO;Negro Y Colores;ORACAL 641-57 TRAFFIC BLUE - 63CM;'64157-63;'';''64157-63;0,000;0,000;0,000;metro;21%;Insugraf;Pesos;5370,07;26,78;6808,17;8237,89;SI;SI;NO;0;0;
431;Habilitado;SI;SI;NO;NO;Negro Y Colores;ORACAL 641-62 LIGHT GREEN - 126CM;'64162;'';''64162;0,000;0,000;0,000;metro;21%;Insugraf;Pesos;10740,15;26,78;13616,36;16475,80;SI;SI;NO;0;0;
432;Habilitado;SI;SI;NO;NO;Negro Y Colores;ORACAL 641-62 LIGHT GREEN - 63CM;'64162-63;'';''64162-63;0,000;0,000;0,000;metro;21%;Insugraf;Pesos;5370,07;26,78;6808,17;8237,89;SI;SI;NO;0;0;
433;Habilitado;SI;SI;NO;NO;Negro Y Colores;ORACAL 641-64 YELLOW GREEN - 126CM;'64164;'';''64164;0,000;0,000;0,000;metro;21%;Insugraf;Pesos;10740,15;26,78;13616,36;16475,80;SI;SI;NO;0;0;
434;Habilitado;SI;SI;NO;NO;Negro Y Colores;ORACAL 641-64 YELLOW GREEN - 63CM;'64164-63;'';''64164-63;1,000;0,000;0,000;metro;21%;Insugraf;Pesos;5370,07;27,00;6819,99;8252,19;SI;SI;NO;0;0;
435;Habilitado;SI;SI;NO;NO;Negro Y Colores;ORACAL 641-66 TURQUOISE BLUE - 126CM;'64166;'';''64166;0,000;0,000;0,000;metro;21%;Insugraf;Pesos;10740,15;26,78;13616,36;16475,80;SI;SI;NO;0;0;
436;Habilitado;SI;SI;NO;NO;Negro Y Colores;ORACAL 641-66 TURQUOISE - 63CM;'64166-63;'';''64166-63;0,000;0,000;0,000;metro;21%;Insugraf;Pesos;5370,07;26,78;6808,17;8237,89;SI;SI;NO;0;0;
437;Habilitado;SI;SI;NO;NO;Negro Y Colores;ORACAL 641-68 GRASS GREEN - 126CM;'64168;'';''64168;0,000;0,000;0,000;metro;21%;Insugraf;Pesos;10740,15;26,78;13616,36;16475,80;SI;SI;NO;0;0;
438;Habilitado;SI;SI;NO;NO;Negro Y Colores;ORACAL 641-68 GRASS GREEN - 63CM;'64168-63;'';''64168-63;0,000;0,000;0,000;metro;21%;Insugraf;Pesos;5370,07;26,78;6808,17;8237,89;SI;SI;NO;0;0;
439;Habilitado;SI;SI;NO;NO;Negro Y Colores;ORACAL 641-70 BLACK - 126CM;'64170;'';''64170;0,000;0,000;0,000;metro;21%;Insugraf;Pesos;10740,15;26,78;13616,36;16475,80;SI;SI;NO;0;0;
440;Habilitado;SI;SI;NO;NO;Negro Y Colores;ORACAL 641-70 BLACK - 63CM;'64170-63;'';''64170-63;0,000;0,000;0,000;metro;21%;Insugraf;Pesos;5370,07;26,78;6808,17;8237,89;SI;SI;NO;0;0;
441;Habilitado;SI;SI;NO;NO;Negro Y Colores;ORACAL 641-70 BLACK MATTE - 126CM;'64170M;'';''64170M;0,000;0,000;0,000;metro;21%;Insugraf;Pesos;10740,15;26,78;13616,36;16475,80;SI;SI;NO;0;0;
442;Habilitado;SI;SI;NO;NO;Negro Y Colores;ORACAL 641-70 BLACK MATTE - 63CM;'64170M-63;'';''64170M-63;-0,800;0,000;0,000;metro;21%;Insugraf;Pesos;5370,07;26,78;6808,17;8237,89;SI;SI;NO;0;0;
443;Habilitado;SI;SI;NO;NO;Negro Y Colores;ORACAL 641-73 DARK GREY - 126CM;'64173;'';''64173;0,000;0,000;0,000;metro;21%;Insugraf;Pesos;10740,15;26,78;13616,36;16475,80;SI;SI;NO;0;0;
444;Habilitado;SI;SI;NO;NO;Negro Y Colores;ORACAL 641-73 DARK GREY - 63CM;'64173-63;'';''64173-63;0,000;0,000;0,000;metro;21%;Insugraf;Pesos;5370,07;26,78;6808,17;8237,89;SI;SI;NO;0;0;
445;Habilitado;SI;SI;NO;NO;Negro Y Colores;ORACAL 641-74 MIDDLE GREY - 126CM;'64174;'';''64174;0,000;0,000;0,000;metro;21%;Insugraf;Pesos;10740,15;26,78;13616,36;16475,80;SI;SI;NO;0;0;
446;Habilitado;SI;SI;NO;NO;Negro Y Colores;ORACAL 641-74 MIDDLE GREY - 63CM;'64174-63;'';''64174-63;0,000;0,000;0,000;metro;21%;Insugraf;Pesos;5370,07;26,78;6808,17;8237,89;SI;SI;NO;0;0;
447;Habilitado;SI;SI;NO;NO;Negro Y Colores;ORACAL 641-86 BRILLANT BLUE - 126CM;'64186;'';''64186;0,000;0,000;0,000;metro;21%;Insugraf;Pesos;10740,15;26,78;13616,36;16475,80;SI;SI;NO;0;0;
448;Habilitado;SI;SI;NO;NO;Negro Y Colores;ORACAL 641-86 BRILLANT BLUE - 63CM;'64186-63;'';''64186-63;0,000;0,000;0,000;metro;21%;Insugraf;Pesos;5370,07;26,78;6808,17;8237,89;SI;SI;NO;0;0;
449;Habilitado;SI;SI;NO;NO;04 Vinilo de corte Oracal 641;ORACAL 641-90 SILVER - 126CM;'64190;'';''64190;0,000;0,000;0,000;metro;21%;Insugraf;Pesos;12287,49;27,00;15605,11;18882,18;SI;SI;NO;0;0;
450;Habilitado;SI;SI;NO;NO;04 Vinilo de corte Oracal 641;ORACAL 641-90 SILVER - 63CM;'64190-63;'';''64190-63;0,000;0,000;0,000;metro;21%;Insugraf;Pesos;6143,75;27,00;7802,56;9441,10;SI;SI;NO;0;0;
451;Habilitado;SI;SI;NO;NO;04 Vinilo de corte Oracal 641;ORACAL 641-91 GOLD - 126CM;'64191;'';''64191;0,000;0,000;0,000;metro;21%;Insugraf;Pesos;12287,49;27,00;15605,11;18882,18;SI;SI;NO;0;0;
452;Habilitado;SI;SI;NO;NO;04 Vinilo de corte Oracal 641;ORACAL 641-91 GOLD - 63CM;'64191-63;'';''64191-63;0,000;0,000;0,000;metro;21%;Insugraf;Pesos;6143,75;27,00;7802,56;9441,10;SI;SI;NO;0;0;
453;Habilitado;SI;SI;NO;NO;04 Vinilo de corte Oracal 100 ByN;ORACAL 100-10 WHITE- 126CM;'10010;'';''10010;81,000;100,000;50,000;metro;21%;Helioday;Pesos;6986,40;36,19;9514,78;11512,88;SI;SI;NO;0;0;
454;Habilitado;SI;SI;NO;NO;04 Vinilo de corte Oracal 100 ByN;ORACAL 100-10 WHITE- 63CM;'10010-63;'';''10010-63;-839,300;100,000;50,000;metro;21%;Helioday;Pesos;3493,11;36,19;4757,27;5756,30;SI;SI;NO;0;0;
455;Habilitado;SI;SI;NO;NO;04 Vinilo de corte Oracal 100 colores;ORACAL 100-20 GOLDEN YELLOW- 126CM;'10020;'';''10020;4,700;0,000;0,000;metro;21%;Helioday;Pesos;8820,65;36,50;12040,19;14568,63;SI;SI;NO;0;0;
456;Habilitado;SI;SI;NO;NO;04 Vinilo de corte Oracal 100 colores;ORACAL 100-20 GOLDEN YELLOW- 63CM;'10020-63;'';''10020-63;-9,700;50,000;20,000;metro;21%;Helioday;Pesos;4410,22;36,50;6019,95;7284,14;SI;SI;NO;0;0;
457;Habilitado;SI;SI;NO;NO;04 Vinilo de corte Oracal 100 colores;ORACAL 100-31 RED- 126CM;'10031;'';''10031;-93,800;0,000;0,000;metro;21%;Helioday;Pesos;8820,65;36,50;12040,19;14568,63;SI;SI;NO;0;0;
458;Habilitado;SI;SI;NO;NO;04 Vinilo de corte Oracal 100 colores;ORACAL 100-31 RED- 63CM;'10031-63;'';''10031-63;-293,800;50,000;25,000;metro;21%;Helioday;Pesos;4410,22;36,50;6019,95;7284,14;SI;SI;NO;0;0;
459;Habilitado;SI;SI;NO;NO;04 Vinilo de corte Oracal 100 colores;ORACAL 100-49 KING BLUE- 126CM;'10049;'';''10049;19,000;0,000;0,000;metro;21%;Helioday;Pesos;8820,65;36,50;12040,19;14568,63;SI;SI;NO;0;0;
460;Habilitado;SI;SI;NO;NO;04 Vinilo de corte Oracal 100 colores;ORACAL 100-49 KING BLUE- 63CM;'10049-63;'';''10049-63;-88,000;50,000;25,000;metro;21%;Helioday;Pesos;4410,22;36,50;6019,95;7284,14;SI;SI;NO;0;0;
461;Habilitado;SI;SI;NO;NO;04 Vinilo de corte Oracal 100 colores;ORACAL 100-61 GREEN- 126CM;'10061;'';''10061;0,000;0,000;0,000;metro;21%;Helioday;Pesos;8820,65;36,50;12040,19;14568,63;SI;SI;NO;0;0;
462;Habilitado;SI;SI;NO;NO;04 Vinilo de corte Oracal 100 colores;ORACAL 100-61 GREEN- 63CM;'10061-63;'';''10061-63;-3,700;50,000;20,000;metro;21%;Helioday;Pesos;4410,22;36,50;6019,95;7284,14;SI;SI;NO;0;0;
463;Habilitado;SI;SI;NO;NO;04 Vinilo de corte Oracal 100 ByN;ORACAL 100-70 BLACK- 126CM;'10070;'';''10070;-345,000;100,000;50,000;metro;21%;Helioday;Pesos;6986,40;36,19;9514,78;11512,88;SI;SI;NO;0;0;
464;Habilitado;SI;SI;NO;NO;04 Vinilo de corte Oracal 100 ByN;ORACAL 100-70 BLACK- 63CM;'10070-63;'';''10070-63;-852,500;50,000;25,000;metro;21%;Helioday;Pesos;3493,11;36,19;4757,27;5756,30;SI;SI;NO;0;0;
465;Habilitado;SI;SI;NO;NO;04 Vinilo de corte Oracal 100 ByN;ORACAL 100-70 BLACK MATTE- 126CM;'10070M;'';''10070M;-37,200;100,000;50,000;metro;21%;Helioday;Pesos;6986,40;36,19;9514,78;11512,88;SI;SI;NO;0;0;
466;Habilitado;SI;SI;NO;NO;04 Vinilo de corte Oracal 100 ByN;ORACAL 100-70 BLACK MATTE- 63CM;'10070M-63;'';''10070M-63;-320,400;50,000;25,000;metro;21%;Helioday;Pesos;3493,11;36,19;4757,27;5756,30;SI;SI;NO;0;0;
467;Habilitado;SI;SI;NO;NO;04 Vinilo de corte Oracal 100 metalizados;ORACAL 100-90 SILVER GREY- 126CM;'10090;'';''10090;-136,500;0,000;0,000;metro;21%;Insugraf;Pesos;8820,65;36,50;12040,19;14568,63;SI;SI;NO;0;0;
468;Habilitado;SI;SI;NO;NO;04 Vinilo de corte Oracal 100 metalizados;ORACAL 100-90 SILVER GREY- 63CM;'10090-63;'';''10090-63;-49,700;50,000;25,000;metro;21%;Insugraf;Pesos;4410,22;36,50;6019,95;7284,14;SI;SI;NO;0;0;
469;Habilitado;SI;SI;NO;NO;04 Vinilo de corte Oracal 100 metalizados;ORACAL 100-91 GOLD- 126CM;'10091;'';''10091;-69,000;0,000;0,000;metro;21%;Insugraf;Pesos;8820,65;36,50;12040,19;14568,63;SI;SI;NO;0;0;
470;Habilitado;SI;SI;NO;NO;04 Vinilo de corte Oracal 100 metalizados;ORACAL 100-91 GOLD- 63CM;'10091-63;'';''10091-63;-229,780;50,000;25,000;metro;21%;Insugraf;Pesos;4410,22;36,50;6019,95;7284,14;SI;SI;NO;0;0;
471;Habilitado;SI;SI;NO;NO;04 Vinilo de corte Oracal 100 colores;ORACAL 100-98 GENTIAN- 126CM;'10098;'';''10098;-10,000;0,000;0,000;metro;21%;Helioday;Pesos;8820,65;36,50;12040,19;14568,63;SI;SI;NO;0;0;
472;Habilitado;SI;SI;NO;NO;04 Vinilo de corte Oracal 100 colores;ORACAL 100-98 GENTIAN- 63CM;'10098-63;'';''10098-63;-14,000;50,000;15,000;metro;21%;Helioday;Pesos;4410,22;36,50;6019,95;7284,14;SI;SI;NO;0;0;
473;Habilitado;SI;SI;NO;NO;Vinilos de Corte;VINILO CORTE BLANCO BRILLANTE  122CM;'VCU10;'';''VCU10;183,000;50,000;20,000;metro;21%;DIGRAFICA SRL;Pesos;3838,51;36,99;5258,37;6362,63;SI;SI;NO;0;0;
474;Habilitado;SI;SI;NO;NO;Vinilos de Corte;VINILO CORTE BLANCO BRILLANTE  61CM;'VCU10H;'';''VCU10H;-806,600;50,000;10,000;metro;21%;DIGRAFICA SRL;Pesos;1919,32;36,99;2629,28;3181,43;SI;SI;NO;0;0;
476;Habilitado;SI;SI;NO;NO;Vinilos de Corte;VINILO CORTE BLANCO MATE  61CM;'VCU10MH;'';''VCU10MH;-792,400;50,000;20,000;metro;21%;DIGRAFICA SRL;Pesos;1919,43;36,99;2629,43;3181,61;SI;SI;NO;0;0;
477;Habilitado;SI;SI;NO;NO;Vinilos de Corte;VINILO CORTE AMARILLO 01 BRILLANTE  122CM;'VCUAM01;'';''VCUAM01;0,000;15,000;5,000;metro;21%;DIGRAFICA SRL;Pesos;3838,51;36,99;5258,37;6362,63;SI;SI;NO;0;0;
479;Habilitado;SI;SI;NO;NO;Vinilos de Corte;VINILO CORTE AMARILLO 02 BRILLANTE  122CM;'VCUAM02;'';''VCUAM02;-44,000;20,000;10,000;metro;21%;DIGRAFICA SRL;Pesos;3838,51;36,99;5258,37;6362,63;SI;SI;NO;0;0;
480;Habilitado;SI;SI;NO;NO;Vinilos de Corte;VINILO CORTE AMARILLO 02 BRILLANTE  61CM;'VCUAM02H;'';''VCUAM02H;-129,300;15,000;10,000;metro;21%;DIGRAFICA SRL;Pesos;1919,43;36,99;2629,43;3181,61;SI;SI;NO;0;0;
481;Habilitado;SI;SI;NO;NO;Vinilos de Corte;VINILO CORTE AMARILLO 03 BRILLANTE  122CM;'VCUAM03;'';''VCUAM03;0,000;15,000;10,000;metro;21%;DIGRAFICA SRL;Pesos;3838,51;36,99;5258,37;6362,63;SI;SI;NO;0;0;
482;Habilitado;SI;SI;NO;NO;Vinilos de Corte;VINILO CORTE AMARILLO 03 BRILLANTE  61CM;'VCUAM03H-482;'';''VCUAM03H;18,000;10,000;5,000;metro;21%;DIGRAFICA SRL;Pesos;1919,43;36,99;2629,43;3181,61;SI;SI;NO;0;0;
483;Habilitado;SI;SI;NO;NO;Vinilos de Corte;VINILO CORTE AMARILLO 03 MATE  61CM;'VCUAM03H-483;'';''VCUAM03H;11,000;0,000;0,000;metro;21%;DIGRAFICA SRL;Pesos;1919,43;36,99;2629,43;3181,61;SI;SI;NO;0;0;
484;Habilitado;SI;SI;NO;NO;Vinilos de Corte;VINILO CORTE AMARILLO 03 MATE  122CM;'VCUAM03M;'';''VCUAM03M;-38,000;10,000;5,000;metro;21%;DIGRAFICA SRL;Pesos;3838,51;36,99;5258,37;6362,63;SI;SI;NO;0;0;
485;Habilitado;SI;SI;NO;NO;Vinilos de Corte;VINILO CORTE AZUL 01 BRILLANTE  122CM;'VCUAZ01;'';''VCUAZ01;-1,000;15,000;5,000;metro;21%;DIGRAFICA SRL;Pesos;3838,51;36,99;5258,37;6362,63;SI;SI;NO;0;0;
486;Habilitado;SI;SI;NO;NO;Vinilos de Corte;VINILO CORTE AZUL 01 BRILLANTE  61CM;'VCUAZ01H;'';''VCUAZ01H;7,500;0,000;0,000;metro;21%;DIGRAFICA SRL;Pesos;1919,43;36,99;2629,43;3181,61;SI;SI;NO;0;0;
487;Habilitado;SI;SI;NO;NO;Vinilos de Corte;VINILO CORTE AZUL 02 BRILLANTE  122CM;'VCUAZ02;'';''VCUAZ02;0,000;0,000;0,000;metro;21%;DIGRAFICA SRL;Pesos;3838,51;36,99;5258,37;6362,63;SI;SI;NO;0;0;
488;Habilitado;SI;SI;NO;NO;Vinilos de Corte;VINILO CORTE AZUL 02 BRILLANTE  61CM;'VCUAZ02H;'';''VCUAZ02H;-113,800;0,000;0,000;metro;21%;DIGRAFICA SRL;Pesos;1919,43;36,99;2629,43;3181,61;SI;SI;NO;0;0;
489;Habilitado;SI;SI;NO;NO;Vinilos de Corte;VINILO CORTE AZUL 03 BRILLANTE  122CM;'VCUAZ03;'';''VCUAZ03;-25,000;0,000;0,000;metro;21%;DIGRAFICA SRL;Pesos;3838,51;36,99;5258,37;6362,63;SI;SI;NO;0;0;
490;Habilitado;SI;SI;NO;NO;Vinilos de Corte;VINILO CORTE AZUL 03 BRILLANTE  61CM;'VCUAZ03H-490;'';''VCUAZ03H;-32,000;0,000;0,000;metro;21%;DIGRAFICA SRL;Pesos;1919,43;36,99;2629,43;3181,61;SI;SI;NO;0;0;
491;Habilitado;SI;SI;NO;NO;Vinilos de Corte;VINILO CORTE AZUL 03 MATE  61CM;'VCUAZ03H-491;'';''VCUAZ03H;3,000;0,000;0,000;metro;21%;DIGRAFICA SRL;Pesos;1919,43;36,99;2629,43;3181,61;SI;SI;NO;0;0;
492;Habilitado;SI;SI;NO;NO;Vinilos de Corte;VINILO CORTE AZUL 03 MATE  122CM;'VCUAZ03M;'';''VCUAZ03M;-10,000;0,000;0,000;metro;21%;DIGRAFICA SRL;Pesos;3838,51;36,99;5258,37;6362,63;SI;SI;NO;0;0;
493;Habilitado;SI;SI;NO;NO;Vinilos de Corte;VINILO CORTE AZUL 05 BRILLANTE  122CM;'VCUAZ05;'';''VCUAZ05;-16,000;0,000;0,000;metro;21%;DIGRAFICA SRL;Pesos;3838,51;36,99;5258,37;6362,63;SI;SI;NO;0;0;
494;Habilitado;SI;SI;NO;NO;Vinilos de Corte;VINILO CORTE AZUL 05 BRILLANTE  61CM;'VCUAZ05H;'';''VCUAZ05H;-105,400;15,000;0,000;metro;21%;DIGRAFICA SRL;Pesos;1919,43;36,99;2629,43;3181,61;SI;SI;NO;0;0;
495;Habilitado;SI;SI;NO;NO;Vinilos de Corte;VINILO CORTE AZUL 05 MATTE  122CM;'VCUAZ05M-495;'';''VCUAZ05M;77,000;0,000;0,000;metro;21%;DIGRAFICA SRL;Pesos;3838,51;36,99;5258,37;6362,63;SI;SI;NO;0;0;
496;Habilitado;SI;SI;NO;NO;Vinilos de Corte;VINILO CORTE AZUL 05 MATTE  61CM;'VCUAZ05M-496;'';''VCUAZ05M;-2,300;0,000;0,000;metro;21%;DIGRAFICA SRL;Pesos;1919,43;36,99;2629,43;3181,61;SI;SI;NO;0;0;
497;Habilitado;SI;SI;NO;NO;Vinilos de Corte;VINILO CORTE BORDO 01 BRILLANTE  122CM;'VCUBO01;'';''VCUBO01;0,000;0,000;0,000;metro;21%;DIGRAFICA SRL;Pesos;3838,51;36,99;5258,37;6362,63;SI;SI;NO;0;0;
498;Habilitado;SI;SI;NO;NO;Vinilos de Corte;VINILO CORTE BORDO 01 BRILLANTE  61CM;'VCUBO01H;'';''VCUBO01H;18,500;0,000;0,000;metro;21%;DIGRAFICA SRL;Pesos;1919,43;36,99;2629,43;3181,61;SI;SI;NO;0;0;
503;Habilitado;SI;SI;NO;NO;Vinilos de Corte;VINILO CORTE GRIS 01 BRILLANTE  122CM;'VCUGR01;'';''VCUGR01;-5,000;0,000;0,000;metro;21%;DIGRAFICA SRL;Pesos;3838,51;36,99;5258,37;6362,63;SI;SI;NO;0;0;
504;Habilitado;SI;SI;NO;NO;Vinilos de Corte;VINILO CORTE GRIS 01 BRILLANTE  61CM;'VCUGR01H-504;'';''VCUGR01H;-27,700;50,000;15,000;metro;21%;DIGRAFICA SRL;Pesos;1919,43;36,99;2629,43;3181,61;SI;SI;NO;0;0;
505;Habilitado;SI;SI;NO;NO;Vinilos de Corte;VINILO CORTE GRIS 01 MATE  61CM;'VCUGR01H-505;'';''VCUGR01H;-41,400;50,000;15,000;metro;21%;DIGRAFICA SRL;Pesos;1919,43;36,99;2629,43;3181,61;SI;SI;NO;0;0;
506;Habilitado;SI;SI;NO;NO;Vinilos de Corte;VINILO CORTE GRIS 01 MATE  122CM;'VCUGR01M;'';''VCUGR01M;-99,000;50,000;15,000;metro;21%;DIGRAFICA SRL;Pesos;3838,51;36,99;5258,37;6362,63;SI;SI;NO;0;0;
507;Habilitado;SI;SI;NO;NO;Vinilos de Corte;VINILO CORTE MARRON 01 BRILLANTE  122CM;'VCUMA01;'';''VCUMA01;0,000;0,000;0,000;metro;21%;DIGRAFICA SRL;Pesos;3838,51;36,99;5258,37;6362,63;SI;SI;NO;0;0;
508;Habilitado;SI;SI;NO;NO;Vinilos de Corte;VINILO CORTE MARRON 01 BRILLANTE  61CM;'VCUMA01H;'';''VCUMA01H;-41,000;0,000;0,000;metro;21%;DIGRAFICA SRL;Pesos;1919,43;36,99;2629,43;3181,61;SI;SI;NO;0;0;
509;Habilitado;SI;SI;NO;NO;Vinilos de Corte;VINILO CORTE MAGENTA BRILLANTE  122CM;'VCUMAG10-509;'';''VCUMAG10;-30,000;0,000;0,000;metro;21%;DIGRAFICA SRL;Pesos;3838,51;36,99;5258,37;6362,63;SI;SI;NO;0;0;
510;Habilitado;SI;SI;NO;NO;Vinilos de Corte;VINILO CORTE MAGENTA BRILLANTE  61CM;'VCUMAG10-510;'';''VCUMAG10;-94,300;0,000;0,000;metro;21%;DIGRAFICA SRL;Pesos;1919,43;36,99;2629,43;3181,61;SI;SI;NO;0;0;
511;Habilitado;SI;SI;NO;NO;Vinilos de Corte;VINILO CORTE NARANJA 01 BRILLANTE  122CM;'VCUNA01;'';''VCUNA01;-27,000;0,000;0,000;metro;21%;DIGRAFICA SRL;Pesos;3838,51;36,99;5258,37;6362,63;SI;SI;NO;0;0;
512;Habilitado;SI;SI;NO;NO;Vinilos de Corte;VINILO CORTE NARANJA 01 BRILLANTE  61CM;'VCUNA01H;'';''VCUNA01H;-189,900;50,000;15,000;metro;21%;DIGRAFICA SRL;Pesos;1919,32;36,99;2629,28;3181,43;SI;SI;NO;0;0;
513;Habilitado;SI;SI;NO;NO;Vinilos de Corte;VINILO CORTE NEGRO 01 BRILLANTE  122CM;'VCUNE01;'';''VCUNE01;226,000;100,000;50,000;metro;21%;DIGRAFICA SRL;Pesos;3838,51;36,99;5258,37;6362,63;SI;SI;NO;0;0;
514;Habilitado;SI;SI;NO;NO;Vinilos de Corte;VINILO CORTE NEGRO 01 BRILLANTE  61CM;'VCUNE01H-514;'';''VCUNE01H;-755,000;100,000;50,000;metro;21%;DIGRAFICA SRL;Pesos;1919,32;36,99;2629,28;3181,43;SI;SI;NO;0;0;
515;Habilitado;SI;SI;NO;NO;Vinilos de Corte;VINILO CORTE NEGRO 01 MATE  61CM;'VCUNE01H-515;'';''VCUNE01H;-726,500;50,000;20,000;metro;21%;DIGRAFICA SRL;Pesos;1919,32;36,99;2629,28;3181,43;SI;SI;NO;0;0;
516;Habilitado;SI;SI;NO;NO;Vinilos de Corte;VINILO CORTE NEGRO 01 MATE  122CM;'VCUNE01M;'';''VCUNE01M;-1126,000;100,000;50,000;metro;21%;DIGRAFICA SRL;Pesos;3838,51;36,99;5258,37;6362,63;SI;SI;NO;0;0;
519;Habilitado;SI;SI;NO;NO;Vinilos de Corte;VINILO CORTE ROJO 03 MATE  61CM;'VCURO03H;'';''VCURO03H;-44,500;0,000;0,000;metro;21%;DIGRAFICA SRL;Pesos;1919,43;36,99;2629,43;3181,61;SI;SI;NO;0;0;
520;Habilitado;SI;SI;NO;NO;Vinilos de Corte;VINILO CORTE ROJO 03 MATE  122CM;'VCURO03M;'';''VCURO03M;-70,000;0,000;0,000;metro;21%;DIGRAFICA SRL;Pesos;3838,51;36,99;5258,37;6362,63;SI;SI;NO;0;0;
521;Habilitado;SI;SI;NO;NO;Vinilos de Corte;VINILO CORTE ROSA BRILLANTE  122CM;'VCURO1;'';''VCURO1;-10,000;0,000;0,000;metro;21%;DIGRAFICA SRL;Pesos;3838,51;36,99;5258,37;6362,63;SI;SI;NO;0;0;
522;Habilitado;SI;SI;NO;NO;Vinilos de Corte;VINILO CORTE ROSA BRILLANTE  61CM;'VCURO1H;'';''VCURO1H;0,000;0,000;0,000;metro;21%;DIGRAFICA SRL;Pesos;1919,43;36,99;2629,43;3181,61;SI;SI;NO;0;0;
523;Habilitado;SI;SI;NO;NO;Vinilos de Corte;VINILO CORTE ROJO 02 BRILLANTE  122CM;'VCURO2;'';''VCURO2;0,000;0,000;0,000;metro;21%;DIGRAFICA SRL;Pesos;3838,51;36,99;5258,37;6362,63;SI;SI;NO;0;0;
524;Habilitado;SI;SI;NO;NO;Vinilos de Corte;VINILO CORTE ROJO 02 BRILLANTE  61CM;'VCURO2H;'';''VCURO2H;-16,000;0,000;0,000;metro;21%;DIGRAFICA SRL;Pesos;1919,43;36,99;2629,43;3181,61;SI;SI;NO;0;0;
525;Habilitado;SI;SI;NO;NO;Vinilos de Corte;VINILO CORTE ROJO 03 BRILLANTE  122CM;'VCURO3;'';''VCURO3;-324,000;50,000;15,000;metro;21%;DIGRAFICA SRL;Pesos;3838,51;36,99;5258,37;6362,63;SI;SI;NO;0;0;
526;Habilitado;SI;SI;NO;NO;Vinilos de Corte;VINILO CORTE ROJO 03 BRILLANTE  61CM;'VCURO3H;'';''VCURO3H;-363,900;50,000;15,000;metro;21%;DIGRAFICA SRL;Pesos;1919,32;36,99;2629,28;3181,43;SI;SI;NO;0;0;
527;Habilitado;SI;SI;NO;NO;Vinilos de Corte;VINILO CORTE VERDE 02 BRILLANTE  122CM;'VCUVE02;'';''VCUVE02;0,000;0,000;0,000;metro;21%;DIGRAFICA SRL;Pesos;3838,51;36,99;5258,37;6362,63;SI;SI;NO;0;0;
528;Habilitado;SI;SI;NO;NO;Vinilos de Corte;VINILO CORTE VERDE 02 BRILLANTE  61CM;'VCUVE02H;'';''VCUVE02H;64,600;0,000;0,000;metro;21%;DIGRAFICA SRL;Pesos;1919,43;36,99;2629,43;3181,61;SI;SI;NO;0;0;
529;Habilitado;SI;SI;NO;NO;Vinilos de Corte;VINILO CORTE VERDE 03 BRILLANTE  122CM;'VCUVE03;'';''VCUVE03;-3,000;0,000;0,000;metro;21%;DIGRAFICA SRL;Pesos;3838,51;36,99;5258,37;6362,63;SI;SI;NO;0;0;
530;Habilitado;SI;SI;NO;NO;Vinilos de Corte;VINILO CORTE VERDE 03 BRILLANTE  61CM;'VCUVE03H-530;'';''VCUVE03H;-270,700;0,000;0,000;metro;21%;DIGRAFICA SRL;Pesos;1919,43;36,99;2629,43;3181,61;SI;SI;NO;0;0;
531;Habilitado;SI;SI;NO;NO;Vinilos de Corte;VINILO CORTE VERDE 03 MATE  61CM;'VCUVE03H-531;'';''VCUVE03H;-8,000;0,000;0,000;metro;21%;DIGRAFICA SRL;Pesos;1919,43;36,99;2629,43;3181,61;SI;SI;NO;0;0;
532;Habilitado;SI;SI;NO;NO;Vinilos de Corte;VINILO CORTE VERDE 03 MATE  122CM;'VCUVE03M;'';''VCUVE03M;-5,000;0,000;0,000;metro;21%;DIGRAFICA SRL;Pesos;3838,51;36,99;5258,37;6362,63;SI;SI;NO;0;0;
533;Habilitado;SI;SI;NO;NO;Vinilos de Corte;VINILO CORTE VERDE 04 BRILLANTE  122CM;'VCUVE04;'';''VCUVE04;1,200;0,000;0,000;metro;21%;DIGRAFICA SRL;Pesos;3838,51;36,99;5258,37;6362,63;SI;SI;NO;0;0;
534;Habilitado;SI;SI;NO;NO;Vinilos de Corte;VINILO CORTE VERDE 04 BRILLANTE  61CM;'VCUVE04H;'';''VCUVE04H;-2,000;0,000;0,000;metro;21%;DIGRAFICA SRL;Pesos;1919,43;36,99;2629,43;3181,61;SI;SI;NO;0;0;
535;Habilitado;SI;SI;NO;NO;Vinilos de Corte;VINILO CORTE VERDE 05 BRILLANTE  122CM;'VCUVE05;'';''VCUVE05;0,000;0,000;0,000;metro;21%;DIGRAFICA SRL;Pesos;3838,51;36,99;5258,37;6362,63;SI;SI;NO;0;0;
536;Habilitado;SI;SI;NO;NO;Vinilos de Corte;VINILO CORTE VERDE 05 BRILLANTE  61CM;'VCUVE05H-536;'';''VCUVE05H;0,000;0,000;0,000;metro;21%;DIGRAFICA SRL;Pesos;1919,43;36,99;2629,43;3181,61;SI;SI;NO;0;0;
537;Habilitado;SI;SI;NO;NO;Vinilos de Corte;VINILO CORTE VERDE 05 MATE  61CM;'VCUVE05H-537;'';''VCUVE05H;50,000;50,000;15,000;metro;21%;DIGRAFICA SRL;Pesos;1919,43;36,99;2629,43;3181,61;SI;SI;NO;0;0;
538;Habilitado;SI;SI;NO;NO;Vinilos de Corte;VINILO CORTE VERDE 05 MATE  122CM;'VCUVE05M;'';''VCUVE05M;0,000;0,000;0,000;metro;21%;DIGRAFICA SRL;Pesos;3838,51;36,99;5258,37;6362,63;SI;SI;NO;0;0;
539;Habilitado;SI;SI;NO;NO;Vinilos de Corte;VINILO CORTE VIOLETA 01 BRILLANTE  122CM;'VCUVI01;'';''VCUVI01;-37,000;0,000;0,000;metro;21%;DIGRAFICA SRL;Pesos;3838,51;36,99;5258,37;6362,63;SI;SI;NO;0;0;
540;Habilitado;SI;SI;NO;NO;Vinilos de Corte;VINILO CORTE VIOLETA 01 BRILLANTE  61CM;'VCUVI01H;'';''VCUVI01H;-110,100;0,000;0,000;metro;21%;DIGRAFICA SRL;Pesos;1919,43;36,99;2629,43;3181,61;SI;SI;NO;0;0;
541;Habilitado;SI;SI;NO;NO;06 Vinilo de corte Oracal 6510 fluo;6510-29 FLUO YELLOW - 126CM;'651029;'';''651029;-11,500;0,000;0,000;metro;21%;Insugraf;Pesos;41079,95;34,16;55112,86;66686,56;SI;SI;NO;0;0;
542;Habilitado;SI;SI;NO;NO;06 Vinilo de corte Oracal 6510 fluo;6510-29 FLUO YELLOW - 63CM;'651029-63;'';''651029-63;-101,900;25,000;5,000;metro;21%;Insugraf;Pesos;20539,55;34,16;27555,86;33342,59;SI;SI;NO;0;0;
543;Habilitado;SI;SI;NO;NO;06 Vinilo de corte Oracal 6510 fluo;6510-37 FLUO ORANGE - 126CM;'651037;'';''651037;0,000;0,000;0,000;metro;21%;Insugraf;Pesos;41079,95;34,16;55112,86;66686,56;SI;SI;NO;0;0;
544;Habilitado;SI;SI;NO;NO;06 Vinilo de corte Oracal 6510 fluo;6510-37 FLUO ORANGE - 63CM;'651037-63;'';''651037-63;10,000;10,000;5,000;metro;21%;Insugraf;Pesos;20539,55;34,16;27555,86;33342,59;SI;SI;NO;0;0;
545;Habilitado;SI;SI;NO;NO;06 Vinilo de corte Oracal 6510 fluo;6510-38 FLUO RED ORANGE - 126CM;'651038;'';''651038;0,000;0,000;0,000;metro;21%;Insugraf;Pesos;41079,95;34,16;55112,86;66686,56;SI;SI;NO;0;0;
546;Habilitado;SI;SI;NO;NO;06 Vinilo de corte Oracal 6510 fluo;6510-38 FLUO RED ORANGE - 63CM;'651038-63;'';''651038-63;-2,500;20,000;5,000;metro;21%;Insugraf;Pesos;20539,55;34,16;27555,86;33342,59;SI;SI;NO;0;0;
547;Habilitado;SI;SI;NO;NO;06 Vinilo de corte Oracal 6510 fluo;6510-39 FLUO RED - 126CM;'651039;'';''651039;0,000;0,000;0,000;metro;21%;Insugraf;Pesos;41079,95;34,16;55112,86;66686,56;SI;SI;NO;0;0;
548;Habilitado;SI;SI;NO;NO;06 Vinilo de corte Oracal 6510 fluo;6510-39 FLUO RED - 63CM;'651039-63;'';''651039-63;4,100;20,000;5,000;metro;21%;Insugraf;Pesos;20539,55;34,16;27555,86;33342,59;SI;SI;NO;0;0;
549;Habilitado;SI;SI;NO;NO;06 Vinilo de corte Oracal 6510 fluo;6510-46 FLUO PINK - 126CM;'651046;'';''651046;0,000;0,000;0,000;metro;21%;Insugraf;Pesos;41079,95;34,16;55112,86;66686,56;SI;SI;NO;0;0;
550;Habilitado;SI;SI;NO;NO;06 Vinilo de corte Oracal 6510 fluo;6510-46 FLUO PINK - 63CM;'651046-63;'';''651046-63;3,000;15,000;5,000;metro;21%;Insugraf;Pesos;20539,55;34,16;27555,86;33342,59;SI;SI;NO;0;0;
551;Habilitado;SI;SI;NO;NO;06 Vinilo de corte Oracal 6510 fluo;6510-69 FLUO GREEN - 126CM;'651069;'';''651069;0,000;0,000;0,000;metro;21%;Insugraf;Pesos;41079,95;34,16;55112,86;66686,56;SI;SI;NO;0;0;
552;Habilitado;SI;SI;NO;NO;06 Vinilo de corte Oracal 6510 fluo;6510-69 FLUO GREEN - 63CM;'651069-63;'';''651069-63;-5,600;15,000;5,000;metro;21%;Insugraf;Pesos;20539,55;34,16;27555,86;33342,59;SI;SI;NO;0;0;
553;Habilitado;SI;SI;NO;NO;Oracal 8300;8300-21 TRANSPARENT YELLOW 126CM;'830021;'';''830021;0,000;0,000;0,000;metro;21%;Insugraf;Pesos;18885,51;30,00;24551,16;29706,90;SI;SI;NO;0;0;
554;Habilitado;SI;SI;NO;NO;Oracal 8300;8300-21 TRANSPARENT YELLOW - 63CM;'830021-63;'';''830021-63;-84,700;10,000;5,000;metro;21%;Insugraf;Pesos;9442,75;30,00;12275,58;14853,45;SI;SI;NO;0;0;
555;Habilitado;SI;SI;NO;NO;Oracal 8300;8300-32 TRANSPARENT LIGHT RED 126CM;'830032;'';''830032;-54,000;0,000;0,000;metro;21%;Helioday;Pesos;18885,51;30,00;24551,16;29706,90;SI;SI;NO;0;0;
556;Habilitado;SI;SI;NO;NO;Oracal 8300;8300-32 TRANSPARENT LIGHT RED - 63CM;'830032-63;'';''830032-63;-5,000;10,000;5,000;metro;21%;Helioday;Pesos;9442,75;30,00;12275,58;14853,45;SI;SI;NO;0;0;
557;Habilitado;SI;SI;NO;NO;Oracal 8300;8300-34 TRANSPARENT ORANGE 126CM;'830034;'';''830034;-7,700;0,000;0,000;metro;21%;Helioday;Pesos;18885,51;30,00;24551,16;29706,90;SI;SI;NO;0;0;
558;Habilitado;SI;SI;NO;NO;Oracal 8300;8300-34 TRANSPARENT ORANGE - 63CM;'830034-63;'';''830034-63;-1,900;10,000;5,000;metro;21%;Helioday;Pesos;9442,75;30,00;12275,58;14853,45;SI;SI;NO;0;0;
559;Habilitado;SI;SI;NO;NO;Oracal 8300;8300-41 TRANSPARENT PINK 126CM;'830041;'';''830041;-5,000;0,000;0,000;metro;21%;Helioday;Pesos;18885,51;30,00;24551,16;29706,90;SI;SI;NO;0;0;
560;Habilitado;SI;SI;NO;NO;Oracal 8300;8300-41 TRANSPARENT PINK - 63CM;'830041-63;'';''830041-63;-8,600;5,000;5,000;metro;21%;Helioday;Pesos;9442,75;30,00;12275,58;14853,45;SI;SI;NO;0;0;
561;Habilitado;SI;SI;NO;NO;Oracal 8300;8300-49 TRANSPARENT KING BLUE 126CM;'830049;'';''830049;-18,900;0,000;0,000;metro;21%;Insugraf;Pesos;18885,51;30,00;24551,16;29706,90;SI;SI;NO;0;0;
562;Habilitado;SI;SI;NO;NO;Oracal 8300;8300-49 TRANSPARENT KING BLUE - 63CM;'830049-63;'';''830049-63;-3,000;10,000;5,000;metro;21%;Insugraf;Pesos;9442,75;30,00;12275,58;14853,45;SI;SI;NO;0;0;
563;Habilitado;SI;SI;NO;NO;Oracal 8300;8300-51 TRANSPARENT GENTIAN BLUE 126CM;'830051;'';''830051;-5,000;0,000;0,000;metro;21%;Insugraf;Pesos;18885,51;30,00;24551,16;29706,90;SI;SI;NO;0;0;
564;Habilitado;SI;SI;NO;NO;Oracal 8300;8300-51 TRANSPARENT GENTIAN BLUE - 63CM;'830051-63;'';''830051-63;7,000;10,000;5,000;metro;21%;Insugraf;Pesos;9442,75;30,00;12275,58;14853,45;SI;SI;NO;0;0;
565;Habilitado;SI;SI;NO;NO;Oracal 8300;8300-53 TRANSPARENT LIGHT BLUE 126CM;'830053;'';''830053;0,000;0,000;0,000;metro;21%;Insugraf;Pesos;18885,51;30,00;24551,16;29706,90;SI;SI;NO;0;0;
566;Habilitado;SI;SI;NO;NO;Oracal 8300;8300-53 TRANSPARENT LIGHT BLUE - 63CM;'830053-63;'';''830053-63;-0,900;10,000;5,000;metro;21%;Insugraf;Pesos;9442,75;30,00;12275,58;14853,45;SI;SI;NO;0;0;
567;Habilitado;SI;SI;NO;NO;Oracal 8300;8300-61 TRANSPARENT GREEN 126CM;'830061;'';''830061;0,000;0,000;0,000;metro;21%;Helioday;Pesos;18885,51;30,00;24551,16;29706,90;SI;SI;NO;0;0;
568;Habilitado;SI;SI;NO;NO;Oracal 8300;8300-61 TRANSPARENT GREEN - 63CM;'830061-63;'';''830061-63;-2,980;5,000;5,000;metro;21%;Helioday;Pesos;9442,75;30,00;12275,58;14853,45;SI;SI;NO;0;0;
569;Habilitado;SI;SI;NO;NO;Oracal 8300;8300-619 TRANSPARENT TRAFFIC GREEN 126CM;'8300619;'';''8300619;0,000;0,000;0,000;metro;21%;Insugraf;Pesos;18885,51;30,00;24551,16;29706,90;SI;SI;NO;0;0;
570;Habilitado;SI;SI;NO;NO;Oracal 8300;8300-619 TRANSPARENT TRAFFIC GREEN- 63CM;'8300619-63;'';''8300619-63;6,000;5,000;5,000;metro;21%;Insugraf;Pesos;9442,75;30,00;12275,58;14853,45;SI;SI;NO;0;0;
571;Habilitado;SI;SI;NO;NO;Oracal 8300;8300-63 TRANSPARENT LIME TREE GREEN 126CM;'830063;'';''830063;1,000;0,000;0,000;metro;21%;Insugraf;Pesos;18885,51;30,00;24551,16;29706,90;SI;SI;NO;0;0;
572;Habilitado;SI;SI;NO;NO;Oracal 8300;8300-63 TRANSPARENT LIME TREE GREEN - 63CM;'830063-63;'';''830063-63;-1,000;10,000;5,000;metro;21%;Insugraf;Pesos;9442,75;30,00;12275,58;14853,45;SI;SI;NO;0;0;
573;Habilitado;SI;SI;NO;NO;Oracal 8300;8300-73 TRANSPARENT DARK GREY 126CM;'830073;'';''830073;-13,000;0,000;0,000;metro;21%;Helioday;Pesos;18885,51;30,00;24551,16;29706,90;SI;SI;NO;0;0;
574;Habilitado;SI;SI;NO;NO;Oracal 8300;8300-73 TRANSPARENT DARK GREY - 63CM;'830073-63;'';''830073-63;-17,650;10,000;5,000;metro;21%;Helioday;Pesos;9442,75;30,00;12275,58;14853,45;SI;SI;NO;0;0;
577;Habilitado;SI;SI;NO;NO;Cepillados/cromados;CEPILLADO PLATA UNICAL 122CM;'CE90-122;'';''CE90-122;-30,800;0,000;0,000;metro;21%;DIGRAFICA SRL;Pesos;6010,51;33,90;8048,07;9738,16;SI;SI;NO;0;0;
578;Habilitado;SI;SI;NO;NO;Cepillados/cromados;CEPILLADO PLATA UNICAL 61CM;'CE90-61;'';''CE90-61;-417,500;0,000;0,000;metro;21%;DIGRAFICA SRL;Pesos;3005,29;33,90;4024,08;4869,14;SI;SI;NO;0;0;
579;Habilitado;SI;SI;NO;NO;Cepillados/cromados;CEPILLADO ORO UNICAL 122CM;'CE91-122;'';''CE91-122;10,000;0,000;0,000;metro;21%;DIGRAFICA SRL;Pesos;6010,51;33,90;8048,07;9738,16;SI;SI;NO;0;0;
580;Habilitado;SI;SI;NO;NO;Cepillados/cromados;CEPILLADO ORO UNICAL 61CM;'CE91-61;'';''CE91-61;-26,700;0,000;0,000;metro;21%;DIGRAFICA SRL;Pesos;3005,29;33,90;4024,08;4869,14;SI;SI;NO;0;0;
581;Habilitado;SI;SI;NO;NO;Cepillados/cromados;CROMADO PLATA UNICAL 122cm ;'CR90-122;'';''CR90-122;51,000;0,000;0,000;metro;21%;DIGRAFICA SRL;Pesos;5608,00;33,90;7509,11;9086,02;SI;SI;NO;0;0;
582;Habilitado;SI;SI;NO;NO;Cepillados/cromados;CROMADO PLATA UNICAL 61CM;'CR90-61;'';''CR90-61;-76,500;0,000;0,000;metro;21%;DIGRAFICA SRL;Pesos;2804,02;33,90;3754,58;4543,04;SI;SI;NO;0;0;
583;Habilitado;SI;SI;NO;NO;Cepillados/cromados;CROMADO ORO UNICAL 61CM;'CR91;'';''CR91;-191,200;0,000;0,000;metro;21%;DIGRAFICA SRL;Pesos;2804,02;33,90;3754,58;4543,04;SI;SI;NO;0;0;
584;Habilitado;SI;SI;NO;NO;Cepillados/cromados;CROMADO ORO UNICAL 122cm ;'CR91-122;'';''CR91-122;0,000;0,000;0,000;metro;21%;DIGRAFICA SRL;Pesos;5608,00;33,90;7509,11;9086,02;SI;SI;NO;0;0;
585;Habilitado;SI;SI;NO;NO;Car Wrapping;SFUD-100BK-20 POLARIZADO SEGURIDAD 2PLY INTERMEDIO 020 ;'SFUD100BK;'';''SFUD100BK;3,000;0,000;0,000;metro;21%;Insugraf;Pesos;17824,19;30,00;23171,45;28037,45;SI;SI;NO;0;0;
589;Habilitado;SI;SI;NO;NO;Car Wrapping;GR-SV POLARIZADO ESPEJADO PLATA 2PLY 2MIL 152CM MITOSUN (EDIFICIO);'MITOSUN-BUI;'';''MITOSUN-BUI;-22,500;30,000;10,000;metro;21%;Pro SRL;Pesos;7984,23;30,00;10379,50;12559,20;SI;SI;NO;0;0;
590;Habilitado;SI;SI;NO;NO;Car Wrapping;SF-100CL FILM SEGURIDAD 4MIL KONCO (protección uv y anti estallos);'KONCO;'';''KONCO;-87,800;30,000;10,000;metro;21%;Insugraf;Pesos;8455,51;30,00;10992,16;13300,51;SI;SI;NO;0;0;
591;Deshabilitado;NO;NO;NO;NO;Car Wrapping;SF-200CL FILM SEFURIDAD 200MIC 2PLY;'SF200CL;'';''SF200CL;0,000;0,000;0,000;metro;21%;Insugraf;Pesos;19399,50;37,70;26713,11;32322,86;SI;NO;NO;0;0;
592;Habilitado;SI;SI;NO;NO;Accesorios;ESMERILADO MITOCAL ETCH RED MATTE  122CM x 50MTS;'EMRM122;'';''EMRM122;0,200;0,000;0,000;metro;21%;Pro SRL;Pesos;5587,02;3,00;5754,63;6963,10;SI;SI;NO;0;0;
593;Habilitado;SI;SI;NO;NO;Accesorios;ESMERILADO MITOCAL ETCH RED MATTE  61CM x 50MTS;'EMRM61;'';''EMRM61;-14,000;0,000;0,000;metro;21%;Pro SRL;Pesos;2793,51;35,00;3771,24;4563,20;SI;SI;NO;0;0;
594;Habilitado;SI;SI;NO;NO;Accesorios;ESMERILADO MITOCAL ETCH BLUE MATTE  122CM x 50MTS;'EMAM122;'';''EMAM122;21,000;0,000;0,000;metro;21%;Pro SRL;Pesos;5587,02;3,00;5754,63;6963,10;SI;SI;NO;0;0;
595;Habilitado;SI;SI;NO;NO;Esmerilado;ESMERILADO MITOCAL ETCH BLUE MATTE  61CM x 50MTS;'EMAM61;'';''EMAM61;12,600;0,000;0,000;metro;21%;Pro SRL;Pesos;2793,51;3,00;2877,32;3481,56;SI;SI;NO;0;0;
602;Habilitado;SI;SI;NO;NO;Esmerilado;ESMERILADO LG 5510 122CM FROSTED;'LG5510122;'';''LG5510122;-50,000;50,000;25,000;metro;21%;Grafisur;Pesos;11059,73;30,00;14377,65;17396,96;SI;SI;NO;0;0;
603;Habilitado;SI;SI;NO;NO;Esmerilado;ESMERILADO LG 5510 61CM FROSTED;'LG551061;'';''LG551061;4,200;50,000;25,000;metro;21%;Grafisur;Pesos;5529,87;30,00;7188,83;8698,48;SI;SI;NO;0;0;
605;Habilitado;SI;SI;NO;NO;02 Reflectivos de Impresión;REFLECTIVO ING. IMPRESION 3200 BLANCO 124CM S/LAMINADO;'RU5010122-605;'';''RU5010122;0,000;0,000;0,000;metro;21%;DIGRAFICA SRL;Pesos;10104,51;30,00;13135,86;15894,39;SI;SI;NO;0;0;
606;Habilitado;SI;SI;NO;NO;02 Reflectivos de Impresión;REFLECTIVO ING. IMPRESION 3200 BLANCO 62CM S/LAMINADO;'RU5010S;'';''RU5010S;-87,500;0,000;0,000;metro;21%;DIGRAFICA SRL;Pesos;5052,27;30,00;6567,95;7947,22;SI;SI;NO;0;0;
607;Habilitado;SI;SI;NO;NO;02 Reflectivos de Impresión;REFLECTIVO ING. IMPRESION 3200 AMARILLO 124CM S/ LAMINADO;'RU5021122-607;'';''RU5021122;0,000;0,000;0,000;metro;21%;DIGRAFICA SRL;Pesos;10104,51;30,00;13135,86;15894,39;SI;SI;NO;0;0;
608;Habilitado;SI;SI;NO;NO;02 Reflectivos de Impresión;REFLECTIVO ING. IMPRESION 3200 AMARILLO 62CM S/LAMINADO;'RU5021S;'';''RU5021S;0,000;0,000;0,000;metro;21%;DIGRAFICA SRL;Pesos;5052,27;30,00;6567,95;7947,22;SI;SI;NO;0;0;
609;Habilitado;SI;SI;NO;NO;02 Reflectivos de Impresión;REFLECTIVO ING. IMPRESION 3200 ROJO 124CM S/LAMINADO;'RU5031122-609;'';''RU5031122;0,000;0,000;0,000;metro;21%;DIGRAFICA SRL;Pesos;10104,51;30,00;13135,86;15894,39;SI;SI;NO;0;0;
610;Habilitado;SI;SI;NO;NO;02 Reflectivos de Impresión;REFLECTIVO ING. IMPRESION 3200 ROJO 62CM S/LAMINADO;'RU5031S;'';''RU5031S;0,000;0,000;0,000;metro;21%;DIGRAFICA SRL;Pesos;5052,27;30,00;6567,95;7947,22;SI;SI;NO;0;0;
611;Habilitado;SI;SI;NO;NO;02 Reflectivos de Impresión;REFLECTIVO IMG. IMPRESION 3200 NARANJA 124CM S/LAMINADO;'RU5035122-611;'';''RU5035122;0,000;0,000;0,000;metro;21%;DIGRAFICA SRL;Pesos;10104,51;30,00;13135,86;15894,39;SI;SI;NO;0;0;
612;Habilitado;SI;SI;NO;NO;02 Reflectivos de Impresión;REFLECTIVO ING. IMPRESION 3200 NARANJA 62CM S/LAMINADO;'RU5035S;'';''RU5035S;0,500;0,000;0,000;metro;21%;DIGRAFICA SRL;Pesos;5052,27;30,00;6567,95;7947,22;SI;SI;NO;0;0;
613;Habilitado;SI;SI;NO;NO;02 Reflectivos de Impresión;REFLECTIVO ING. IMPRESION 3200 AZUL 124CM S/LAMINADO;'RU5049122-613;'';''RU5049122;0,000;0,000;0,000;metro;21%;DIGRAFICA SRL;Pesos;10104,51;30,00;13135,86;15894,39;SI;SI;NO;0;0;
614;Habilitado;SI;SI;NO;NO;02 Reflectivos de Impresión;REFLECTIVO ING. IMRESION 3200 AZUL 62CM S/LAMINADO;'RU5049S;'';''RU5049S;0,000;0,000;0,000;metro;21%;DIGRAFICA SRL;Pesos;5052,27;30,00;6567,95;7947,22;SI;SI;NO;0;0;
615;Habilitado;SI;SI;NO;NO;02 Reflectivos de Impresión;REFLECTIVO ING. IMPRESION 3200 VERDE 124CM S/LAMINADO;'RU5068122-615;'';''RU5068122;0,000;0,000;0,000;metro;21%;DIGRAFICA SRL;Pesos;10104,51;30,00;13135,86;15894,39;SI;SI;NO;0;0;
616;Habilitado;SI;SI;NO;NO;02 Reflectivos de Impresión;REFLECTIVO ING. IMPRESION 3200 VERDE 62CM S/LAMINADO;'RU5068S;'';''RU5068S;45,700;45,700;10,000;metro;21%;DIGRAFICA SRL;Pesos;5052,27;30,00;6567,95;7947,22;SI;SI;NO;0;0;
617;Habilitado;SI;SI;NO;NO;Reflectivos de corte 3100;REFLECTIVO COMERCIAL CORTE 3100 BLANCO 62CM C/LAMINADO;'RU5010;'';''RU5010;-141,300;0,000;0,000;metro;21%;DIGRAFICA SRL;Pesos;4294,42;35,20;5806,06;7025,33;SI;SI;NO;0;0;
618;Habilitado;SI;SI;NO;NO;Reflectivos de corte 3100;REFLECTIVO COMERCIAL CORTE 3100 BLANCO 124CM C/LAMINADO;'RU5010124-618;'';''RU5010124;0,000;0,000;0,000;metro;21%;DIGRAFICA SRL;Pesos;8588,86;35,20;11612,14;14050,69;SI;SI;NO;0;0;
619;Habilitado;SI;SI;NO;NO;Reflectivos de corte 3100;REFLECTIVO COMERCIAL CORTE 3100 AMARILLO 62CM C/LAMINADO;'RU5021;'';''RU5021;15,000;0,000;0,000;metro;21%;DIGRAFICA SRL;Pesos;4294,42;35,20;5806,06;7025,33;SI;SI;NO;0;0;
620;Habilitado;SI;SI;NO;NO;Reflectivos de corte 3100;REFLECTIVO COMERCIAL CORTE 3100 AMARILLO 124CM C/LAMINADO ;'RU5021124-620;'';''RU5021124;0,000;0,000;0,000;metro;21%;DIGRAFICA SRL;Pesos;8588,86;35,20;11612,14;14050,69;SI;SI;NO;0;0;
621;Habilitado;SI;SI;NO;NO;Reflectivos de corte 3100;REFLECTIVO COMERCIAL CORTE 3100 ROJO 62CM C/LAMINADO;'RU5031;'';''RU5031;43,200;0,000;0,000;metro;21%;DIGRAFICA SRL;Pesos;4294,42;35,20;5806,06;7025,33;SI;SI;NO;0;0;
622;Habilitado;SI;SI;NO;NO;Reflectivos de corte 3100;REFLECTIVO COMERCIAL CORTE 3100 ROJO 124CM C/LAMINADO;'RU5031124-622;'';''RU5031124;0,000;0,000;0,000;metro;21%;DIGRAFICA SRL;Pesos;8588,86;35,20;11612,14;14050,69;SI;SI;NO;0;0;
623;Habilitado;SI;SI;NO;NO;Reflectivos de corte 3100;REFLECTIVO COMERCIAL CORTE 3100 NARANJA 62CM C/LAMINADO;'RU5035;'';''RU5035;4,000;0,000;0,000;metro;21%;DIGRAFICA SRL;Pesos;4294,42;35,20;5806,06;7025,33;SI;SI;NO;0;0;
624;Habilitado;SI;SI;NO;NO;Reflectivos de corte 3100;REFLECTIVO COMERCIAL CORTE 3100 NARANJA 124CM C/LAMINADO;'RU5035124-624;'';''RU5035124;0,000;0,000;0,000;metro;21%;DIGRAFICA SRL;Pesos;8588,86;35,20;11612,14;14050,69;SI;SI;NO;0;0;
625;Habilitado;SI;SI;NO;NO;Reflectivos de corte 3100;REFLECTIVO COMERCIAL CORTE 3100 AZUL 62CM C/LAMINADO;'RU5049;'';''RU5049;29,000;0,000;0,000;metro;21%;DIGRAFICA SRL;Pesos;4294,42;35,20;5806,06;7025,33;SI;SI;NO;0;0;
626;Habilitado;SI;SI;NO;NO;Reflectivos de corte 3100;REFLECTIVO COMERCIAL CORTE 3100 AZUL 124CM C/LAMINADO;'RU5049122-626;'';''RU5049122;0,000;0,000;0,000;metro;21%;DIGRAFICA SRL;Pesos;8588,86;35,20;11612,14;14050,69;SI;SI;NO;0;0;
627;Habilitado;SI;SI;NO;NO;Reflectivos de corte 3100;REFLECTIVO COMERCIAL CORTE 3100 VERDE 62CM C/LAMINADO;'RU5068;'';''RU5068;34,000;0,000;0,000;metro;21%;DIGRAFICA SRL;Pesos;4294,42;35,20;5806,06;7025,33;SI;SI;NO;0;0;
628;Habilitado;SI;SI;NO;NO;Reflectivos de corte 3100;REFLECTIVO COMERCIAL CORTE 3100 VERDE 124CM C/LAMINADO;'RU5068124-628;'';''RU5068124;0,000;0,000;0,000;metro;21%;DIGRAFICA SRL;Pesos;8588,86;35,20;11612,14;14050,69;SI;SI;NO;0;0;
629;Habilitado;SI;SI;NO;NO;Reflectivos de corte 3100;REFLECTIVO COMERCIAL CORTE 3100 NEGRO 62CM C/LAMINADO;'RU5070;'';''RU5070;0,000;0,000;0,000;metro;21%;Insugraf;Pesos;5452,38;35,20;7371,62;8919,66;SI;SI;NO;0;0;
630;Habilitado;NO;NO;NO;NO;Reflectivos de corte 3100;REFLECTIVO COMERCIAL CORTE 3100 NEGRO 124CM C/LAMINADO;'RU5070124;'';''RU5070124;0,000;0,000;0,000;metro;21%;Insugraf;Pesos;10904,70;35,20;14743,15;17839,21;SI;NO;NO;0;0;
631;Habilitado;SI;SI;NO;NO;Vinilos termotransferibles;TERMO GIO FLEX VCS VIOLETA X 50CM.;'VCS040;'';''VCS040;29,000;0,000;0,000;metro;21%;Grafisur;Pesos;5857,11;30,23;7627,71;9229,53;SI;SI;NO;0;0;
632;Habilitado;SI;SI;NO;NO;Vinilos termotransferibles;TERMO GIO FLEX VCS MAGENTA X 50CM.;'VCS041;'';''VCS041;24,000;0,000;0,000;metro;21%;Grafisur;Pesos;5857,11;30,23;7627,71;9229,53;SI;SI;NO;0;0;
633;Habilitado;SI;SI;NO;NO;Vinilos termotransferibles;TERMO GIO FLEX VCS VERDE X 50CM.;'VCS061;'';''VCS061;29,500;0,000;0,000;metro;21%;Grafisur;Pesos;5857,11;30,23;7627,71;9229,53;SI;SI;NO;0;0;
634;Habilitado;SI;SI;NO;NO;Vinilos termotransferibles;TERMO GIO FLEX VCS ORO X 50CM.;'VCS102;'';''VCS102;-94,300;0,000;0,000;metro;21%;Grafisur;Pesos;6261,03;30,23;8153,74;9866,03;SI;SI;NO;0;0;
635;Habilitado;SI;SI;NO;NO;Vinilos termotransferibles;TERMO GIO FLEX VCS NARANJA X 50CM.;'VCS105;'';''VCS105;-106,100;0,000;0,000;metro;21%;Grafisur;Pesos;5857,11;30,23;7627,71;9229,53;SI;SI;NO;0;0;
636;Habilitado;SI;SI;NO;NO;Vinilos termotransferibles;TERMO GIO FLEX VCS ROJO X 50CM.;'VCS106;'';''VCS106;-3,000;0,000;0,000;metro;21%;Grafisur;Pesos;5857,11;30,23;7627,71;9229,53;SI;SI;NO;0;0;
637;Habilitado;SI;SI;NO;NO;Vinilos termotransferibles;TERMO GIO FLEX VCS CELESTE X 50CM.;'VCS108;'';''VCS108;13,500;0,000;0,000;metro;21%;Grafisur;Pesos;5857,11;30,23;7627,71;9229,53;SI;SI;NO;0;0;
638;Habilitado;SI;SI;NO;NO;Vinilos termotransferibles;TERMO GIO FLEX VCS VERDE X 50CM.;'VCS110;'';''VCS110;-2,500;0,000;0,000;metro;21%;Grafisur;Pesos;5857,11;30,23;7627,71;9229,53;SI;SI;NO;0;0;
639;Habilitado;SI;SI;NO;NO;Vinilos termotransferibles;TERMO GIO FLEX VCS PLATA X 50CM.;'VCS123;'';''VCS123;15,800;0,000;0,000;metro;21%;Grafisur;Pesos;6261,03;30,23;8153,74;9866,03;SI;SI;NO;0;0;
640;Habilitado;SI;SI;NO;NO;Vinilos termotransferibles;TERMO GIO FLEX VCS GRIS X 50CM.;'VCS124;'';''VCS124;39,500;0,000;0,000;metro;21%;Grafisur;Pesos;5857,11;30,23;7627,71;9229,53;SI;SI;NO;0;0;
641;Habilitado;SI;SI;NO;NO;Vinilos termotransferibles;TERMO GIO FLEX VCS ROSA X 50CM.;'VCS128;'';''VCS128;24,400;0,000;0,000;metro;21%;Grafisur;Pesos;5857,11;30,23;7627,71;9229,53;SI;SI;NO;0;0;
642;Habilitado;SI;SI;NO;NO;Vinilos termotransferibles;TERMO GIO FLEX VCS BORDO X 50CM.;'VCS1312;'';''VCS1312;28,000;0,000;0,000;metro;21%;Grafisur;Pesos;5857,11;30,23;7627,71;9229,53;SI;SI;NO;0;0;
643;Habilitado;SI;SI;NO;NO;Vinilos termotransferibles;TERMO GIO FLEX VCS BEIGE X 50CM.;'VCS134;'';''VCS134;18,500;0,000;0,000;metro;21%;Grafisur;Pesos;5857,11;30,23;7627,71;9229,53;SI;SI;NO;0;0;
644;Habilitado;SI;SI;NO;NO;Vinilos termotransferibles;TERMO GIO FLEX VCS VERDE INGLES X 50CM.;'VCS613;'';''VCS613;23,500;0,000;0,000;metro;21%;Grafisur;Pesos;5857,11;30,23;7627,71;9229,53;SI;SI;NO;0;0;
645;Habilitado;SI;SI;NO;NO;Vinilos termotransferibles;TERMO GIO FLEX VCS MARRON X 50CM.;'VCS80;'';''VCS80;42,000;0,000;0,000;metro;21%;Grafisur;Pesos;5857,11;30,23;7627,71;9229,53;SI;SI;NO;0;0;
646;Habilitado;SI;SI;NO;NO;Vinilos termotransferibles;TERMO GIO FLEX VCS AMARILLO GOLDEN X 50CM.;'VCSAMAGO;'';''VCSAMAGO;-18,300;0,000;0,000;metro;21%;Grafisur;Pesos;5857,11;30,23;7627,71;9229,53;SI;SI;NO;0;0;
647;Habilitado;SI;SI;NO;NO;Vinilos termotransferibles;TERMO GIO FLEX VCS AZUL MARINO X 50CM.;'VCSAZMA;'';''VCSAZMA;55,200;0,000;0,000;metro;21%;Grafisur;Pesos;5857,11;30,23;7627,71;9229,53;SI;SI;NO;0;0;
648;Habilitado;SI;SI;NO;NO;Vinilos termotransferibles;TERMO GIO FLEX VCS AZUL ROYAL X 50CM. (FRANCIA);'VCSAZOSC;'';''VCSAZOSC;-40,000;0,000;0,000;metro;21%;Grafisur;Pesos;5857,11;30,23;7627,71;9229,53;SI;SI;NO;0;0;
649;Habilitado;SI;SI;NO;NO;Vinilos termotransferibles;TERMO GIO FLEX VCS FLUO AMARILLO X 50CM.;'VCSFAMA;'';''VCSFAMA;26,000;0,000;0,000;metro;21%;Grafisur;Pesos;7504,83;30,23;9773,54;11825,98;SI;SI;NO;0;0;
650;Habilitado;SI;SI;NO;NO;Vinilos termotransferibles;TERMO GIO FLEX VCS FLUO NARANJA X 50CM.;'VCSFNAR;'';''VCSFNAR;20,500;0,000;0,000;metro;21%;Grafisur;Pesos;7504,83;30,23;9773,54;11825,98;SI;SI;NO;0;0;
651;Habilitado;SI;SI;NO;NO;Vinilos termotransferibles;TERMO GIO FLEX VCS FLUO ROSA X 50CM.;'VCSFRO;'';''VCSFRO;28,500;0,000;0,000;metro;21%;Grafisur;Pesos;7504,83;30,23;9773,54;11825,98;SI;SI;NO;0;0;
652;Habilitado;SI;SI;NO;NO;Vinilos termotransferibles;TERMO GIO FLEX VCS FLUO VERDE X 50CM.;'VCSFVER;'';''VCSFVER;-0,900;0,000;0,000;metro;21%;Grafisur;Pesos;7504,83;30,23;9773,54;11825,98;SI;SI;NO;0;0;
653;Habilitado;SI;SI;NO;NO;Vinilos termotransferibles;FIRSTMARK WHITE COD.101 X 50CM.;'C101;'';''C101;0,000;0,000;0,000;metro;21%;Insugraf;Pesos;15801,96;30,00;20542,55;24856,49;SI;SI;NO;0;0;
654;Habilitado;SI;SI;NO;NO;Vinilos termotransferibles;FIRSTMARK BLACK COD.103 X 50CM.;'C103;'';''C103;0,000;0,000;0,000;metro;21%;Insugraf;Pesos;15328,63;37,70;21107,52;25540,10;SI;SI;NO;0;0;
655;Habilitado;SI;SI;NO;NO;Vinilos termotransferibles;FIRSTMARK YELLOW COD.104 X 50CM.;'C104;'';''C104;0,000;0,000;0,000;metro;21%;Insugraf;Pesos;15328,63;37,70;21107,52;25540,10;SI;SI;NO;0;0;
656;Habilitado;SI;SI;NO;NO;Vinilos termotransferibles;FIRSTMARK ORANGE COD.105 X 50CM.;'C105;'';''C105;0,000;0,000;0,000;metro;21%;Insugraf;Pesos;15328,63;37,70;21107,52;25540,10;SI;SI;NO;0;0;
657;Habilitado;SI;SI;NO;NO;Vinilos termotransferibles;FIRSTMARK RED COD.106 X 50CM.;'C106;'';''C106;0,000;0,000;0,000;metro;21%;Insugraf;Pesos;15328,63;37,70;21107,52;25540,10;SI;SI;NO;0;0;
658;Habilitado;SI;SI;NO;NO;Vinilos termotransferibles;FIRSTMARK LIGHT BLUE COD.108 X 50CM.;'C108;'';''C108;0,000;0,000;0,000;metro;21%;Insugraf;Pesos;15328,63;37,70;21107,52;25540,10;SI;SI;NO;0;0;
659;Habilitado;SI;SI;NO;NO;Vinilos termotransferibles;FIRSTMARK ROYAL BLUE COD.109 X 50CM.;'C109;'';''C109;0,000;0,000;0,000;metro;21%;Insugraf;Pesos;15328,63;37,70;21107,52;25540,10;SI;SI;NO;0;0;
660;Habilitado;SI;SI;NO;NO;Vinilos termotransferibles;FIRSTMARK GREEN COD.110 X 50CM.;'C110;'';''C110;0,000;0,000;0,000;metro;21%;Insugraf;Pesos;15328,63;37,70;21107,52;25540,10;SI;SI;NO;0;0;
661;Habilitado;SI;SI;NO;NO;Vinilos termotransferibles;FIRSTMARK NAVY BLUE COD.112 X 50CM.;'C112;'';''C112;0,000;0,000;0,000;metro;21%;Insugraf;Pesos;15328,63;37,70;21107,52;25540,10;SI;SI;NO;0;0;
662;Habilitado;SI;SI;NO;NO;Vinilos termotransferibles;FIRSTMARK LEMON YELLOW COD.113 X 50CM.;'C113;'';''C113;0,000;0,000;0,000;metro;21%;Insugraf;Pesos;15328,63;37,70;21107,52;25540,10;SI;SI;NO;0;0;
663;Habilitado;SI;SI;NO;NO;Vinilos termotransferibles;FIRSTMARK BROWN COD.115 X 50CM.;'C115;'';''C115;0,000;0,000;0,000;metro;21%;Insugraf;Pesos;15328,63;37,70;21107,52;25540,10;SI;SI;NO;0;0;
664;Habilitado;SI;SI;NO;NO;Vinilos termotransferibles;FIRSTMARK FOREST GREEN (oscuro) COD.118 X 50CM.;'C118;'';''C118;0,000;0,000;0,000;metro;21%;Insugraf;Pesos;15328,62;30,00;19927,21;24111,92;SI;SI;NO;0;0;
665;Habilitado;SI;SI;NO;NO;Vinilos termotransferibles;FIRSTMARK GREY COD.124 X 50CM.;'C124;'';''C124;0,000;0,000;0,000;metro;21%;Insugraf;Pesos;15328,63;37,70;21107,52;25540,10;SI;SI;NO;0;0;
666;Habilitado;SI;SI;NO;NO;Vinilos termotransferibles;FIRSTMARK PINK COD.128 X 50CM.;'C128;'';''C128;0,000;0,000;0,000;metro;21%;Insugraf;Pesos;15328,63;37,70;21107,52;25540,10;SI;SI;NO;0;0;
667;Habilitado;SI;SI;NO;NO;Vinilos termotransferibles;FIRSTMARK VIVID RED COD.129 X 50CM.;'C129;'';''C129;-0,500;0,000;0,000;metro;21%;Insugraf;Pesos;15328,63;37,70;21107,52;25540,10;SI;SI;NO;0;0;
668;Habilitado;SI;SI;NO;NO;Vinilos termotransferibles;FIRSTMARK BEIGE COD.134 X 50CM.;'C134;'';''C134;0,000;0,000;0,000;metro;21%;Insugraf;Pesos;15328,63;37,70;21107,52;25540,10;SI;SI;NO;0;0;
669;Habilitado;SI;SI;NO;NO;Vinilos termotransferibles;FIRSTMARK GOLDEN YELLOW COD.184 X 50CM.;'C184;'';''C184;0,000;0,000;0,000;metro;21%;Insugraf;Pesos;15328,63;37,70;21107,52;25540,10;SI;SI;NO;0;0;
670;Habilitado;SI;SI;NO;NO;Vinilos termotransferibles;FIRSTMARK BRIGHT BLUE COD.189 X 50CM.;'C189;'';''C189;0,000;0,000;0,000;metro;21%;Insugraf;Pesos;15328,63;37,70;21107,52;25540,10;SI;SI;NO;0;0;
671;Habilitado;SI;SI;NO;NO;Vinilos termotransferibles;FIRSTMARK GOLD COD.102 X 50CM.;'C102;'';''C102;0,000;0,000;0,000;metro;21%;Insugraf;Pesos;18504,75;37,70;25481,04;30832,06;SI;SI;NO;0;0;
672;Habilitado;SI;SI;NO;NO;Vinilos termotransferibles;FIRSTMARK FLUO YELLOW COD.111 X 50CM.;'C111;'';''C111;0,000;0,000;0,000;metro;21%;Insugraf;Pesos;18504,75;37,70;25481,04;30832,06;SI;SI;NO;0;0;
673;Habilitado;SI;SI;NO;NO;Vinilos termotransferibles;FIRSTMARK SILVER COD.123 X 50CM.;'C123;'';''C123;0,000;0,000;0,000;metro;21%;Insugraf;Pesos;18504,75;37,70;25481,04;30832,06;SI;SI;NO;0;0;
674;Habilitado;SI;SI;NO;NO;Vinilos termotransferibles;FIRSTMARK FLUO ORANGE COD.126 X 50CM.;'C126;'';''C126;0,000;0,000;0,000;metro;21%;Insugraf;Pesos;18504,75;37,70;25481,04;30832,06;SI;SI;NO;0;0;
675;Habilitado;SI;SI;NO;NO;Vinilos termotransferibles;FIRSTMARK FLUO GREEN COD.131 X 50CM.;'C131;'';''C131;0,000;0,000;0,000;metro;21%;Insugraf;Pesos;18504,75;37,70;25481,04;30832,06;SI;SI;NO;0;0;
676;Habilitado;SI;SI;NO;NO;Vinilos termotransferibles;FIRSTMARK FLUO PINK COD.132 X 50CM.;'C132;'';''C132;0,000;0,000;0,000;metro;21%;Insugraf;Pesos;18504,75;37,70;25481,04;30832,06;SI;SI;NO;0;0;
677;Habilitado;SI;SI;NO;NO;Vinilos termotransferibles;HOTMARK REVOLUTION PU UNIVERSAL- NEGRO 50CM;'CPU103;'';''CPU103;20,000;0,000;0,000;metro;21%;Insugraf;Pesos;0,00;0,00;0,00;0,00;SI;SI;NO;0;0;
681;Habilitado;SI;SI;NO;NO;Poli Tape;POSICIONADOR DE PAPEL POLI-TAPE  0.61 X 91.44MTS;'PPT061;'';''PPT061;0,000;5,000;2,000;unidad;21%;Insugraf;Pesos;189655,42;25,00;237069,28;286853,83;SI;SI;NO;0;0;
683;Habilitado;SI;SI;NO;NO;Poli Tape;POSICIONADOR DE PAPEL POLI-TAPE 0.61 X 45.72MTS (50YARDAS);'PPT06150Y;'';''PPT06150Y;0,000;5,000;2,000;unidad;21%;Helioday;Pesos;74900,00;30,00;97370,00;117817,70;SI;SI;NO;0;0;
684;Habilitado;SI;SI;NO;NO;Poli Tape;POSICIONADOR TRANSP. POLI-TAPE  0.61 X 91.44MTS;'PPT061T;'';''PPT061T;0,000;1,000;1,000;unidad;21%;Insugraf;Pesos;205911,58;25,00;257389,48;311441,27;SI;SI;NO;0;0;
685;Deshabilitado;NO;NO;NO;NO;Posicionador;POSICIONADOR DE PAPEL POLI-TAPE  10 X 91.44MTS;'PPT10-685;'';''PPT10;1,000;0,000;0,000;unidad;21%;Insugraf;Pesos;15939,04;2,00;16257,82;19671,96;SI;SI;NO;0;0;
687;Habilitado;SI;NO;NO;NO;Poli Tape;POSICIONADOR DE PAPEL POLI-TAPE 1.22 X 91.44MTS;'PPT122;'';''PPT122;0,000;2,000;1,000;unidad;21%;Insugraf;Pesos;379310,82;25,00;474138,53;573707,62;SI;SI;NO;0;0;
689;Habilitado;SI;SI;NO;NO;Poli Tape;POSICIONADOR TRANSP. POLI-TAPE 1.22 X 91.44MTS;'PPT122T;'';''PPT122T;0,000;0,000;0,000;unidad;21%;Helioday;Pesos;411823,17;25,00;514778,96;622882,54;SI;SI;NO;0;0;
690;Habilitado;SI;NO;NO;NO;Poli Tape;POSICIONADOR DE PAPEL POLI-TAPE 20 X 91.44MTS;'PPT20-690;'';''PPT20;0,000;0,000;0,000;unidad;21%;Insugraf;Pesos;62182,09;25,00;77727,61;94050,41;SI;SI;NO;0;0;
691;Habilitado;SI;SI;NO;NO;Poli Tape;POSICIONADOR DE PAPEL POLI-TAPE 20 X 45.72MTS (50YARDAS);'PPT2050Y;'';''PPT2050Y;0,000;0,000;0,000;unidad;21%;Insugraf;Pesos;33756,01;25,00;42195,01;51055,96;SI;SI;NO;0;0;
692;Habilitado;SI;NO;NO;NO;Poli Tape;POSICIONADOR DE PAPEL POLI-TAPE 30 X 91.44MTS;'PPT30;'';''PPT30;0,000;0,000;0,000;unidad;21%;Insugraf;Pesos;94827,71;25,00;118534,64;143426,91;SI;SI;NO;0;0;
693;Habilitado;SI;SI;NO;NO;Poli Tape;POSICIONADOR DE PAPEL POLI-TAPE 0.30 X 45.72MTS (50YARDAS);'PPT3050Y;'';''PPT3050Y;0,000;0,000;0,000;unidad;21%;Helioday;Pesos;37450,00;30,00;48685,00;58908,85;SI;SI;NO;0;0;
694;Habilitado;SI;SI;NO;NO;Poli Tape;POSICIONADOR DE PAPEL POLI-TAPE 1.22 X 45.72MTS;'PPT12250Y;'';''PPT12250Y;0,000;0,000;0,000;unidad;21%;Insugraf;Pesos;205911,58;25,00;257389,48;311441,27;SI;SI;NO;0;0;
699;Habilitado;SI;SI;NO;NO;Poli Tape;POSICIONADOR TRANSP. POLI-TAPE 30 X 91.44MTS;'PPT30T;'';''PPT30T;0,000;0,000;0,000;unidad;21%;Insugraf;Pesos;102955,77;25,00;128694,71;155720,60;SI;SI;NO;0;0;
705;Habilitado;SI;SI;NO;NO;Posicionador;POSICIONADOR UNICAL PREMIUM 120CM x 40MTS ;'DP52-120;'';''DP52-120;-57,000;2,000;2,000;unidad;21%;DIGRAFICA SRL;Pesos;76629,38;30,00;99618,19;120538,01;SI;SI;NO;0;0;
706;Habilitado;SI;SI;NO;NO;Posicionador;POSICIONADOR UNICAL COMUN 122CM x 40MTS ;'DP52-122C;'';''DP52-120C;-10,000;0,000;0,000;unidad;21%;DIGRAFICA SRL;Pesos;53836,86;30,00;69987,92;84685,38;SI;SI;NO;0;0;
707;Habilitado;SI;SI;NO;NO;Posicionador;POSICIONADOR UNICAL PREMIUM 20CM x 40MTS ;'DP52-20;'';''DP52-20;-204,000;10,000;5,000;unidad;21%;DIGRAFICA SRL;Pesos;12562,21;30,00;16330,87;19760,35;SI;SI;NO;0;0;
708;Habilitado;SI;SI;NO;NO;Posicionador;POSICIONADOR UNICAL COMUN 20CM x 40MTS ;'DP52-20C;'';''DP52-20C;-171,000;5,000;2,000;unidad;21%;DIGRAFICA SRL;Pesos;8972,97;-3,11;8693,91;10519,63;SI;SI;NO;0;0;
709;Habilitado;SI;SI;NO;NO;Posicionador;POSICIONADOR UNICAL PREMIUM 30CM x 40MTS ;'DP52-30;'';''DP52-30;-120,000;5,000;5,000;unidad;21%;DIGRAFICA SRL;Pesos;18843,29;30,00;24496,28;29640,50;SI;SI;NO;0;0;
711;Habilitado;SI;SI;NO;NO;Posicionador;POSICIONADOR UNICAL PREMIUM 60CM x 40MTS ;'DP52-60;'';''DP52-60;-329,000;10,000;5,000;unidad;21%;DIGRAFICA SRL;Pesos;37686,58;30,00;48992,55;59280,99;SI;SI;NO;0;0;
712;Habilitado;SI;SI;NO;NO;Posicionador;POSICIONADOR UNICAL COMUN  60CM x 40MTS ;'DP52-60C;'';''DP52-60C;-382,000;6,000;3,000;unidad;21%;DIGRAFICA SRL;Pesos;26918,99;30,00;34994,69;42343,57;SI;SI;NO;0;0;
716;Deshabilitado;NO;NO;NO;NO;Cintas Bifaz;ORABOND 1395TM 19MM X 50MTS.;'OB1395;'';''OB1395;0,000;13,000;2,000;unidad;21%;Insugraf;Pesos;20828,04;37,70;28680,21;34703,05;SI;SI;NO;0;0;
717;Habilitado;SI;SI;NO;NO;Cintas Bifaz;CINTA ORABOND 1397PP 19MM X 50MTS;'OB1397;'';''OB1397;-3,000;13,000;5,000;unidad;21%;Insugraf;Pesos;27213,18;30,00;35377,13;42806,33;SI;SI;NO;0;0;
719;Habilitado;SI;SI;NO;NO;Cintas Bifaz;CINTA ORAMOUNT 1831 BIFAZ 19MM X 50MTS;'OM1831;'';''OM1831;-1,000;13,000;5,000;unidad;21%;Insugraf;Pesos;29904,58;30,00;38875,95;47039,90;SI;SI;NO;0;0;
721;Habilitado;SI;SI;NO;NO;Accesorios;ESPATULA CONQUEROR;'CONQUERO;'';''CONQUERO;5,000;0,000;0,000;unidad;21%;Sin especificar;Pesos;1564,56;0,00;1564,56;1893,12;SI;SI;NO;0;0;
722;Habilitado;SI;SI;NO;NO;Accesorios;ESPATULA CONTOUR;'CONTOUR;'';''CONTOUR;6,000;0,000;0,000;unidad;21%;Sin especificar;Pesos;1602,62;0,00;1602,62;1939,17;SI;SI;NO;0;0;
723;Habilitado;SI;SI;NO;NO;Accesorios;ESPATULA PLASTICA BLANCA CON GOMA NEGRA ;'ESPBYN;'';''ESPBYN;0,000;0,000;0,000;unidad;21%;Sin especificar;Pesos;2103,94;0,00;2103,94;2545,77;SI;SI;NO;0;0;
724;Habilitado;SI;SI;NO;NO;Accesorios;ESPATULA PLASTICA COMBINADA AZUL CON NEGRO;'ESPCOMBA-724;'';''ESPCOMBA;0,000;0,000;0,000;unidad;21%;Sin especificar;Pesos;1447,66;0,00;1447,66;1751,67;SI;SI;NO;0;0;
725;Habilitado;SI;SI;NO;NO;Accesorios;ESPATULA MAGNETICA COMBINADA AZUL C/NARANJA;'ESPCOMBA-725;'';''ESPCOMBA;0,000;0,000;0,000;unidad;21%;Sin especificar;Pesos;2406,23;0,00;2406,23;2911,54;SI;SI;NO;0;0;
726;Habilitado;SI;SI;NO;NO;Accesorios;ESPATULA PLASTICA COMBINADA NEGRO C/ VERDE;'ESPCOMBN;'';''ESPCOMBN;0,000;0,000;0,000;unidad;21%;Sin especificar;Pesos;1348,92;0,00;1348,92;1632,19;SI;SI;NO;0;0;
727;Habilitado;SI;SI;NO;NO;Accesorios;ESPATULA DETAIL BOX X 3 UNIDADES (HARD/MEDIUM/SOFT);'ESPDET;'';''ESPDET;2,000;0,000;0,000;unidad;21%;Sin especificar;Pesos;15509,83;0,00;15509,83;18766,89;SI;SI;NO;0;0;
728;Habilitado;SI;SI;NO;NO;Accesorios;ESPATULA DETAIL MINI ROJA EDGE;'ESPDETRE;'';''ESPDETRE;-1,000;0,000;0,000;unidad;21%;Sin especificar;Pesos;2427,71;0,00;2427,71;2937,53;SI;SI;NO;0;0;
729;Habilitado;SI;SI;NO;NO;Accesorios;ESPATULA FELPA 3M;'ESPFEL3M;'';''ESPFEL3M;0,000;0,000;0,000;unidad;21%;Sin especificar;Pesos;2722,06;0,00;2722,06;3293,69;SI;SI;NO;0;0;
730;Habilitado;SI;SI;NO;NO;Accesorios;ESPATULA PLASTICA GOLD COMBINADA C/NEGRO;'ESPGOLD;'';''ESPGOLD;0,000;0,000;0,000;unidad;21%;Sin especificar;Pesos;1447,66;0,00;1447,66;1751,67;SI;SI;NO;0;0;
731;Habilitado;SI;SI;NO;NO;Accesorios;ESPATULA PLASTICA MAGNETICA PRO TINT ;'ESPMAG;'';''ESPMAG;0,000;0,000;0,000;unidad;21%;Sin especificar;Pesos;1778,50;0,00;1778,50;2151,99;SI;SI;NO;0;0;
732;Habilitado;SI;SI;NO;NO;Accesorios;ESPATULA PLASTICA MAGNETICA COMBINADA PRO TINT ;'ESPMAGC;'';''ESPMAGC;0,000;0,000;0,000;unidad;21%;Sin especificar;Pesos;2605,46;0,00;2605,46;3152,61;SI;SI;NO;0;0;
733;Habilitado;SI;SI;NO;NO;Accesorios;ESPATULA PLASTICA MAGNETICA COMBINADA PRO TINT NEGRA ;'ESPMAGNE/;'';''ESPMAGNE/;0,000;0,000;0,000;unidad;21%;Sin especificar;Pesos;2729,73;0,00;2729,73;3302,97;SI;SI;NO;0;0;
734;Habilitado;SI;SI;NO;NO;Oracal 751;751-00 FUNDIDO TRANSPARENT GLOSS -126CM;'75100;'';''75100;0,000;0,000;0,000;metro;21%;Insugraf;Pesos;29844,03;29,00;38498,80;46583,55;SI;SI;NO;0;0;
735;Habilitado;SI;SI;NO;NO;Oracal 751;751-10 FUNDIDO WHITE GLOSS -126CM;'75110;'';''75110;5,000;0,000;0,000;metro;21%;Insugraf;Pesos;32476,38;29,00;41894,53;50692,38;SI;SI;NO;0;0;
736;Habilitado;SI;NO;NO;NO;Oracal 751;751-10M FUNDIDO WHITE MATTE -126CM;'75110M;'';''75110M;-5,000;0,000;0,000;metro;21%;Insugraf;Pesos;29844,03;29,00;38498,80;46583,55;SI;SI;NO;0;0;
738;Habilitado;SI;SI;NO;NO;Oracal 751;751-70 FUNDIDO BLACK GLOSS -126CM;'75170;'';''75170;1,000;0,000;0,000;metro;21%;Insugraf;Pesos;29844,03;29,00;38498,80;46583,55;SI;SI;NO;0;0;
739;Habilitado;SI;SI;NO;NO;Oracal 751;751-70M FUNDIDO BLACK MATTE -126CM;'75170M;'';''75170M;0,000;0,000;0,000;metro;21%;Helioday;Pesos;29844,03;29,00;38498,80;46583,55;SI;SI;NO;0;0;
740;Habilitado;SI;SI;NO;NO;Oracal 751;751-090 FUNDIDO SILVER  GLOSS -126CM;'75190;'';''75190;0,000;0,000;0,000;metro;21%;Insugraf;Pesos;31085,81;29,00;40100,69;48521,83;SI;SI;NO;0;0;
741;Habilitado;SI;NO;NO;NO;Oracal 751;751-093 FUNDIDO ANTHRACITE  GLOSS -126CM;'75193;'';''75193;0,900;0,000;0,000;metro;21%;Insugraf;Pesos;31085,81;29,00;40100,69;48521,83;SI;SI;NO;0;0;
742;Habilitado;SI;SI;NO;NO;Oracal 751;751-932 FUNDIDO GRAPHITE METALLIC  GLOSS -126CM;'751932;'';''751932;0,000;0,000;0,000;metro;21%;Insugraf;Pesos;31085,81;29,00;40100,69;48521,83;SI;SI;NO;0;0;
743;Habilitado;SI;SI;NO;NO;Car Wrapping;CARBONO JTCC131 BUBBLE FREE NEGRO X 152CM.HYFLEX;'HFFC152;'';''HFFC152;7,200;50,000;20,000;metro;21%;Insugraf;Pesos;15131,73;30,00;19671,25;23802,21;SI;SI;NO;0;0;
745;Habilitado;SI;SI;NO;NO;Placas;POLIFAN 20MM  600X1250 ;'POLY20;'';''POLY20;-1,000;0,000;0,000;unidad;21%;TALDEA S.A.S;Pesos;10700,00;40,00;14980,00;18125,80;SI;SI;NO;0;0;
746;Habilitado;SI;SI;NO;NO;Placas;POLIFAN 30MM  600X1250 ;'POLY30;'';''POLY30;-2,000;0,000;0,000;unidad;21%;TALDEA S.A.S;Pesos;16718,75;40,00;23406,25;28321,56;SI;SI;NO;0;0;
747;Habilitado;SI;SI;NO;NO;Placas;POLIFAN 40MM  600X1250 ;'POLY40;'';''POLY40;0,000;0,000;0,000;unidad;21%;TALDEA S.A.S;Pesos;26750,00;40,00;37450,00;45314,50;SI;SI;NO;0;0;
748;Habilitado;SI;SI;NO;NO;Placas;POLIFAN 50MM  600X1250 ;'POLY50;'';''POLY50;0,000;0,000;0,000;unidad;21%;TALDEA S.A.S;Pesos;24610,00;40,00;34454,00;41689,34;SI;SI;NO;0;0;
749;Habilitado;SI;SI;NO;NO;Placas;PVC ESPUMADO 3MM 1220x2440MM BLANCO;'PVC3mm;'';''PVC3mm;0,000;0,000;0,000;unidad;21%;DIGRAFICA SRL;Pesos;18238,81;25,00;22798,51;27586,20;SI;SI;NO;0;0;<p>El paquete cerrado de Placas de Pvc espumado de 3mm tiene un 10% de descuento&nbsp <span><br></span></p>;
750;Habilitado;SI;SI;NO;NO;Iman;IMAN 0.75 x 0.61 SIN PVC (VIRGEN);'IM075;'';''IM075;-121,600;0,000;0,000;metro;21%;Pro SRL;Pesos;11909,10;32,00;15720,01;19021,21;SI;SI;NO;0;0;;;<p>el rollo viene de 0.75 de espesor x 61cm de ancho x 30mts de largo<br></p>;
754;Habilitado;SI;SI;NO;NO;Iman;IMAN 0.35 CON  ADHESIVO;'IM035CA;'';''IM035CA;50,000;50,000;10,000;metro;21%;Pro SRL;Pesos;9713,06;30,00;12626,98;15278,65;SI;SI;NO;0;0;<p>el rollo viene de 0.35 de espesor x 61cm de ancho x 60 de largo</p><p><br></p>;
755;Habilitado;SI;SI;NO;NO;Iman;POT 42 MM;'POT;'';''POT;0,000;0,000;0,000;unidad;21%;Sin especificar;Pesos;0,00;0,00;0,00;0,00;SI;SI;NO;0;0;
756;Habilitado;SI;SI;NO;NO;Repuestos;CUCHILLA CUTTER ROLAND 45GDS;'R1007;'';''R1007;0,000;0,000;0,000;unidad;21%;Pro SRL;Pesos;3317,00;40,00;4643,80;5619,00;SI;SI;NO;0;0;
757;Habilitado;SI;SI;NO;NO;Repuestos;CUCHILLA CUTTER ROLAND 60GDS;'R1009;'';''R1009;0,000;0,000;0,000;unidad;21%;Insugraf;Pesos;3317,00;40,00;4643,80;5619,00;SI;SI;NO;0;0;
758;Habilitado;SI;SI;NO;NO;Repuestos;CUCHILLA CUTTER MIMAKI 45GDS;'R1011;'';''R1011;0,000;0,000;0,000;unidad;21%;Pro SRL;Pesos;3317,00;40,00;4643,80;5619,00;SI;SI;NO;0;0;
759;Habilitado;SI;SI;NO;NO;Repuestos;CUCHILLA CUTTER MIMAKI 60GDS;'R1013;'';''R1013;0,000;0,000;0,000;unidad;21%;Pro SRL;Pesos;33,17;40,00;46,44;56,19;SI;SI;NO;0;0;
760;Habilitado;SI;SI;NO;NO;Vinilos termotransferibles;TERMO GIO FLEX VCS BLANCO X 50CM.;'VCS101;''Copia de ;''VCS101;-260,550;0,000;0,000;metro;21%;Grafisur;Pesos;5857,11;30,23;7627,71;9229,53;SI;SI;NO;0;0;
761;Habilitado;SI;SI;NO;NO;Vinilos termotransferibles;TERMO GIO FLEX VCS NEGRO X 50CM.;'VCS103;''Copia de Copia de ;''VCS103;6,100;0,000;0,000;metro;21%;Grafisur;Pesos;5857,11;30,23;7627,71;9229,53;SI;SI;NO;0;0;
766;Habilitado;SI;SI;NO;NO;01 Vinilo Impresion Lg2710/2700 G y M;LG 2710M BASE GRIS 105CM X 50MTS;'LG2710M105;'';''LG2710M105;0,000;3,000;1,000;unidad;21%;Grafisur;Pesos;288085,70;23,00;354345,41;428757,95;SI;SI;NO;0;0;
767;Habilitado;SI;SI;NO;NO;01 Vinilo Impresion Lg2710/2700 G y M;LG 2710G BASE GRIS 137CM X 50MTS;'LG2710M137;'';''LG2710M137;0,000;2,000;1,000;unidad;21%;Grafisur;Pesos;375883,24;23,00;462336,39;559427,03;SI;SI;NO;0;0;
769;Deshabilitado;NO;NO;NO;NO;Posicionador;POSICIONADOR DE PAPEL POLI-TAPE 40 X 45.72MTS (50YARDAS);'PPT4050Y;''Copia de ;''PPT4050Y;0,000;0,000;0,000;unidad;21%;Insugraf;Pesos;36727,51;42,80;52446,88;63460,72;SI;SI;NO;0;0;
770;Habilitado;SI;SI;NO;NO;Vinilos de Corte;VINILO CORTE FLUO VERDE 61CM;'VCUFLV61;'';''VCUFLV61;0,000;0,000;0,000;metro;21%;DIGRAFICA SRL;Pesos;3436,65;39,05;4778,66;5782,18;SI;SI;NO;0;0;
772;Habilitado;SI;SI;NO;NO;Vinilos de Corte;VINILO CORTE FLUO ROJO  61CM;'VCUFLR61;'';''VCUFLR61;0,000;0,000;0,000;metro;21%;DIGRAFICA SRL;Pesos;3436,65;39,05;4778,66;5782,18;SI;SI;NO;0;0;
773;Habilitado;SI;SI;NO;NO;Sin especificar;Cheque rechazado;'cheqrech;'';'';0,000;0,000;0,000;unidad;0%;Sin especificar;Pesos;0,00;0,00;0,00;0,00;NO;NO;NO;0;0;
774;Habilitado;SI;SI;NO;NO;Sin especificar;Comision cheque rechazado;'COMCHE;'';'';0,000;0,000;0,000;unidad;21%;Sin especificar;Pesos;0,00;0,00;0,00;0,00;NO;NO;NO;0;0;
775;Habilitado;SI;SI;NO;NO;Accesorios;Espatula combinada Oracal;'ESPCOMB;'';'';2,000;30,000;10,000;unidad;21%;Insugraf;Pesos;8223,76;30,00;10690,89;12935,98;SI;SI;NO;0;0;
776;Habilitado;SI;SI;NO;NO;Car Wrapping;MITOCAL SIMIL VIDRIO BUB. FREE 152CM CANALES DE AIRE MITOPLAS;' MITOW-2300;'';''MITOW-2300;0,000;90,000;30,000;metro;21%;Pro SRL;Pesos;20330,00;30,00;26429,00;31979,09;SI;SI;NO;0;0;
779;Habilitado;SI;NO;NO;NO;Car Wrapping;970-946G NACRE X 152CM GLOSS SIN CANALES;'970946G;'';'';0,000;0,000;0,000;unidad;21%;Insugraf;Pesos;71231,97;25,00;89039,96;107738,35;SI;SI;NO;0;0;
780;Habilitado;SI;SI;NO;NO;Sublimacion;TAZA PLASTICA PARA SUBLIMAR BLANCA ;'T00010;'';'';26,000;0,000;0,000;unidad;21%;Sin especificar;Pesos;392,99;486,87;2306,34;2790,67;SI;SI;NO;0;0;
783;Habilitado;SI;SI;NO;NO;01 Vinilo Impresion Lg2710/2700 G y M;LG 2710M BASE GRIS 127CM X 50MTS;'2710M127;'';'';0,000;2,000;1,000;unidad;21%;Grafisur;Pesos;348446,50;23,00;428589,20;518592,93;SI;SI;NO;0;0;
784;Habilitado;SI;SI;NO;NO;01 Vinilo Impresion Lg2710/2700 G y M;LG 2710M BASE GRIS 152CM X 50MTS;'2710M152;'';'';0,000;3,000;1,000;unidad;21%;Grafisur;Pesos;417038,32;23,00;512957,13;620678,13;SI;SI;NO;0;0;
785;Habilitado;SI;SI;NO;NO;Sublimacion;PAPEL PARA SUBLIMACION TRICAPA A4 X 100 ART JET;'PAPSUBTRA4;'';'';1,000;0,000;0,000;unidad;21%;G-commerce;Pesos;4648,86;30,00;6043,52;7312,66;SI;SI;NO;0;0;
786;Habilitado;SI;SI;NO;NO;Accesorios;ESPATULA PLASTICA ORACAL;'PLASORA;'';'';3,000;20,000;10,000;unidad;21%;Insugraf;Pesos;4111,90;30,00;5345,47;6468,02;SI;SI;NO;0;0;
787;Habilitado;SI;SI;NO;NO;01 Vinilos de Impresión;Vinilo Impresion Avery Dol Mate 1.27 x 50mts;'AVERYDOL127;'';'';0,000;0,000;0,000;unidad;21%;Sin especificar;Pesos;48138,55;30,00;62580,12;75721,95;SI;SI;NO;0;0;
788;Habilitado;SI;SI;NO;NO;Car Wrapping;CROMADO FLEXIBLE MITOCAL BUB. FREE AZUL 152CM;'CRMITOAZ;'';'';4,000;0,000;0,000;unidad;21%;Pro SRL;Pesos;19776,81;32,00;26105,39;31587,52;SI;SI;NO;0;0;
789;Deshabilitado;NO;NO;NO;NO;Posicionador;ORATAPE PAPEL MT52-30CM X 50MTS;'ORAT3050;'';'';0,000;0,000;0,000;unidad;21%;Insugraf;Pesos;27843,40;42,80;39760,38;48110,06;SI;SI;NO;0;0;
790;Deshabilitado;NO;NO;NO;NO;Sublimacion;CINTA TERMICA AUTOADHESIVA ANCHA X 30MTS;'CINTATERM;'';'';0,000;0,000;0,000;unidad;21%;Iparraguirre;Pesos;1308,66;35,00;1766,69;2137,69;SI;SI;NO;0;0;
795;Habilitado;SI;SI;NO;NO;Accesorios;CARTA DE COLOR ORACAL 651 GLOSS;'carta651;'';'';1,000;0,000;0,000;unidad;21%;Insugraf;Pesos;11662,80;30,00;15161,64;18345,58;SI;SI;NO;0;0;
796;Habilitado;SI;SI;NO;NO;Oracal 8300;8300-56 TRANSPARENT - 63CM;'830056-63;'';'';-5,000;10,000;3,000;metro;21%;Helioday;Pesos;8947,47;30,00;11631,71;14074,37;SI;SI;NO;0;0;
797;Habilitado;SI;SI;NO;NO;03 Papeles de Impresion;VINILO SIMIL MADERA MARRON CLARO 122CM DE ANCHO;'MADCLA122;'';'';-100,370;20,000;10,000;metro;21%;Pro SRL;Pesos;7692,74;35,20;10400,58;12584,70;SI;SI;NO;0;0;
798;Habilitado;SI;SI;NO;NO;03 Papeles de Impresion;VINILO SIMIL MADERA MARRON CLARO 61CM DE ANCHO;'MADCLA61;'';'';-4,000;0,000;0,000;metro;21%;Pro SRL;Pesos;3846,38;35,20;5200,31;6292,38;SI;SI;NO;0;0;
799;Habilitado;SI;SI;NO;NO;03 Papeles de Impresion;VINILO SIMIL MADERA MARRON OSCURO 122CM DE ANCHO;'MADOSC122;'';'';0,700;25,000;10,000;metro;21%;Pro SRL;Pesos;7692,74;35,20;10400,58;12584,70;SI;SI;NO;0;0;
800;Habilitado;SI;SI;NO;NO;03 Papeles de Impresion;VINILO SIMIL MADERA MARRON OSCURO 61CM DE ANCHO;'MADOSC61;'';'';2,000;20,000;5,000;metro;21%;Pro SRL;Pesos;3846,38;35,20;5200,31;6292,38;SI;SI;NO;0;0;
801;Habilitado;SI;SI;NO;NO;03 Papeles de Impresion;VINILO SIMIL MADERA GRIS/BLANCO 122CM DE ANCHO;'MADGRI122;'';'';-2,900;50,000;20,000;metro;21%;Pro SRL;Pesos;7692,74;35,20;10400,58;12584,70;SI;SI;NO;0;0;
802;Habilitado;SI;SI;NO;NO;03 Papeles de Impresion;VINILO SIMIL MADERA GRIS/BLANCO 61CM DE ANCHO;'MADGRI61;'';'';0,000;0,000;0,000;metro;21%;Pro SRL;Pesos;3846,38;35,20;5200,31;6292,38;SI;SI;NO;0;0;
807;Habilitado;SI;SI;NO;NO;01 Vinilo Impresion Lg1712;VINILO DE IMPRESION TRANSPARENTE LG 1712 BRILLANTE 1.06 X 50MTS;'1712-106;'';'';0,000;0,000;0,000;unidad;21%;Grafisur;Pesos;137105,27;30,00;178236,85;215666,59;SI;SI;NO;0;0;
808;Habilitado;SI;SI;NO;NO;01 Vinilo Impresion Lg1712;VINILO DE IMPRESION TRANSPARENTE LG 1712 BRILLANTE 1.37 X 50MTS;'1712-137;'';'';0,000;0,000;0,000;unidad;21%;Grafisur;Pesos;176128,14;0,00;176128,14;213115,05;SI;SI;NO;0;0;
810;Habilitado;SI;SI;NO;NO;Accesorios;Accesorios para graficas;'00810;'';'';0,000;0,000;0,000;unidad;21%;Sin especificar;Pesos;0,00;15,00;1,37;1,66;SI;SI;NO;0;0;
811;Habilitado;NO;NO;NO;NO;01 Vinilos de Impresión;PROMO Arlon DPF510 GT Impresion Brillante Base gris 1.52x50mts;'ARL152;'';'';0,000;0,000;0,000;unidad;21%;Grafisur;Pesos;391387,16;25,00;489233,95;591973,08;SI;SI;NO;0;0;;;<p>tiene un 10% de descuento hecho ya que comprando 10 rollos (siempre combinan con Lg para adquirir el desc)&nbsp <br></p>;
817;Habilitado;SI;SI;NO;NO;Oracal 8300;8300-54 TRANSPARENT TURQUOISE  126CM;'830054;'';''830054;0,000;0,000;0,000;metro;21%;Insugraf;Pesos;18885,51;30,00;24551,16;29706,90;SI;SI;NO;0;0;
819;Deshabilitado;NO;NO;NO;NO;Accesorios;Cinta reflectiva Oracal V104 5cm;'00819;'';'';14,500;0,000;0,000;metro;21%;Insugraf;Pesos;7756,36;32,60;10284,93;12444,77;SI;SI;NO;0;0;
823;Habilitado;SI;SI;NO;NO;Accesorios;Carta Oracal 751;'00823;'';'';0,000;0,000;0,000;unidad;21%;Sin especificar;Pesos;10582,33;30,00;13757,03;16646,01;SI;SI;NO;0;0;
824;Habilitado;SI;SI;NO;NO;Sin especificar;Carta 970RA;'00824;'';'';0,000;0,000;0,000;unidad;21%;Sin especificar;Pesos;10582,33;30,00;13757,03;16646,01;SI;SI;NO;0;0;
825;Habilitado;SI;SI;NO;NO;01 Vinilo de Impresion Vehicular Oracal 3651RA;3651 ORAJET BLANCO BRILLANTE RAPID AIR X 137CM Fraccionado;'3651RA137F;'';''3651RA137;0,000;0,000;0,000;unidad;21%;Insugraf;Pesos;16225,49;60,00;25960,78;31412,54;SI;SI;NO;0;0;
826;Habilitado;SI;SI;NO;NO;Sin especificar;Fiambres y quesos;'00826;'';'';54,000;0,000;0,000;unidad;21%;Sin especificar;Pesos;5,64;0,00;5,64;6,82;SI;SI;NO;0;0;
827;Habilitado;SI;SI;NO;NO;03 Papeles de Impresion;Papel fotografico de impresion matte 190mic NAR 1.07x50mts ;'FOT107;'';'';0,000;1,000;1,000;metro;21%;Grafisur;Pesos;151672,50;30,00;197174,25;238580,84;SI;SI;NO;0;0;
828;Habilitado;SI;SI;NO;NO;Car Wrapping;970-937M CHARCOAL METALLIC X 152CM MATTE SIN CANALES;'970M937;'';'';0,000;0,000;0,000;metro;21%;Insugraf;Pesos;74397,85;27,50;94857,26;114777,28;SI;SI;NO;0;0;
832;Habilitado;SI;SI;NO;NO;Car Wrapping;970-961GRA X 152CM GLOSS CON CANALES ;'970961GRA;'';'';0,000;0,000;0,000;metro;21%;Insugraf;Pesos;79146,63;27,50;100911,95;122103,46;SI;SI;NO;0;0;
833;Habilitado;SI;SI;NO;NO;Car Wrapping;970-285M NATO OLIVE X 152CM GLOSS SIN CANALES;'970285M;'';'';0,000;0,000;0,000;metro;21%;Insugraf;Pesos;74397,85;27,50;94857,26;114777,28;SI;SI;NO;0;0;
858;Habilitado;SI;SI;NO;NO;Car Wrapping;970-90G X 152CM SILVER GLOSS SIN CANALES;'97090G;'';'';-25,000;0,000;0,000;metro;21%;Insugraf;Pesos;51638,65;30,00;67130,25;81227,60;SI;SI;NO;0;0;
860;Habilitado;SI;SI;NO;NO;Front Nar 13oz;Lona Front Nar 1.00 x 50mts OFERTA 20% DESC.;'NAR100;'';'';0,000;0,000;0,000;unidad;21%;Grafisur;Pesos;115016,54;10,00;126518,19;153087,01;SI;SI;NO;0;0;
864;Habilitado;SI;SI;NO;NO;Car Wrapping;970-070M NEGRO MATTE X 152CM SIN CANALES;'970070MSIN;'';'';0,000;0,000;0,000;unidad;21%;Insugraf;Pesos;62599,11;25,00;78248,89;94681,16;SI;SI;NO;0;0;
866;Habilitado;SI;SI;NO;NO;Accesorios;Espatula Felpa Oracal;'00866;'';'';-1,000;0,000;0,000;unidad;21%;Insugraf;Pesos;14653,26;30,00;19049,24;23049,58;SI;SI;NO;0;0;
867;Habilitado;SI;SI;NO;NO;01 Vinilo Impresion Lg1712;VINILO DE IMPRESION TRANSPARENTE LG 1712 BRILLANTE 1.52 X 50MTS;'1712-152;'';'';0,000;0,000;0,000;unidad;21%;Grafisur;Pesos;196603,78;25,00;245754,73;297363,22;SI;SI;NO;0;0;
868;Habilitado;SI;SI;NO;NO;Esmerilado;Esmerilado DPI 1.22 de ancho x 50mts;'ESMDPI122;'';'ESMDPI122;-990,100;150,000;50,000;metro;21%;Grafisur;Pesos;4808,58;39,05;6686,33;8090,46;SI;SI;NO;0;0;
869;Habilitado;SI;SI;NO;NO;Esmerilado;Esmerilado DPI 0.61 de ancho x 50mts;'ESMDPI61;'';'ESMDPI61;-1283,400;100,000;50,000;metro;21%;Grafisur;Pesos;2404,29;39,05;3343,17;4045,24;SI;SI;NO;0;0;
873;Habilitado;SI;SI;NO;NO;01 Vinilo de Impresion Vehicular Oracal 3651;3651 ORAJET BLANCO GLOSS X 137CM Fraccionado;'365110137 F;'';''365110137;0,000;0,000;0,000;unidad;21%;Helioday;Pesos;14309,42;60,00;22895,07;27703,03;SI;SI;NO;0;0;
874;Habilitado;SI;SI;NO;NO;07 Laminados;LACA CLEARSHIELD (USA) BRILLANTE X 3.76LTS. 1 GALON;'CLS1014lts;'';''CLS101;-15,000;2,000;1,000;unidad;21%;Pro SRL;Pesos;171999,58;31,25;225749,45;273156,83;SI;SI;NO;0;0;
875;Habilitado;SI;SI;NO;NO;Car Wrapping;970RA-704G X 152CM GLOSS CON CANALES PROMOCION;'970704RA;'';'';0,000;0,000;0,000;metro;21%;Insugraf;Pesos;41656,14;12,20;46738,19;56553,21;SI;SI;NO;0;0;
877;Habilitado;SI;SI;NO;NO;Unical Transparente Brillante o Matte 80mic;IMPRESION UNICAL TRANSPARENTE BRILLANTE 127CM X 50MTS 80MIC;'VUTG127;'';''VUTG127;0,000;0,000;0,000;unidad;21%;DIGRAFICA SRL;Pesos;127398,91;29,15;164535,69;199088,18;SI;SI;NO;0;0;;;<p>actualización precios costo y venta 9/06/21. Costo usd 1.505 + Iva. PV Usd 1.90 + Iva m2<br></p>;
878;Habilitado;SI;SI;NO;NO;Unical base blanca Matte 80mic;IMPRESION UNICAL BASE BLANCA MATTE 107CM X 50MTS 80MIC ;'VUM107;'';''VUM107;0,000;0,000;0,000;unidad;21%;DIGRAFICA SRL;Pesos;84887,17;23,00;104411,22;126337,58;SI;SI;NO;0;0;;;<p>actualización precios costo y venta 9/06/21. Costo usd 1.46 + Iva. PV Usd 1.90 + Iva m2<br></p>;
880;Habilitado;SI;SI;NO;NO;Accesorios;CIANOACRILATO 4414 100ml;'CIANO4414;'';''C4414;138,000;60,000;12,000;unidad;21%;Sin especificar;Pesos;7954,12;35,00;10738,06;12993,05;SI;NO;NO;0;0;
883;Habilitado;SI;SI;NO;NO;Lonas;BACKLITE UNICAL 220CM X 50MTS OFERTA;'BACKUNI220;'';''BACKUNI220;1,000;0,000;0,000;unidad;21%;DIGRAFICA SRL;Pesos;333158,42;0,00;333158,42;403121,69;SI;SI;NO;0;0;;;<p>actualización 9/6/21 use 1.53 + Iva m2 costo<br></p>;
888;Habilitado;SI;SI;NO;NO;Posicionador;POSICIONADOR UNICAL COMUN  30CM x 40MTS ;'DP52-30C ;'';''DP52-30C;-52,000;0,000;0,000;unidad;21%;DIGRAFICA SRL;Pesos;13459,50;30,00;17497,35;21171,79;SI;SI;NO;0;0;
894;Habilitado;SI;SI;NO;NO;MATTE;ORACAL 651-81M MATTE LIGHT BROWN - 63CM;'65181M-63;'';''6518M1-63;-32,000;0,000;0,000;metro;21%;Helioday;Pesos;6669,61;30,00;8670,49;10491,29;SI;SI;NO;0;0;
895;Habilitado;SI;SI;NO;NO;MATTE;ORACAL 651-81M MATTE LIGHT BROWN -126CM;'65181M;''Copia de ;''65181M;-138,000;20,000;10,000;metro;21%;Helioday;Pesos;13339,04;30,00;17340,75;20982,31;SI;SI;NO;0;0;
896;Habilitado;SI;SI;NO;NO;MATTE;ORACAL 651-68M MATTE GRASS GREEN -126CM;'65168M;'';''65168M;15,600;25,000;15,000;metro;21%;Helioday;Pesos;13339,04;30,00;17340,75;20982,31;SI;SI;NO;0;0;
901;Habilitado;SI;SI;NO;NO;Accesorios;CARTA DE COLOR ORACAL 651 MATTE;'carta651M;'';'';0,000;0,000;0,000;unidad;21%;Insugraf;Pesos;11662,80;30,00;15161,64;18345,58;SI;SI;NO;0;0;
902;Habilitado;SI;SI;NO;NO;Accesorios;CARTA DE COLOR UNICAL;'CARTAUNICAL;'';'';0,000;0,000;0,000;unidad;21%;Insugraf;Pesos;2529,01;42,80;3611,43;4369,83;SI;SI;NO;0;0;
904;Habilitado;SI;SI;NO;NO;Accesorios;CARTA DE COLOR REFLECTIVO ORACAL 5200 ;'CARTA5200;'';'';2,000;0,000;0,000;unidad;21%;Insugraf;Pesos;11662,80;30,00;15161,64;18345,58;SI;SI;NO;0;0;
905;Habilitado;SI;SI;NO;NO;Accesorios;CARTA DE COLOR ORACAL 641;'CARTA641;'';'';0,000;0,000;0,000;unidad;21%;Insugraf;Pesos;11662,80;30,00;15161,64;18345,58;SI;SI;NO;0;0;
906;Habilitado;SI;SI;NO;NO;Accesorios;SCRAPPER;'SCRAPPER;'';'';2,000;0,000;0,000;unidad;21%;Sin especificar;Pesos;0,00;0,00;3800,00;4598,00;SI;NO;NO;0;0;
907;Habilitado;SI;SI;NO;NO;Car Wrapping;970RA-196G X 152CM GLOSS SIN CANALES;'970196;'';'';-2,200;0,000;0,000;metro;21%;Insugraf;Pesos;64721,00;25,00;80901,25;97890,51;SI;SI;NO;0;0;
908;Habilitado;SI;SI;NO;NO;Sin especificar;Retazos Oracal 651;'retazos651;'';'';-37,700;0,000;0,000;unidad;21%;Sin especificar;Pesos;15,88;9999,99;1603,88;1940,69;SI;SI;NO;0;0;
909;Habilitado;SI;SI;NO;NO;Sin especificar;Retazos 641 63cm;'Retazos64163cm;'';'';-0,700;0,000;0,000;unidad;21%;Sin especificar;Pesos;0,00;0,00;294,27;356,07;SI;SI;NO;0;0;
910;Habilitado;SI;SI;NO;NO;Sin especificar;Retazos Unical 61cm;'Retazosunical61;'';'';-8,000;0,000;0,000;unidad;21%;Sin especificar;Pesos;0,00;0,00;181,80;219,98;SI;SI;NO;0;0;
912;Habilitado;SI;SI;NO;NO;Transparente brillante;Vinilo Orajet 3164 TRANSPARENTE brillante 0.30 de ancho FRACCIONADO;'31640030F;'';'';100,000;0,000;0,000;metro;21%;Helioday;Pesos;1526,50;10,00;1679,15;2031,77;SI;SI;NO;0;0;
914;Habilitado;SI;SI;NO;NO;Oracal 8300;8300-54 TRANSPARENT TURQUOISE  63CM;'83005463;'';''83005463;0,000;5,000;5,000;metro;21%;Insugraf;Pesos;9442,75;30,00;12275,58;14853,45;SI;SI;NO;0;0;
917;Habilitado;SI;SI;NO;NO;Unical Base Gris Matte 100mic;IMPRESION UNICAL BASE GRIS MATTE 100MIC 152CM X 50MTS ;'VUBGM152;'';''VUBM152;-14,000;2,000;1,000;unidad;21%;DIGRAFICA SRL;Pesos;166331,09;23,00;204587,24;247550,56;SI;SI;NO;0;0;;;<p>Actualizado dia 9/06/2021 precio costo USD 1.534 + Iva/ precio venta Usd 1.99 + Iva m2<br></p>;
919;Habilitado;SI;SI;NO;NO;01 Vinilo Impresion Lg1740/1750;BASE BLANCA LG 1740M BASE BLANCA 127cm x 50mts;'1740127;'';'';0,000;4,000;2,000;unidad;21%;Grafisur;Pesos;151126,23;25,00;188907,79;228578,43;SI;SI;NO;0;0;
921;Habilitado;SI;SI;NO;NO;01 Vinilo Impresion Lg1700;LG 1700 BASE BLANCA 1.27 X 50MTS;'1700-127;'';'';0,000;2,000;1,000;unidad;21%;Grafisur;Pesos;130976,07;25,00;163720,09;198101,31;SI;SI;NO;0;0;
922;Habilitado;SI;SI;NO;NO;01 Vinilo Impresion Lg1700;LG 1700 BASE BLANCA 1.37 X 50MTS;'1700-137;'';'';0,000;2,000;1,000;unidad;21%;Grafisur;Pesos;141289,13;25,00;176611,41;213699,81;SI;SI;NO;0;0;
923;Habilitado;SI;SI;NO;NO;01 Vinilo Impresion Lg1700;LG 1700 BASE BLANCA 1.52 X 50MTS;'1700-152;'';'';0,000;2,000;1,000;unidad;21%;Grafisur;Pesos;156758,76;23,00;192813,27;233304,06;SI;SI;NO;0;0;
924;Habilitado;SI;SI;NO;NO;01 Vinilo Impresion Lg1740/1750;LG 1750 BASE GRIS 1.06 X 50MTS;'1750-106;'';'';0,000;2,000;1,000;unidad;21%;Grafisur;Pesos;126136,85;25,00;157671,06;190781,98;SI;SI;NO;0;0;
926;Habilitado;SI;SI;NO;NO;01 Vinilo Impresion Lg1740/1750;LG 1750 BASE GRIS 1.37 X 50MTS;'1750-137;'';'';0,000;2,000;1,000;unidad;21%;Grafisur;Pesos;163025,93;25,00;203782,41;246576,72;SI;SI;NO;0;0;
927;Habilitado;SI;SI;NO;NO;01 Vinilo Impresion Lg1740/1750;LG 1750 BASE GRIS 1.52 X 50MTS;'1750-152;'';'';0,000;2,000;1,000;unidad;21%;Grafisur;Pesos;180875,48;25,00;226094,35;273574,16;SI;SI;NO;0;0;
929;Deshabilitado;NO;NO;NO;NO;Front Nar 13oz;Front Nar 1.10 x 50mts ;'NAR110 ;'';'';0,000;5,000;3,000;unidad;21%;Grafisur;Pesos;131708,60;25,00;164635,75;199209,26;SI;SI;NO;0;0;
930;Deshabilitado;NO;NO;NO;NO;Front Nar 13oz;Front Nar 1.60 x 50mts ;'NAR160;'';'';0,000;5,000;3,000;unidad;21%;Grafisur;Pesos;191576,14;25,00;239470,18;289758,92;SI;SI;NO;0;0;
934;Habilitado;SI;SI;NO;NO;Oraguard 215;ORAGUARD 215 MATE X 137CM X 50MTS.;'OG215M137 ;'';''OG215137;0,000;0,000;0,000;unidad;21%;Helioday;Pesos;598796,29;24,10;743106,20;899158,50;SI;SI;NO;0;0;
935;Habilitado;SI;SI;NO;NO;Lonas;BLOCKOUT UNICAL 320CM X 50MTS;'BOUNI320;'';''BOUNI320;1,000;0,000;0,000;unidad;21%;DIGRAFICA SRL;Pesos;360855,67;10,00;396941,24;480298,90;SI;SI;NO;0;0;;;<p>actualización 9/6/21 use 1.53 + Iva m2 costo<br></p>;
936;Habilitado;SI;SI;NO;NO;01 Vinilo Impresion Lg1700;LG 1700 BASE BLANCA 1.06 X 50MTS;'1700-106;'';'';0,000;0,000;0,000;unidad;21%;Grafisur;Pesos;109318,60;25,00;136648,25;165344,38;SI;SI;NO;0;0;
937;Deshabilitado;NO;NO;NO;NO;Front Nar 13oz;Front Nar 1.20 x 50mts ;'NAR120 ;'';'';0,000;0,000;0,000;unidad;21%;Grafisur;Pesos;143682,10;25,00;179602,63;217319,18;SI;SI;NO;0;0;
938;Habilitado;SI;SI;NO;NO;Front Nar 13oz;Lona Front Nar 1.37 x 50mts ;'NAR137  ;'';'';0,000;0,000;0,000;unidad;21%;Grafisur;Pesos;157572,63;10,00;173329,89;209729,17;SI;SI;NO;0;0;
939;Habilitado;SI;SI;NO;NO;Unical Base Gris Matte 100mic;IMPRESION UNICAL BASE GRIS MATTE 100MIC 127CM X 50MTS ;'VUBGM127;'';''VUBGM127;-4,000;0,000;0,000;unidad;21%;DIGRAFICA SRL;Pesos;138972,91;23,00;170936,68;206833,38;SI;SI;NO;0;0;;;<p>Actualizado dia 9/06/2021 precio costo USD 1.534 + Iva/ precio venta Usd 1.99 + Iva m2<br></p>;
940;Habilitado;SI;SI;NO;NO;Unical Base Gris Matte 100mic;IMPRESION UNICAL BASE GRIS MATTE 100MIC 107CM X 50MTS ;'VUBGM107;'';''VUBGM107;-1,000;0,000;0,000;unidad;21%;DIGRAFICA SRL;Pesos;117086,36;23,00;144016,22;174259,63;SI;SI;NO;0;0;;;<p>Actualizado dia 9/06/2021 precio costo USD 1.534 + Iva/ precio venta Usd 1.99 + Iva m2</p>;
942;Habilitado;SI;SI;NO;NO;Unical Base Gris Matte 100mic;IMPRESION UNICAL BASE GRIS MATTE 100MIC 137CM X 50MTS ;'VUBGM137;'';''VUBGM137;-2,000;1,000;1,000;unidad;21%;DIGRAFICA SRL;Pesos;149916,17;23,00;184396,89;223120,24;SI;SI;NO;0;0;;;<p>Actualizado dia 9/06/2021 precio costo USD 1.534 + Iva/ precio venta Usd 1.99 + Iva m2<br></p>;
948;Deshabilitado;NO;NO;NO;NO;Front Nar 13oz;Front Nar 3.20 x 50mts ;'NAR320;'';'';0,000;0,000;0,000;unidad;21%;Grafisur;Pesos;383152,31;25,00;478940,39;579517,87;SI;SI;NO;0;0;
949;Habilitado;SI;SI;NO;NO;Lonas;LONA MESH NAR 160CM.C/LINER;'G50160;'';''G50160;0,000;0,000;0,000;unidad;21%;Grafisur;Pesos;254180,64;32,00;335518,44;405977,31;SI;SI;NO;0;0;;;<p>actualización 9/6/21 use 2.15 + Iva m2 costo<br></p>;
950;Deshabilitado;NO;NO;NO;NO;Front Nar 13oz;Front Nar 2.50 x 50mts ;'NAR250;'';'';0,000;0,000;0,000;unidad;21%;Grafisur;Pesos;299337,68;25,00;374172,10;452748,24;SI;SI;NO;0;0;
955;Deshabilitado;NO;NO;NO;NO;Front Nar 13oz;Front Nar 2.20 x 50mts ;'NAR220;'';'';0,000;0,000;0,000;unidad;21%;Grafisur;Pesos;263417,21;25,00;329271,51;398418,53;SI;SI;NO;0;0;
956;Habilitado;SI;SI;NO;NO;03 Papeles de Impresion;Papel fotografico de impresion PAPER 220grs. brillante. apto impresion eco solvente. solvente. latex y uv1.27x 50mts;'FOT127HF;'';'';0,000;0,000;0,000;unidad;21%;Insugraf;Pesos;365135,01;25,00;456418,76;552266,70;SI;SI;NO;0;0;
957;Habilitado;SI;SI;NO;NO;01 Vinilo de Impresion Oracal 3640/3641 80mic;3640 ORAJET IMPRESION MATTE BASE BLANCA 137CM 50MTS;'364010M137 ;'';''364010137M;0,000;0,000;0,000;unidad;21%;Helioday;Pesos;309859,74;29,15;400183,85;484222,46;SI;SI;NO;0;0;
960;Habilitado;SI;SI;NO;NO;Sin especificar;Servicio Impresion Vinilo ;'Serv;'';'';-215,000;0,000;0,000;unidad;21%;Sin especificar;Pesos;0,00;1390,00;0,00;0,00;SI;SI;NO;0;0;
961;Habilitado;SI;SI;NO;NO;Sin especificar;Servicio de colocacion grafica;'Serv1;''Copia de ;'';-217,000;0,000;0,000;unidad;21%;Sin especificar;Pesos;0,00;950,00;0,00;0,00;SI;SI;NO;0;0;
962;Habilitado;SI;SI;NO;NO;Vinilos termotransferibles;TERMOTRANSFERIBLE IMPRESION 0.50mts de ancho;'termoimp;'';'';-36,500;0,000;0,000;metro;21%;Grafisur;Pesos;8988,00;30,23;11705,07;14163,13;SI;SI;NO;0;0;
963;Habilitado;SI;SI;NO;NO;Front Nar 13oz;Front Matte Nar 1.00 x 50mts ;'NAR100M;'';'';0,000;0,000;0,000;unidad;21%;Grafisur;Pesos;175595,09;23,00;215981,96;261338,17;SI;SI;NO;0;0;
964;Habilitado;SI;SI;NO;NO;Front Nar 13oz;Front Matte Nar 1.60 x 50mts ;'NAR160M ;'';'';0,000;0,000;0,000;unidad;21%;Grafisur;Pesos;280952,14;25,00;351190,18;424940,12;SI;SI;NO;0;0;
965;Habilitado;SI;SI;NO;NO;Iman;IMAN 0.35 SIN  PVC (VIRGEN);'IM035;'';''IM035;-136,000;0,000;0,000;metro;21%;Pro SRL;Pesos;4427,63;30,00;5755,92;6964,66;SI;SI;NO;0;0;<p>el rollo de iman es de 0.35 de espesor x 61cm de ancho x 50cm de largo</p>;
971;Habilitado;SI;SI;NO;NO;Esmerilado;Esmerilado DPI 1.52 de ancho x 50mts;'esmdpi152;'';'';-379,160;0,000;0,000;metro;21%;Grafisur;Pesos;5991,02;39,05;8330,51;10079,92;SI;SI;NO;0;0;
973;Habilitado;SI;SI;NO;NO;04 Vinilo de corte e impresion Oracal 5200;ORALITE 5500-30 ROJO 61CM  ;'550030-61 ;'';''550030-61;2,000;0,000;0,000;metro;21%;Helioday;Pesos;17723,14;31,25;23261,62;28146,56;SI;SI;NO;0;0;
976;Deshabilitado;NO;NO;NO;NO;Front Nar 13oz;Front Matte Nar 1.20 x 50mts ;'NAR120M ;'';'';0,000;0,000;0,000;unidad;21%;Grafisur;Pesos;143682,10;35,00;193970,84;234704,72;SI;SI;NO;0;0;
977;Habilitado;SI;SI;NO;NO;04 Vinilo de corte e impresion Oracal 5200;ORALITE 5500-10 BLANCO 61CM  ;'550010-61;'';''550010-61;-16,500;0,000;0,000;metro;21%;Helioday;Pesos;17723,15;31,25;23261,63;28146,57;SI;SI;NO;0;0;
978;Deshabilitado;NO;NO;NO;NO;Front Nar 13oz;Front Nar 1.80 x 50mts ;'NAR180  ;'';'';0,000;0,000;0,000;unidad;21%;Grafisur;Pesos;215523,19;25,00;269403,99;325978,83;SI;SI;NO;0;0;
981;Habilitado;SI;SI;NO;NO;01 Vinilo de Impresion Oracal 3640/3641 80mic;3640 ORAJET TRANSPARENTE BRILLANTE 126CM 50MTS;'364000126 ;'';''364000126;0,000;0,000;0,000;unidad;21%;Helioday;Pesos;284980,46;29,15;368052,26;445343,23;SI;SI;NO;0;0;
982;Habilitado;SI;SI;NO;NO;Poli Tape;POSICIONADOR TRANSP. POLI-TAPE 30 X 45.70MTS;'PPT30T45;'';''PPT30T45;0,000;0,000;0,000;unidad;21%;Insugraf;Pesos;55544,92;25,00;69431,15;84011,69;SI;SI;NO;0;0;
983;Habilitado;SI;SI;NO;NO;Poli Tape;POSICIONADOR TRANSP. POLI-TAPE 1.22 X 45.70MTS;'PPT122T45;'';''PPT122T45;0,000;0,000;0,000;unidad;21%;Insugraf;Pesos;222179,62;25,00;277724,53;336046,68;SI;SI;NO;0;0;
984;Habilitado;SI;SI;NO;NO;Poli Tape;POSICIONADOR TRANSP. POLI-TAPE  0.61 X 45.70MTS;'PPT061T45;'';''PPT061T45;-1,000;0,000;0,000;unidad;21%;Insugraf;Pesos;111089,82;25,00;138862,28;168023,36;SI;SI;NO;0;0;
988;Habilitado;SI;SI;NO;NO;02 Reflectivos de Impresión;HC320 REFLECTIVO INGENIERIA IMPRIMIBLE BLANCO 122CM S/LAM.;'HC320122;'';''HC320122;0,000;0,000;0,000;metro;21%;Grafisur;Pesos;10161,77;30,00;13210,30;15984,46;SI;SI;NO;0;0;
989;Habilitado;SI;SI;NO;NO;Unical base blanca Matte 80mic;IMPRESION UNICAL BASE BLANCA MATTE 127CM X 50MTS 80MIC ;'VUM120;'';''VUM120;0,000;0,000;0,000;unidad;21%;DIGRAFICA SRL;Pesos;100756,62;23,00;123930,64;149956,07;SI;SI;NO;0;0;;;<p>actualización precios costo y venta 9/06/21. Costo usd 1.46 + Iva. PV Usd 1.90 + Iva m2<br></p>;
990;Habilitado;SI;SI;NO;NO;Sin especificar;Diferencia de precios;'sdif;'';''sdif;-2,000;0,000;0,000;unidad;21%;Insugraf;Pesos;4,92;1,93;5,01;6,06;SI;SI;NO;0;0;
992;Habilitado;SI;SI;NO;NO;04 Vinilo de corte Oracal 651 Metalizados;ORACAL 651-91M GOLD  MATTE - 63CM;'65191M-63 ;'';''65191M-63;-26,600;15,000;5,000;metro;21%;Helioday;Pesos;7581,21;30,00;9855,57;11925,24;SI;SI;NO;0;0;
993;Habilitado;SI;SI;NO;NO;04 Vinilo de corte Oracal 651 Metalizados;ORACAL 651-91M GOLD MATTE -126CM;'65191M ;'';''65191M;-6,500;25,000;15,000;metro;21%;Helioday;Pesos;15162,12;30,00;19710,76;23850,02;SI;SI;NO;0;0;
995;Habilitado;SI;SI;NO;NO;Oracal 8300;8300-31 TRANSPARENT RED - 63CM;'830031-63 ;'';''830031-63;-69,280;10,000;5,000;metro;21%;Helioday;Pesos;9442,75;30,00;12275,58;14853,45;SI;SI;NO;0;0;
996;Habilitado;SI;SI;NO;NO;Sin especificar;Envio CABA;'Envcaba;'';'';-97923,960;0,000;0,000;unidad;21%;Sin especificar;Pesos;2,31;0,00;2,31;2,80;SI;SI;NO;0;0;
999;Habilitado;SI;SI;NO;NO;Car Wrapping;970-704G X 152CM GLOSS SIN CANALES ;'970704G;'';'';0,000;0,000;0,000;metro;21%;Insugraf;Pesos;61497,29;28,00;78716,53;95247,00;SI;SI;NO;0;0;
1000;Habilitado;SI;SI;NO;NO;Car Wrapping;970-00G CLEAR X 152CM GLOSS SIN CANALES;'97000G ;'';'';0,000;0,000;0,000;metro;21%;Insugraf;Pesos;44707,37;25,00;55884,21;67619,89;SI;SI;NO;0;0;
1001;Habilitado;SI;SI;NO;NO;Car Wrapping;970-70G BLACK X 152CM GLOSS SIN CANALES;'97070G  ;'';'';0,000;0,000;0,000;metro;21%;Insugraf;Pesos;64500,62;25,00;80625,78;97557,19;SI;SI;NO;0;0;
1002;Habilitado;SI;SI;NO;NO;Car Wrapping;970-76G X 152CM GLOSS SIN CANALES;'97076G  ;'';'';0,000;0,000;0,000;metro;21%;Insugraf;Pesos;68066,10;27,50;86784,28;105008,98;SI;SI;NO;0;0;
1003;Habilitado;SI;SI;NO;NO;Car Wrapping;970-959G TANGERINE NARANJA X 152CM GLOSS SIN CANALES;'970959G  ;'';'';0,000;0,000;0,000;metro;21%;Insugraf;Pesos;61497,29;25,00;76871,61;93014,65;SI;SI;NO;0;0;
1004;Habilitado;SI;SI;NO;NO;Car Wrapping;970-989G X 152CM GLOSS SIN CANALES;'970989G   ;'';'';0,000;0,000;0,000;metro;21%;Insugraf;Pesos;44821,99;25,00;56027,49;67793,26;SI;SI;NO;0;0;
1009;Habilitado;NO;SI;NO;NO;Posicionador;POSICIONADOR UNICAL PREMIUM 143CM x 40MTS ;'DP52-143 ;'';''DP52-143;160,000;0,000;0,000;unidad;21%;DIGRAFICA SRL;Pesos;87935,36;30,00;114315,97;138322,32;SI;SI;NO;0;0;
1014;Deshabilitado;NO;NO;NO;NO;07 Laminados;Esmerilado ORACAL 63cm de ancho;'ESMORACAL63 ;'';'';16,700;0,000;0,000;metro;21%;Insugraf;Pesos;10188,39;53,00;15588,24;18861,77;SI;NO;NO;0;0;
1015;Habilitado;SI;SI;NO;NO;Sin especificar;Documentacion;'01015;'';'';0,000;0,000;0,000;unidad;21%;Sin especificar;Pesos;0,00;0,00;0,00;0,00;SI;NO;NO;0;0;
1016;Habilitado;SI;SI;NO;NO;Unical Base Blanca Brillante 100mic;IMPRESION UNICAL BASE BLANCA BRILLANTE 100MIC 107CM X 50MTS;'VUBB107;'';''VUBB107;0,000;0,000;0,000;unidad;21%;DIGRAFICA SRL;Pesos;107594,30;23,00;132340,99;160132,60;SI;SI;NO;0;0;
1017;Habilitado;SI;SI;NO;NO;Oracal 8300;8300-31 TRANSPARENT RED 126CM;'830031;'';''830031;-53,300;0,000;10,000;metro;21%;Helioday;Pesos;18885,51;30,00;24551,16;29706,90;SI;SI;NO;0;0;
1021;Habilitado;SI;SI;NO;NO;Vinilos de Corte;VINILO CORTE GRIS DARK 01 BRILLANTE  122CM;'VCUGRD01;'';''VCUGR01;-19,000;0,000;0,000;metro;21%;DIGRAFICA SRL;Pesos;3838,51;36,99;5258,37;6362,63;SI;SI;NO;0;0;
1022;Habilitado;SI;SI;NO;NO;Vinilos de Corte;VINILO CORTE GRIS DARK 01 BRILLANTE  61CM;'VCUGRD01H-504 ;'';''VCUGRD01H;-36,000;0,000;0,000;metro;21%;DIGRAFICA SRL;Pesos;1919,43;36,99;2629,43;3181,61;SI;SI;NO;0;0;
1023;Habilitado;SI;SI;NO;NO;MATTE;ORACAL 651-67M MATTE BLUE - 126CM;'65167M ;'';''65167M;-5,300;25,000;15,000;metro;21%;Helioday;Pesos;13339,04;30,00;17340,75;20982,31;SI;SI;NO;0;0;
1024;Habilitado;SI;SI;NO;NO;MATTE;ORACAL 651-67M MATTE BLUE - 63CM;'65167M-63 ;'';''65167M-63;-45,000;15,000;10,000;metro;21%;Helioday;Pesos;6669,61;30,00;8670,49;10491,29;SI;SI;NO;0;0;
1026;Habilitado;SI;SI;NO;NO;Sin especificar;LG6700 BLANCO BRILLANTE 122CM ;'LG6710;'';'';0,000;0,000;0,000;metro;21%;Grafisur;Pesos;10272,07;28,00;13148,25;15909,38;SI;SI;NO;0;0;
1027;Habilitado;SI;SI;NO;NO;MATTE;ORACAL 651-518M MATTE STEEL BLUE -126CM;'651518M;'';''651518M;-6,700;25,000;15,000;metro;21%;Helioday;Pesos;13339,04;30,00;17340,75;20982,31;SI;SI;NO;0;0;
1028;Habilitado;SI;SI;NO;NO;MATTE;ORACAL 651-518M MATTE STEEL BLUE - 63CM;'651518-63M ;'';''651518-63M;0,000;15,000;10,000;metro;21%;Helioday;Pesos;6669,61;30,00;8670,49;10491,29;SI;SI;NO;0;0;
1029;Habilitado;SI;SI;NO;NO;Car Wrapping;970-372MRA X 152CM MATTE CON CANALES ;'970372M;'';'';0,000;0,000;0,000;metro;21%;Insugraf;Pesos;41656,14;27,50;53111,58;64265,01;SI;SI;NO;0;0;
1030;Habilitado;SI;SI;NO;NO;MATTE;ORACAL 651-30M MATTE DARK RED -126CM;'65130M ;'';''65130M;10,000;50,000;25,000;metro;21%;Helioday;Pesos;13339,04;30,00;17340,75;20982,31;SI;SI;NO;0;0;
1031;Habilitado;SI;SI;NO;NO;MATTE;ORACAL 651-30M MATTE DARK RED - 63CM;'65130M-63 ;'';''65130M-63;2,600;10,000;5,000;metro;21%;Helioday;Pesos;6669,61;30,00;8670,49;10491,29;SI;SI;NO;0;0;
1032;Deshabilitado;NO;NO;NO;NO;01 Vinilo de Impresion Oracal 3640/3641 80mic;3640 ORAJET TRANSPARENTE MATTE 105CM 50MTS;'364000M105;'';''364000M105;0,000;0,000;0,000;unidad;21%;Insugraf;Pesos;237483,72;28,10;304216,65;368102,15;SI;NO;NO;0;0;
1033;Habilitado;SI;SI;NO;NO;Vinilos de Corte;VINILO CORTE AMARILLO 01 BRILLANTE 61CM;'VCUAM01H ;'';''VCUAM01H;-43,900;15,000;5,000;metro;21%;DIGRAFICA SRL;Pesos;1919,32;36,99;2629,28;3181,43;SI;SI;NO;0;0;
1034;Habilitado;SI;SI;NO;NO;Vinilos de Corte;VINILO CORTE BLANCO MATE 122CM;'VCU10M ;'';''VCU10M;-173,500;100,000;50,000;metro;21%;DIGRAFICA SRL;Pesos;3838,81;36,99;5258,79;6363,14;SI;SI;NO;0;0;
1036;Habilitado;SI;SI;NO;NO;Oracal 8300;8300-30 TRANSPARENT DARK RED 126CM;'830030;'';''830030;0,100;0,000;0,000;metro;21%;Insugraf;Pesos;18885,51;30,00;24551,16;29706,90;SI;SI;NO;0;0;
1037;Habilitado;SI;SI;NO;NO;Oracal 8300;8300-30 TRANSPARENT DARK RED - 63CM;'830030-63  ;'';''830030-63;-2,300;10,000;5,000;metro;21%;Helioday;Pesos;8947,47;30,00;11631,71;14074,37;SI;SI;NO;0;0;
1038;Habilitado;SI;NO;NO;NO;01 Vinilo Impresion Lg1740/1750;LG 3912G LAMINADO PREMIUM VEHICULAR 152cm FRACCIONADO;'3912G152F;'';'';0,000;0,000;0,000;metro;21%;Grafisur;Pesos;6677,72;30,00;8681,04;10504,06;SI;SI;NO;0;0;
1040;Habilitado;SI;SI;NO;NO;Unical Base blanca Brillante 80mic;IMPRESION UNICAL BASE BLANCA BRILLANTE 137CM X 50MTS 80MIC;'VUBB137  ;'';''VUBB137;0,000;0,000;0,000;unidad;21%;DIGRAFICA SRL;Pesos;108699,88;23,00;133700,85;161778,03;SI;SI;NO;0;0;<p>actualización precios costo y venta 9/06/21. Costo usd 1.382 + Iva. PV Usa 1.80 + Iva m2<br></p>;
1041;Habilitado;SI;SI;NO;NO;Oraguard 200;ORAGUARD 200G X 105CM X 50MTS.;'OG200105  ;'';''OG200105;0,000;1,000;1,000;unidad;21%;Insugraf;Pesos;386396,71;29,00;498451,76;603126,63;SI;SI;NO;0;0;;;<p><span style= font-family: Arial. Helvetica. sans-serif  font-size: 12px  background-color: rgb(125. 159. 187)  >actualización 9/6/21 usd 2.90 + Iva m2 costo/ PV Usa 3.74 + Iva m2</span><br></p>;
1042;Habilitado;SI;SI;NO;NO;Oraguard 200;ORAGUARD 200G X 137CM X 50MTS.;'OG200137   ;'';''OG200137;0,000;0,000;0,000;unidad;21%;Insugraf;Pesos;504155,71;29,00;650360,87;786936,65;SI;SI;NO;0;0;;;<p><span style= font-family: Arial. Helvetica. sans-serif  font-size: 12px  background-color: rgb(125. 159. 187)  >actualización 9/6/21 usd 2.90 + Iva m2 costo/ PV Usa 3.74 + Iva m2</span><br></p>;
1045;Habilitado;SI;SI;NO;NO;Oraguard 200;ORAGUARD 200G X 155CM X 50MTS.;'OG200155 ;'';''OG200155;0,000;0,000;0,000;unidad;21%;Insugraf;Pesos;570395,14;29,00;735809,73;890329,77;SI;SI;NO;0;0;;;<p><span style= font-family: Arial. Helvetica. sans-serif  font-size: 12px  background-color: rgb(125. 159. 187)  >actualización 9/6/21 usd 2.90 + Iva m2 costo/ PV Usa 3.74 + Iva m2</span><br></p>;
1047;Habilitado;SI;SI;NO;NO;Oraguard 200;ORAGUARD 200G X 155CM FRACCIONADO;'OG200155F ;'';''OG200155F;0,000;0,000;0,000;metro;21%;Insugraf;Pesos;11393,03;60,00;18228,85;22056,91;SI;SI;NO;0;0;;;<p><span style= font-family: Arial. Helvetica. sans-serif  font-size: 12px  background-color: rgb(125. 159. 187)  >actualización 9/6/21 usd 2.90 + Iva m2 costo/ PV Usa 3.74 + Iva m2</span><br></p>;
1048;Habilitado;SI;SI;NO;NO;Car Wrapping;Polarizado intermedio Nano ceramico filtro UV100% 2mil 2ply 20% (10 años) (Vehicular);'UDBK20 ;'';''UDBK20;-39,000;30,000;10,000;metro;21%;Insugraf;Pesos;13606,58;30,00;17688,55;21403,15;SI;SI;NO;0;0;;;<h2 class= node__title  style= margin-top: 10px  margin-bottom: 10px  font-family: &quot Open Sans&quot . Arial. sans-serif  line-height: 1.2  color: rgb(90. 90. 95)  text-rendering: optimizelegibility  font-size: 40px  font-variant-numeric: inherit  font-variant-east-asian: inherit  font-stretch: inherit  vertical-align: baseline  border: 0px  >MITOSUN CAR Series</h2><h2 class= node__title  style= margin-top: 10px  margin-bottom: 10px  font-family: &quot Open Sans&quot . sans-serif  line-height: 1.2  color: rgb(70. 65. 51)  text-rendering: optimizelegibility  font-size: 31.5px  caret-color: rgb(70. 65. 51)  font-variant-numeric: inherit  font-variant-east-asian: inherit  font-stretch: inherit  vertical-align: baseline  border: 0px  ><span style= font-size: 18px  ><b>Nano Ceramic Polymer - 2PLY / 2MIL / 10 YEARS (VL 35%)&nbsp </b></span></h2><h1 class= node__subtitle  style= margin-bottom: 0px  font-family: &quot Open Sans&quot . Arial. sans-serif  font-weight: 300  line-height: 24px  color: rgb(90. 90. 95)  text-rendering: optimizelegibility  font-size: 18px  font-variant-numeric: inherit  font-variant-east-asian: inherit  font-stretch: inherit  vertical-align: baseline  border: 0px  ><div id= unit-jnIuaxoDXl  animate=   package-item= unit  package-type= text  package-unit-type= text  style= padding-bottom: 10px  padding-top: 10px  color: rgb(0. 0. 0)  font-family: Mulish  font-size: 16px  ><div class= unit-text row no-gutters  text-style= 2  style= font-size: 18px  letter-spacing: 0px  line-height: 1.5  font-family: &quot Arial Bold&quot   ><div class= unit-text__item col-12 col-md-12 col-xl-12  style= width: 257.217px  ><span style= font-family: Mulish. sans-serif  font-size: 16px  letter-spacing: 0.48px  >? Nanocerámica de primer nivel. fabricada con los mejores materiales y recubrimiento y curado de precisión avanzada.</span><div tinymce=  ></div></div></div></div></h1><h1 class= node__subtitle  style= margin-bottom: 0px  font-family: &quot Open Sans&quot . Arial. sans-serif  font-weight: 300  line-height: 24px  color: rgb(90. 90. 95)  text-rendering: optimizelegibility  font-size: 18px  font-variant-numeric: inherit  font-variant-east-asian: inherit  font-stretch: inherit  vertical-align: baseline  border: 0px  ><div id= unit-iAvRT9kZOw  animate=   package-item= unit  package-type= text  package-unit-type= text  style= padding-bottom: 10px  padding-top: 10px  color: rgb(0. 0. 0)  font-family: Mulish  font-size: 16px  ><div class= unit-text row no-gutters  text-style= 3  style= letter-spacing: 0.03em  line-height: 1.5  font-family: Mulish. sans-serif  ><div class= unit-text__item col-12 col-md-12 col-xl-12  style= width: 257.217px  ><div tinymce=  ><div style= letter-spacing: 0.48px  line-height: 1.75  ><div style= letter-spacing: 0.48px  line-height: 1.75  >? La nanocerámica se aplica a una base de poliéster mediante técnicas de recubrimiento de precisión. como el recubrimiento con ranura. Esto deposita una capa fina y uniforme sobre la película.</div><div style= letter-spacing: 0.48px  line-height: 1.75  ><br></div><div style= letter-spacing: 0.48px  line-height: 1.75  >? Todo se inspecciona en busca de defectos para garantizar que cumpla con las especificaciones de densidad óptica.</div><div style= letter-spacing: 0.48px  line-height: 1.75  ><br></div><div style= letter-spacing: 0.48px  line-height: 1.75  >? 2 mils de espesor. 10 años de garantía.</div></div></div></div></div></div></h1>;
1049;Habilitado;SI;SI;NO;NO;Car Wrapping;Polarizado Oscuro Nano ceramico filtro UV100% 2mil 2ply 5% (10 años) (Vehicular);'UDBK05  ;'';''UDBK05;18,000;30,000;10,000;metro;21%;Pro SRL;Pesos;13210,28;30,00;17173,36;20779,77;SI;SI;NO;0;0;;;<h2 class= &quot node__title&quot   10px =   margin-bottom:=   font-family:=   &quot open=   sans&quot .=   arial.=   sans-serif =   line-height:=   1.2 =   color:=   rgb(90.=   90.=   95) =   text-rendering:=   optimizelegibility =   font-size:=   40px =   font-variant-numeric:=   inherit =   font-variant-east-asian:=   font-stretch:=   vertical-align:=   baseline =   border:=   0px  =   style= caret-color: rgb(51. 51. 51)  color: rgb(51. 51. 51)  font-family: tahoma. arial  MITOSUN CAR Series/h2h2 class= &quot node__title&quot   10px =   margin-bottom:=   font-family:=   &quot open=   sans&quot .=   sans-serif =   line-height:=   1.2 =   color:=   rgb(70.=   65.=   51) =   text-rendering:=   optimizelegibility =   font-size:=   31.5px =   caret-color:=   font-variant-numeric:=   inherit =   font-variant-east-asian:=   font-stretch:=   vertical-align:=   baseline =   border:=   0px  =   style= caret-color: rgb(51. 51. 51)  color: rgb(51. 51. 51)  font-family: tahoma. arial  ><span 18px  =  span style= font-weight: bolder  Nano Ceramic Polymer - 2PLY / 2MIL / 10 YEARS (VL 35%)&nbsp /span/span/h2h1 class= &quot node__subtitle&quot   0px =   font-family:=   &quot open=   sans&quot .=   arial.=   sans-serif =   font-weight:=   300 =   line-height:=   24px =   color:=   rgb(90.=   90.=   95) =   text-rendering:=   optimizelegibility =   font-size:=   18px =   font-variant-numeric:=   inherit =   font-variant-east-asian:=   font-stretch:=   vertical-align:=   baseline =   border:=   0px  =   style= caret-color: rgb(51. 51. 51)  color: rgb(51. 51. 51)  font-family: tahoma. arial  ><div id= &quot unit-jnIuaxoDXl&quot   animate= &quot &quot   package-item= &quot unit&quot   package-type= &quot text&quot   package-unit-type= &quot text&quot   10px =   padding-top:=   color:=   rgb(0.=   0.=   0) =   font-family:=   mulish =   font-size:=   16px  =  div class= &quot unit-text  row=   no-gutters =   text-style= &quot 2&quot   18px =   letter-spacing:=   0px =   line-height:=   1.5 =   font-family:=   &quot arial=   bold&quot   =  div class= &quot unit-text__item  col-12=   col-md-12=   col-xl-12 =   257.217px  =  span mulish.=   sans-serif =   font-size:=   16px =   letter-spacing:=   0.48px  =  >? Nanocerámica de primer nivel. fabricada con los mejores materiales y recubrimiento y curado de precisión avanzada.</span><div tinymce= &quot &quot  ></div></div></div></div></h1><h1 class= &quot node__subtitle&quot   0px =   font-family:=   &quot open=   sans&quot .=   arial.=   sans-serif =   font-weight:=   300 =   line-height:=   24px =   color:=   rgb(90.=   90.=   95) =   text-rendering:=   optimizelegibility =   font-size:=   18px =   font-variant-numeric:=   inherit =   font-variant-east-asian:=   font-stretch:=   vertical-align:=   baseline =   border:=   0px  =   style= caret-color: rgb(51. 51. 51)  color: rgb(51. 51. 51)  font-family: tahoma. arial  div id= &quot unit-iAvRT9kZOw&quot   animate= &quot &quot   package-item= &quot unit&quot   package-type= &quot text&quot   package-unit-type= &quot text&quot   10px =   padding-top:=   color:=   rgb(0.=   0.=   0) =   font-family:=   mulish =   font-size:=   16px  =  ><div class= &quot unit-text  row=   no-gutters =   text-style= &quot 3&quot   0.03em =   line-height:=   1.5 =   font-family:=   mulish.=   sans-serif  =  ><div class= &quot unit-text__item  col-12=   col-md-12=   col-xl-12 =   257.217px  =  ><div tinymce= &quot &quot  ><div 0.48px =   line-height:=   1.75  =  div 0.48px =   line-height:=   1.75  =  >? La nanocerámica se aplica a una base de poliéster mediante técnicas de recubrimiento de precisión. como el recubrimiento con ranura. Esto deposita una capa fina y uniforme sobre la película.</div><div 0.48px =   line-height:=   1.75  =  br/divdiv 0.48px =   line-height:=   1.75  =  >? Todo se inspecciona en busca de defectos para garantizar que cumpla con las especificaciones de densidad óptica.</div><div 0.48px =   line-height:=   1.75  =  br/divdiv 0.48px =   line-height:=   1.75  =  >? 2 mils de espesor. 10 años de garantía.</div></div></div></div></div></div></h1>;
1050;Habilitado;SI;SI;NO;NO;Cepillados/cromados;Vinilo Holografico Tornasolado silver Corte 61cm Rainbow;'VHT-61;'';''SAVLS;9,000;100,000;10,000;metro;21%;Pro SRL;Pesos;2467,85;30,00;3208,21;3881,93;SI;SI;NO;0;0;
1052;Habilitado;SI;SI;NO;NO;01 Vinilos de Impresión;Arlon DPF510 MT Impresion Mate base gris 1.52 fraccionado;'ARL152F;'';'';-0,100;0,000;0,000;metro;21%;Grafisur;Pesos;8564,90;1,70;8710,50;10539,71;SI;SI;NO;0;0;;;<p>tiene un 10% de descuento hecho ya que comprando 10 rollos (siempre combinan con Lg para adquirir el desc)&nbsp <br></p>;
1057;Habilitado;SI;SI;NO;NO;Vinilos de Corte;VINILO CORTE FLUO AMARILLO 61CM;'VCUFLA61 ;'';''VCUFLA61;-7,000;0,000;0,000;metro;21%;DIGRAFICA SRL;Pesos;3436,65;39,05;4778,66;5782,18;SI;SI;NO;0;0;
1058;Habilitado;SI;SI;NO;NO;Oraguard 200;ORAGUARD 200G X 105CM FRACCIONADO;'OG200105F;'';''OG200105F;10,000;0,000;0,000;metro;21%;Insugraf;Pesos;7727,94;60,00;12364,70;14961,29;SI;SI;NO;0;0;;;<p><span style= font-family: Arial. Helvetica. sans-serif  font-size: 12px  background-color: rgb(125. 159. 187)  >actualización 9/6/21 usd 2.90 + Iva m2 costo/ PV Usa 3.74 + Iva m2</span><br></p>;
1060;Habilitado;SI;SI;NO;NO;Front Nar 13oz;Front Matte Nar 0.80 FRACCIONADA (5MTS.MIN);'DPI080M;'';'';35,000;0,000;0,000;metro;21%;Grafisur;Pesos;1451,68;20,00;1742,02;2107,84;SI;SI;NO;0;0;
1061;Habilitado;SI;SI;NO;NO;Backlite Ultraflex;LONA BACKLITE ULTRAFLEX 250CM X 50MTS;'BACKULI250;'';''BACKUNI250;0,000;0,000;0,000;unidad;21%;Geo Digital;Pesos;262853,70;22,00;320681,51;388024,63;SI;SI;NO;0;0;;;<p>actualización 9/6/21 use 1.53 + Iva m2 costo<br></p>;
1062;Habilitado;SI;SI;NO;NO;Backlite Ultraflex;LONA BACKLITE ULTRAFLEX 320CM X 50MTS;'BACKULI320 ;'';''BACKUL320;1,000;0,000;0,000;unidad;21%;Geo Digital;Pesos;484594,08;0,00;484594,08;586358,84;SI;SI;NO;0;0;;;<p>actualización 9/6/21 use 1.53 + Iva m2 costo<br></p>;
1063;Habilitado;SI;SI;NO;NO;01 Vinilo de Impresion Oracal 3640/3641 80mic;3640 ORAJET IMPRESION BRILLANTE BASE BLANCA 137CM FRACCIONADO;'364010137F;'';''364010137F;0,000;0,000;0,000;metro;21%;Helioday;Pesos;6197,49;35,00;8366,61;10123,60;SI;SI;NO;0;0;
1064;Habilitado;SI;SI;NO;NO;Posicionador;POSICIONADOR UNICAL COMUN 143CM x 40MTS ;'DP52-143C;'';''DP52-143C;123,000;0,000;0,000;unidad;21%;DIGRAFICA SRL;Pesos;62810,98;30,00;81654,27;98801,67;SI;SI;NO;0;0;
1065;Habilitado;SI;SI;NO;NO;Hyflex Transparente Brillante o matte 80mic;Impresion Hyflex Transparente Matte 1.07 x 50mts;'HFV107;'';''HFV107;0,000;2,000;1,000;unidad;21%;Insugraf;Pesos;179012,51;27,00;227345,89;275088,53;SI;SI;NO;0;0;;;<p>tiene un 10% de descuento hecho ya que comprando 10 rollos (siempre combinan con Lg para adquirir el desc)&nbsp <br></p>;
1066;Habilitado;SI;SI;NO;NO;Hyflex Transparente Brillante o matte 80mic;Impresion Hyflex Transparente Matte 1.27 x 50mts;'HFV127 ;'';''HFV127;0,000;2,000;1,000;unidad;21%;Insugraf;Pesos;212472,81;27,00;269840,47;326506,97;SI;SI;NO;0;0;;;<p>tiene un 10% de descuento hecho ya que comprando 10 rollos (siempre combinan con Lg para adquirir el desc)&nbsp <br></p>;
1067;Habilitado;SI;SI;NO;NO;Hyflex Transparente Brillante o matte 80mic;Impresion Hyflex Transparente Matte 1.37 x 50mts ;'HFV137 ;'';''HFV137;0,000;2,000;1,000;unidad;21%;Insugraf;Pesos;229202,95;27,00;291087,75;352216,18;SI;SI;NO;0;0;;;<p>tiene un 10% de descuento hecho ya que comprando 10 rollos (siempre combinan con Lg para adquirir el desc)&nbsp <br></p>;
1068;Habilitado;SI;SI;NO;NO;Hyflex Transparente Brillante o matte 80mic;Impresion Hyflex Transparente Matte 1.52 x 50mts Hyflex;'HFV152;'';''HFV152;0,000;2,000;1,000;unidad;21%;Insugraf;Pesos;254298,15;27,00;322958,65;390779,97;SI;SI;NO;0;0;;;<p>tiene un 10% de descuento hecho ya que comprando 10 rollos (siempre combinan con Lg para adquirir el desc)&nbsp <br></p>;
1069;Habilitado;SI;SI;NO;NO;Oraguard 200;ORAGUARD 200M MATTE X 155CM X 50MTS.;'OG200M155  ;'';''OG200155M;0,000;0,000;0,000;unidad;21%;Insugraf;Pesos;570395,14;29,00;735809,73;890329,77;SI;SI;NO;0;0;;;<p><span style= font-family: Arial. Helvetica. sans-serif  font-size: 12px  background-color: rgb(125. 159. 187)  >actualización 9/6/21 usd 2.90 + Iva m2 costo/ PV Usa 3.74 + Iva m2</span><br></p>;
1070;Habilitado;SI;SI;NO;NO;01 Vinilo Impresion Lg2710/2700 G y M;LG 2700G BASE BLANCA 105CM FRACCIONADO;'LG2700G105F ;'';''LG2700G105F;-45,300;0,000;0,000;metro;21%;Grafisur;Pesos;4334,45;50,00;6501,68;7867,03;SI;SI;NO;0;0;
1071;Habilitado;SI;SI;NO;NO;Poli Tape;POSICIONADOR TRANSP. POLI-TAPE  0.20 X 45.70MTS;'PPT020T45 ;'';''PPT020T45;0,000;0,000;0,000;unidad;21%;Insugraf;Pesos;36421,39;25,00;45526,74;55087,36;SI;SI;NO;0;0;
1072;Habilitado;SI;SI;NO;NO;01 Vinilo Impresion Lg2710/2700 G y M;LG 2700G BASE BLANCA 127CM fraccionado;'LG2700G127F;'';''LG2700G127F;0,000;2,000;1,000;metro;21%;Grafisur;Pesos;6943,55;42,50;9894,56;11972,42;SI;SI;NO;0;0;
1073;Habilitado;SI;SI;NO;NO;01 Vinilo Impresion Lg2710/2700 G y M;LG 2700G BASE BLANCA 137CM fraccionado;'LG2700G137F;'';''LG2700G137F;50,000;2,000;1,000;metro;21%;Grafisur;Pesos;7490,25;42,50;10673,61;12915,07;SI;SI;NO;0;0;
1074;Habilitado;SI;SI;NO;NO;01 Vinilo Impresion Lg2710/2700 G y M;LG 2700G BASE BLANCA 152CM fraccionado;'LG2700G152F;'';''LG2700G152F;0,000;2,000;1,000;metro;21%;Grafisur;Pesos;8310,36;42,50;11842,26;14329,13;SI;SI;NO;0;0;
1075;Habilitado;SI;SI;NO;NO;Oraguard 200;ORAGUARD 200M MATTE X 137CM X 50MTS.;'OG200M137;'';''OG200137M;0,000;0,000;0,000;unidad;21%;Insugraf;Pesos;504155,71;29,00;650360,87;786936,65;SI;SI;NO;0;0;;;<p><span style= font-family: Arial. Helvetica. sans-serif  font-size: 12px  background-color: rgb(125. 159. 187)  >actualización 9/6/21 usd 2.90 + Iva m2 costo/ PV Usa 3.74 + Iva m2</span><br></p>;
1076;Habilitado;SI;SI;NO;NO;Oraguard 200;ORAGUARD 200M MATTE X 105CM X 50MTS.;'OG200M105;'';''OG200105M;0,000;1,000;1,000;unidad;21%;Insugraf;Pesos;386396,71;29,00;498451,76;603126,63;SI;SI;NO;0;0;;;<p><span style= font-family: Arial. Helvetica. sans-serif  font-size: 12px  background-color: rgb(125. 159. 187)  >actualización 9/6/21 usd 2.90 + Iva m2 costo/ PV Usa 3.74 + Iva m2</span><br></p>;
1086;Habilitado;SI;SI;NO;NO;Hyflex Transparente Brillante o matte 80mic;Impresion Hyflex Transparente Brillante 1.27 x 50mts;'HFVTb127  ;'';''HFVTb127;0,000;2,000;1,000;unidad;21%;Insugraf;Pesos;212472,81;27,00;269840,47;326506,97;SI;SI;NO;0;0;;;<p>tiene un 10% de descuento hecho ya que comprando 10 rollos (siempre combinan con Lg para adquirir el desc)&nbsp <br></p>;
1087;Habilitado;SI;SI;NO;NO;Hyflex Transparente Brillante o matte 80mic;Impresion Hyflex Transparente Brillante 1.37 x 50mts;'HFBB137  ;'';''HFVTb137;0,000;2,000;1,000;unidad;21%;Insugraf;Pesos;229202,95;27,00;291087,75;352216,18;SI;SI;NO;0;0;;;<p>tiene un 10% de descuento hecho ya que comprando 10 rollos (siempre combinan con Lg para adquirir el desc)&nbsp <br></p>;
1088;Habilitado;SI;SI;NO;NO;Hyflex Transparente Brillante o matte 80mic;Impresion Hyflex Transparente Brillante 1.52 x 50mts;'HFVTb152;'';''HFVTb152;0,000;2,000;1,000;unidad;21%;Insugraf;Pesos;254298,15;27,00;322958,65;390779,97;SI;SI;NO;0;0;;;<p>tiene un 10% de descuento hecho ya que comprando 10 rollos (siempre combinan con Lg para adquirir el desc)&nbsp <br></p>;
1089;Habilitado;SI;SI;NO;NO;Esmerilado;ESMERILADO BLANCO LG 61CM OFERTA !!;'LG61 ;'';''LG61;30,000;0,000;0,000;metro;21%;Grafisur;Pesos;4989,43;5,00;5238,90;6339,07;SI;SI;NO;0;0;
1090;Habilitado;SI;SI;NO;NO;BRILLANTE;ORACAL 651-00 CLEAR - 41CM PROMOCIONAL;'65100-41;'';''65100-41;36,500;0,000;0,000;metro;21%;Insugraf;Pesos;4514,51;30,00;5868,86;7101,32;SI;SI;NO;0;0;
1092;Habilitado;SI;SI;NO;NO;01 Vinilo de Impresion Oracal 3640/3641 80mic;3641 ORAJET IMPRESION BRILLANTE BASE GRIS 105CM FRACCINADO;'364110105F;'';''364110105F;0,000;20,000;20,000;metro;21%;Helioday;Pesos;4749,52;35,00;6411,85;7758,34;SI;SI;NO;0;0;
1093;Habilitado;NO;SI;NO;NO;Cepillados/cromados;Vinilo Holografico Tornasolado silver Corte 122cm Rainbow;'VHT-122;'';''SAVLS122;0,000;200,000;50,000;metro;21%;Pro SRL;Pesos;4935,71;35,00;6663,21;8062,48;SI;SI;NO;0;0;
1099;Habilitado;SI;SI;NO;NO;01 Vinilos de Impresión;FOTOLUMINISCENTE- 62cm GLOW IN THE DARK- IMPRESION ;'930099;'';''930099;0,000;2,000;2,000;metro;21%;Insugraf;Pesos;24898,58;30,00;32368,15;39165,46;SI;SI;NO;0;0;
1100;Habilitado;SI;SI;NO;NO;Telas;SIMIL CUERINA - si adhesivo - Para impresión digital;'LEATHER;'';''LEATHER;0,000;10,000;5,000;metro;21%;Insugraf;Pesos;24671,29;45,00;35773,37;43285,78;SI;SI;NO;0;0;
1101;Habilitado;NO;NO;NO;NO;01 Vinilos de Impresión;FOTOLUMINISCENTE- 124cm GLOW IN THE DARK- IMPRESION ;'930099124;'';''930099124;0,000;10,000;2,000;metro;21%;Insugraf;Pesos;12449,28;30,00;16184,06;19582,71;SI;SI;NO;0;0;
1102;Habilitado;SI;SI;NO;NO;03 Papeles de Impresion;FILM BACKLITE 127CM X 30MTS 220grs;'FBL127;'';''FBL127;0,000;1,000;1,000;unidad;21%;Grafisur;Pesos;216445,34;27,00;274885,58;332611,55;SI;SI;NO;0;0;
1103;Habilitado;SI;SI;NO;NO;03 Papeles de Impresion;PAPEL BLUE BACK 1.27x50mts 120grs impresión eco solv.-solv.-latex-uv;'BBP127;'';''BBP127;0,000;1,000;1,000;unidad;21%;Insugraf;Pesos;320921,08;25,00;401151,35;485393,13;SI;SI;NO;0;0;
1104;Habilitado;SI;SI;NO;NO;Telas;TELA BANDERA CON LINER- FLAG 137CM X 50MTS;'FLAG;'';''FLAG;0,000;1,000;1,000;unidad;21%;Insugraf;Pesos;612756,93;25,00;765946,16;926794,85;SI;SI;NO;0;0;
1109;Habilitado;SI;SI;NO;NO;Oracal 751;751-31 FUNDIDO RED GLOSS -126CM;'75131G;'';''75131;0,000;0,000;0,000;metro;21%;Insugraf;Pesos;29844,03;29,00;38498,80;46583,55;SI;SI;NO;0;0;
1112;Habilitado;SI;SI;NO;NO;Sin especificar;VINOS varios;'01112;'';'';0,000;0,000;0,000;unidad;21%;Sin especificar;Pesos;2713,42;0,00;2713,42;3283,24;SI;SI;NO;0;0;
1113;Habilitado;NO;SI;NO;NO;02 Vinilos Microperforado;MICROPERFORADO MAGESA DOBLE LINER 105CM 140MIC;'MMAG105;'';''MNAG105;0,000;1,000;1,000;unidad;21%;Geo Digital;Pesos;194572,17;25,00;243215,21;294290,40;SI;SI;NO;0;0;;;<p>Actualizado dia 9/06/2021 precio costo USD 1.534 + Iva/ precio venta Usd 1.99 + Iva m2<br></p>;
1114;Habilitado;NO;SI;NO;NO;02 Vinilos Microperforado;MICROPERFORADO MAGESA DOBLE LINER 127CM 140MIC;'MNAG127  ;'';''MNAG127;0,000;1,000;1,000;unidad;21%;Geo Digital;Pesos;235339,66;23,00;289467,78;350256,01;SI;SI;NO;0;0;;;<p>Actualizado dia 9/06/2021 precio costo USD 1.534 + Iva/ precio venta Usd 1.99 + Iva m2<br></p>;
1115;Habilitado;NO;SI;NO;NO;02 Vinilos Microperforado;MICROPERFORADO MAGESA DOBLE LINER 137CM 140MIC;'MNAG137   ;'';''MNAG137;0,000;1,000;1,000;unidad;21%;Geo Digital;Pesos;253870,34;23,00;312260,52;377835,23;SI;SI;NO;0;0;;;<p>Actualizado dia 9/06/2021 precio costo USD 1.534 + Iva/ precio venta Usd 1.99 + Iva m2<br></p>;
1116;Habilitado;NO;SI;NO;NO;02 Vinilos Microperforado;MICROPERFORADO MAGESA DOBLE LINER 152CM 140MIC;'MNAG152    ;'';''MNAG152;0,000;1,000;1,000;unidad;21%;Geo Digital;Pesos;281666,37;23,00;346449,64;419204,06;SI;SI;NO;0;0;;;<p>Actualizado dia 9/06/2021 precio costo USD 1.534 + Iva/ precio venta Usd 1.99 + Iva m2<br></p>;
1120;Habilitado;SI;SI;NO;NO;01 Vinilo Impresion Lg1740/1750;BASE BLANCA LG 1740M BASE BLANCA 137cm x 50mts;'1740137 ;'';'';0,000;4,000;2,000;unidad;21%;Grafisur;Pesos;163025,93;25,00;203782,41;246576,72;SI;SI;NO;0;0;
1121;Habilitado;SI;SI;NO;NO;Unical Base Blanca Brillante 100mic;IMPRESION UNICAL BASE BLANCA BRILLANTE 100MIC 127CM X 50MTS;'VUBB127100;'';''VUBB127;-1,000;1,000;1,000;unidad;21%;DIGRAFICA SRL;Pesos;127705,39;23,00;157077,63;190063,93;SI;SI;NO;0;0;;;<p>Actualizado dia 9/06/2021 precio costo USD 1.534 + Iva/ precio venta Usd 1.99 + Iva m2<br></p>;
1122;Habilitado;SI;SI;NO;NO;Unical Base Blanca Brillante 100mic;IMPRESION UNICAL BASE BLANCA BRILLANTE 100MIC 137CM X 50MTS;'VUBB137100 ;'';''VUBB137;-1,000;0,000;0,000;unidad;21%;DIGRAFICA SRL;Pesos;137760,92;23,00;169445,93;205029,58;SI;SI;NO;0;0;;;<p>Actualizado dia 9/06/2021 precio costo USD 1.534 + Iva/ precio venta Usd 1.99 + Iva m2<br></p>;
1123;Habilitado;SI;SI;NO;NO;Unical Base Blanca Brillante 100mic;IMPRESION UNICAL BASE BLANCA BRILLANTE 100MIC 152CM X 50MTS;'VUBB152100;'';''VUBB152;-1,000;1,000;1,000;unidad;21%;DIGRAFICA SRL;Pesos;152844,27;23,00;187998,45;227478,12;SI;SI;NO;0;0;;;<p>Actualizado dia 9/06/2021 precio costo USD 1.534 + Iva/ precio venta Usd 1.99 + Iva m2<br></p>;
1133;Habilitado;SI;SI;NO;NO;08 Deco;VINILO SIMIL MARMOL BLANCO 122CM DE ANCHO MITOCAL;'MITO1600MARMOL;'';'';45,500;0,000;0,000;metro;21%;Pro SRL;Pesos;7692,74;35,20;10400,58;12584,70;SI;SI;NO;0;0;
1134;Habilitado;SI;SI;NO;NO;08 Deco;VINILO SIMIL TELA GRIS 122CM DE ANCHO MITOCAL (ENTELADO);'MITO1422-122;'';'';0,500;0,000;0,000;metro;21%;Pro SRL;Pesos;7692,74;35,20;10400,58;12584,70;SI;SI;NO;0;0;
1135;Habilitado;NO;SI;NO;NO;Estructuras;PORTABANNER ROLL UP 200X85CM.;'DR12 ;'' ;''DR12;3,000;0,000;0,000;unidad;21%;Grafisur;Pesos;26750,00;35,00;36112,50;43696,13;SI;SI;NO;0;0;
1136;Habilitado;SI;SI;NO;NO;Oracal 8300;8300-96 TRANSPARENT STEEL BLUE 126CM;'830096 ;'';''830096;-2,000;0,000;10,000;metro;21%;Helioday;Pesos;18885,51;30,00;24551,16;29706,90;SI;SI;NO;0;0;
1137;Habilitado;SI;SI;NO;NO;Oracal 8300;8300-57 TRANSPARENT TRAFFIC BLUE - 63CM;'830057-63;'';''830057-63;-4,000;10,000;5,000;metro;21%;Helioday;Pesos;9442,75;30,00;12275,58;14853,45;SI;SI;NO;0;0;
1138;Habilitado;SI;SI;NO;NO;Oracal 8300;8300-57 TRANSPARENT TRAFFIC BLUE 126CM;'830057;'';''830057;-19,000;15,000;5,000;metro;21%;Helioday;Pesos;18885,51;30,00;24551,16;29706,90;SI;SI;NO;0;0;
1139;Habilitado;SI;SI;NO;NO;Car Wrapping;Guante para Ploteo;'01139;'';'';-1,000;0,000;0,000;unidad;21%;Sin especificar;Pesos;2713,42;150,00;6783,55;8208,10;SI;SI;NO;0;0;
1140;Habilitado;SI;SI;NO;NO;08 Deco;VINILO SIMIL MARMOL NEGRO 122CM DE ANCHO MITOCAL;'MITO1600MARMOLNEG;'';'';-19,100;0,000;0,000;metro;21%;Pro SRL;Pesos;7692,74;35,20;10400,58;12584,70;SI;SI;NO;0;0;
1141;Habilitado;SI;SI;NO;NO;Unical Transparente Brillante o Matte 80mic;IMPRESION UNICAL TRANSPARENTE MATTE 152CM X 50MTS 80MIC;'VUTM152 ;'';''VUTG152;0,000;0,000;0,000;unidad;21%;DIGRAFICA SRL;Pesos;152473,02;29,15;196918,91;238271,88;SI;SI;NO;0;0;
1142;Habilitado;SI;SI;NO;NO;Unical Transparente Brillante o Matte 80mic;IMPRESION UNICAL TRANSPARENTE MATTE 107CM X 50MTS 80MIC;'VUTM107;'';''VUTM107;0,000;0,000;0,000;unidad;21%;DIGRAFICA SRL;Pesos;107336,23;29,15;138624,74;167735,94;SI;SI;NO;0;0;;;<p>actualización precios costo y venta 9/06/21. Costo usd 1.505 + Iva. PV Usd 1.90 + Iva m2<br></p>;
1143;Habilitado;SI;SI;NO;NO;Unical Transparente Brillante o Matte 80mic;IMPRESION UNICAL TRANSPARENTE MATTE 137CM X 50MTS 80MIC;'VUTM137 ;'';''VUTM137;0,000;0,000;0,000;unidad;21%;DIGRAFICA SRL;Pesos;137421,75;29,15;177480,19;214751,03;SI;SI;NO;0;0;;;<p>actualización precios costo y venta 9/06/21. Costo usd 1.505 + Iva. PV Usd 1.90 + Iva m2<br></p>;
1144;Habilitado;SI;SI;NO;NO;Unical Transparente Brillante o Matte 80mic;IMPRESION UNICAL TRANSPARENTE MATTE 127CM X 50MTS 80MIC;'VUTM127 ;'';''VUTM127;0,000;0,000;0,000;unidad;21%;DIGRAFICA SRL;Pesos;127398,91;29,15;164535,69;199088,18;SI;SI;NO;0;0;;;<p>actualización precios costo y venta 9/06/21. Costo usd 1.505 + Iva. PV Usd 1.90 + Iva m2<br></p>;
1145;Habilitado;SI;SI;NO;NO;Cepillados/cromados;Vinilo Holografico Tornasolado sequins 63cm;'Vhs-63 ;'';''SAVLS;75,200;50,000;10,000;metro;21%;Pro SRL;Pesos;2467,85;30,00;3208,21;3881,93;SI;SI;NO;0;0;
1147;Habilitado;SI;SI;NO;NO;Magesa Base Negra Brillante 80mic;Impresion Magesa Base Negra Brillante 1.52 x 50mts ;'HMVBG152  ;'';''HMVBr152;0,000;2,000;1,000;unidad;21%;Geo Digital;Pesos;150411,30;27,00;191022,35;231137,04;SI;SI;NO;0;0;;;<p>tiene un 10% de descuento hecho ya que comprando 10 rollos (siempre combinan con Lg para adquirir el desc)&nbsp <br></p>;
1148;Habilitado;SI;SI;NO;NO;Oracal 8300;8300-96 TRANSPARENT STEEL BLUE 63CM;'830096H ;'';''830096H;0,000;10,000;10,000;metro;21%;Helioday;Pesos;9442,75;30,00;12275,58;14853,45;SI;SI;NO;0;0;
1149;Habilitado;SI;SI;NO;NO;Front Ultraflex 13oz;Lona Front Ultraflex 13oz Brillante 90CM x 50MTS;'ULT-90;'';'';0,000;0,000;0,000;unidad;21%;Geo Digital;Pesos;94920,70;22,00;115803,25;140121,93;SI;NO;NO;0;0;
1150;Habilitado;SI;SI;NO;NO;Front Ultraflex 13oz;Lona Front Ultraflex 13oz Brillante 100CM X 50MTS;'ULT-100 ;'';'';0,000;0,000;0,000;unidad;21%;Geo Digital;Pesos;105467,43;22,00;128670,26;155691,01;SI;SI;NO;0;0;
1151;Habilitado;SI;SI;NO;NO;Front Ultraflex 13oz;Lona Front Ultraflex 13oz Brillante 110CM X 50MTS;'ULT-110 ;'';'';0,000;0,000;0,000;unidad;21%;Geo Digital;Pesos;116014,20;22,00;141537,32;171260,16;SI;NO;NO;0;0;
1152;Habilitado;SI;SI;NO;NO;Front Ultraflex 13oz;Lona Front Ultraflex 13oz Brillante 125CM X 50MTS;'ULT-125;'';'';0,000;0,000;0,000;unidad;21%;Geo Digital;Pesos;131834,27;22,00;160837,81;194613,75;SI;SI;NO;0;0;
1153;Habilitado;SI;SI;NO;NO;Front Ultraflex 13oz;Lona Front Ultraflex 13oz Brillante 137CM X 50MTS;'ULT-137 ;'';'';0,000;0,000;0,000;unidad;21%;Geo Digital;Pesos;144490,34;22,00;176278,21;213296,63;SI;SI;NO;0;0;
1154;Habilitado;SI;SI;NO;NO;Front Ultraflex 13oz;Lona Front Ultraflex 13oz Brillante 152CM x 50MTS;'ULT-152 ;'';'';0,000;0,000;0,000;unidad;21%;Geo Digital;Pesos;160310,48;22,00;195578,79;236650,34;SI;SI;NO;0;0;
1155;Habilitado;SI;SI;NO;NO;Front Ultraflex 13oz;Lona Front Ultraflex 13oz Brillante 160CM X 50MTS;'ULT-160 ;'';'';0,000;0,000;0,000;unidad;21%;Geo Digital;Pesos;168747,88;22,00;205872,41;249105,62;SI;SI;NO;0;0;
1156;Habilitado;SI;SI;NO;NO;Front Ultraflex 13oz;Lona Front Ultraflex 13oz Brillante 180CM X 50MTS;'ULT-180  ;'';'';0,000;0,000;0,000;unidad;21%;Geo Digital;Pesos;189841,35;22,00;231606,45;280243,80;SI;SI;NO;0;0;
1157;Habilitado;SI;SI;NO;NO;Front Ultraflex 13oz;Lona Front Ultraflex 13oz Brillante 200CM X 50MTS;'ULT-200 ;'';'';0,000;0,000;0,000;unidad;21%;Geo Digital;Pesos;210934,85;22,00;257340,52;311382,03;SI;SI;NO;0;0;
1158;Habilitado;SI;SI;NO;NO;Front Ultraflex 13oz;Lona Front Ultraflex 13oz Brillante 220CM X 50MTS;'ULT-220  ;'';'';0,000;0,000;0,000;unidad;21%;Geo Digital;Pesos;232028,33;22,00;283074,56;342520,22;SI;SI;NO;0;0;
1159;Habilitado;SI;SI;NO;NO;Front Ultraflex 13oz;Lona Front Ultraflex 13oz Brillante 250CM x 50mts;'ULT-250  ;'';'';0,000;0,000;0,000;unidad;21%;Geo Digital;Pesos;263668,58;22,00;321675,67;389227,56;SI;SI;NO;0;0;
1160;Habilitado;SI;SI;NO;NO;Front Ultraflex 13oz;Lona Front Ultraflex 13oz Brillante 320CM X 50MTS;'ULT-320  ;'';'';0,000;0,000;0,000;unidad;21%;Geo Digital;Pesos;337495,74;22,00;411744,80;498211,21;SI;SI;NO;0;0;
1161;Habilitado;SI;SI;NO;NO;Lonas;LONA BACKLITE UNICAL 125CM X 50MTS;'BACKUNI125;'';''BACKUNI125;0,000;0,000;0,000;unidad;21%;DIGRAFICA SRL;Pesos;121717,19;30,00;158232,35;191461,14;SI;SI;NO;0;0;;;<p>actualización 9/6/21 use 1.53 + Iva m2 costo<br></p>;
1162;Habilitado;SI;SI;NO;NO;Backlite Ultraflex;LONA BACKLITE ULTRAFLEX 100CM X 50MTS;'BACKULI100;'';''BACKUNI100;0,000;0,000;0,000;unidad;21%;Geo Digital;Pesos;105141,47;22,00;128272,59;155209,83;SI;SI;NO;0;0;;;<p>actualización 9/6/21 use 1.53 + Iva m2 costo<br></p>;
1163;Habilitado;SI;SI;NO;NO;Backlite Ultraflex;LONA BACKLITE ULTRAFLEX 110CM X 50MTS;'BACKULI110 ;'';''BACKUNI110;0,000;0,000;0,000;unidad;21%;Geo Digital;Pesos;143572,51;22,00;175158,46;211941,74;SI;SI;NO;0;0;;;<p>actualización 9/6/21 use 1.53 + Iva m2 costo<br></p>;
1164;Habilitado;SI;SI;NO;NO;Backlite Ultraflex;LONA BACKLITE ULTRAFLEX 125CM X 50MTS;'BACKULT125  ;'';''BACKULT125;0,000;0,000;0,000;unidad;21%;Geo Digital;Pesos;163150,56;22,00;199043,68;240842,85;SI;SI;NO;0;0;;;<p>actualización 9/6/21 use 1.53 + Iva m2 costo<br></p>;
1165;Habilitado;SI;SI;NO;NO;Backlite Ultraflex;LONA BACKLITE ULTRAFLEX 137CM X 50MTS;'BACKULI137   ;'';''BACKUNI137;0,000;0,000;0,000;unidad;21%;Geo Digital;Pesos;178813,03;22,00;218151,90;263963,80;SI;SI;NO;0;0;;;<p>actualización 9/6/21 use 1.53 + Iva m2 costo<br></p>;
1166;Habilitado;SI;SI;NO;NO;Lonas;LONA BACKLITE ULTRAFLEX 152CM X 50MTS;'BACKULI152   ;'';''BACKUNI152;0,000;0,000;0,000;unidad;21%;Geo Digital;Pesos;220434,54;22,00;268930,14;325405,47;SI;SI;NO;0;0;;;<p>actualización 9/6/21 use 1.53 + Iva m2 costo<br></p>;
1167;Habilitado;SI;SI;NO;NO;Backlite Ultraflex;LONA BACKLITE ULTRAFLEX 160CM X 50MTS;'BACKULI160  ;'';''BACKUNI160;0,000;0,000;0,000;unidad;21%;Geo Digital;Pesos;208832,73;22,00;254775,93;308278,88;SI;SI;NO;0;0;;;<p>actualización 9/6/21 use 1.53 + Iva m2 costo<br></p>;
1168;Habilitado;SI;SI;NO;NO;Backlite Ultraflex;LONA BACKLITE ULTRAFLEX 182CM X 50MTS;'BACKULI182   ;'';''BACKUNI182;0,000;0,000;0,000;unidad;21%;Geo Digital;Pesos;237547,21;22,00;289807,60;350667,20;SI;SI;NO;0;0;;;<p>actualización 9/6/21 use 1.53 + Iva m2 costo<br></p>;
1169;Habilitado;SI;SI;NO;NO;Backlite Ultraflex;LONA BACKLITE ULTRAFLEX 220CM X 50MTS;'BACKULI220 ;'';''BACKUNI220;0,000;0,000;0,000;unidad;21%;Geo Digital;Pesos;287145,00;22,00;350316,90;423883,45;SI;SI;NO;0;0;;;<p>actualización 9/6/21 use 1.53 + Iva m2 costo<br></p>;
1172;Habilitado;SI;SI;NO;NO;Varuk Base Blanca Brillante 100mic;IMPRESION VARUK BASE BLANCA BRILLANTE 100MIC 107CM X 50MTS ;'VVBB107 ;'';''VVBB107;0,000;0,000;0,000;unidad;21%;Geo Digital;Pesos;143998,12;25,00;179997,65;217797,16;SI;SI;NO;0;0;;;<p>Actualizado dia 9/06/2021 precio costo USD 1.534 + Iva/ precio venta Usd 1.99 + Iva m2</p>;
1173;Habilitado;SI;SI;NO;NO;Varuk Base Blanca Brillante 100mic;IMPRESION VARUK BASE BLANCA BRILLANTE 100MIC 137CM X 50MTS ;'VVBB137  ;'';''VVBB137;0,000;0,000;0,000;unidad;21%;Geo Digital;Pesos;184371,45;25,00;230464,31;278861,82;SI;SI;NO;0;0;;;<p>Actualizado dia 9/06/2021 precio costo USD 1.534 + Iva/ precio venta Usd 1.99 + Iva m2</p>;
1174;Habilitado;SI;SI;NO;NO;Varuk Base Blanca Brillante 100mic;IMPRESION VARUK BASE BLANCA BRILLANTE 100MIC 152CM X 50MTS ;'VVBB152;'';''VVBB152;0,000;0,000;0,000;unidad;21%;Geo Digital;Pesos;204558,12;25,00;255697,65;309394,16;SI;SI;NO;0;0;;;<p>Actualizado dia 9/06/2021 precio costo USD 1.534 + Iva/ precio venta Usd 1.99 + Iva m2</p>;
1175;Habilitado;SI;SI;NO;NO;Varuk Base Blanca Matte 100mic;IMPRESION VARUK BASE BLANCA MATTE 100MIC 107CM X 50MTS ;'VVBBM107;'';''VVBBM107;0,000;0,000;0,000;unidad;21%;Geo Digital;Pesos;126048,79;25,00;157560,99;190648,80;SI;SI;NO;0;0;;;<p>Actualizado dia 9/06/2021 precio costo USD 1.534 + Iva/ precio venta Usd 1.99 + Iva m2</p>;
1176;Habilitado;SI;SI;NO;NO;Varuk Base Blanca Matte 100mic;IMPRESION VARUK BASE BLANCA MATTE 100MIC 137CM X 50MTS ;'VVBBM137   ;'';''VVBBM137;0,000;0,000;0,000;unidad;21%;Geo Digital;Pesos;161389,57;25,00;201736,96;244101,72;SI;SI;NO;0;0;;;<p>Actualizado dia 9/06/2021 precio costo USD 1.534 + Iva/ precio venta Usd 1.99 + Iva m2</p>;
1177;Habilitado;SI;SI;NO;NO;Varuk Base Blanca Matte 100mic;IMPRESION VARUK BASE BLANCA MATTE 100MIC 152CM X 50MTS ;'VVBBM152 ;'';''VVBBM152;0,000;0,000;0,000;unidad;21%;Geo Digital;Pesos;179059,98;25,00;223824,98;270828,23;SI;SI;NO;0;0;;;<p>Actualizado dia 9/06/2021 precio costo USD 1.534 + Iva/ precio venta Usd 1.99 + Iva m2</p>;
1178;Habilitado;SI;SI;NO;NO;Varuk Base Gris Brillante 100mic;IMPRESION VARUK BASE GRIS BRILLANTE 100MIC 107CM X 50MTS ;'VVBG107  ;'';''VVBG107;0,000;0,000;0,000;unidad;21%;Geo Digital;Pesos;156445,19;25,00;195556,49;236623,35;SI;SI;NO;0;0;;;<p>Actualizado dia 9/06/2021 precio costo USD 1.534 + Iva/ precio venta Usd 1.99 + Iva m2</p>;
1179;Habilitado;SI;SI;NO;NO;Varuk Base Gris Brillante 100mic;IMPRESION VARUK BASE GRIS BRILLANTE 100MIC 137CM X 50MTS ;'VVBG137  ;'';''VVBG137;0,000;0,000;0,000;unidad;21%;Geo Digital;Pesos;200308,29;25,00;250385,36;302966,29;SI;SI;NO;0;0;;;<p>Actualizado dia 9/06/2021 precio costo USD 1.534 + Iva/ precio venta Usd 1.99 + Iva m2</p>;
1180;Habilitado;SI;SI;NO;NO;Varuk Base Gris Brillante 100mic;IMPRESION VARUK BASE GRIS BRILLANTE 100MIC 152CM X 50MTS ;'VVBG152;'';''VVBG152;0,000;0,000;0,000;unidad;21%;Geo Digital;Pesos;222239,88;25,00;277799,85;336137,82;SI;SI;NO;0;0;;;<p>Actualizado dia 9/06/2021 precio costo USD 1.534 + Iva/ precio venta Usd 1.99 + Iva m2</p>;
1181;Habilitado;SI;SI;NO;NO;Varuk Base Gris Matte 100mic;IMPRESION VARUK BASE GRIS MATTE 100MIC 107CM X 50MTS ;'VVBGM107   ;'';''VVBGM107;0,000;0,000;0,000;unidad;21%;Geo Digital;Pesos;146210,45;25,00;182763,06;221143,30;SI;SI;NO;0;0;;;<p>Actualizado dia 9/06/2021 precio costo USD 1.534 + Iva/ precio venta Usd 1.99 + Iva m2</p>;
1182;Habilitado;SI;SI;NO;NO;Varuk Base Gris Matte 100mic;IMPRESION VARUK BASE GRIS MATTE 100MIC 137CM X 50MTS ;'VVBGM137  ;'';''VVBGM137;0,000;0,000;0,000;unidad;21%;Geo Digital;Pesos;187204,01;25,00;234005,01;283146,06;SI;SI;NO;0;0;;;<p>Actualizado dia 9/06/2021 precio costo USD 1.534 + Iva/ precio venta Usd 1.99 + Iva m2</p>;
1183;Habilitado;SI;SI;NO;NO;Varuk Base Gris Matte 100mic;IMPRESION VARUK BASE GRIS MATTE 100MIC 152CM X 50MTS ;'VVBGM152 ;'';''VVBGM152;0,000;0,000;0,000;unidad;21%;Geo Digital;Pesos;207700,82;25,00;259626,03;314147,50;SI;SI;NO;0;0;;;<p>Actualizado dia 9/06/2021 precio costo USD 1.534 + Iva/ precio venta Usd 1.99 + Iva m2</p>;
1184;Habilitado;SI;SI;NO;NO;Front Ultraflex 13oz;Lona Front Ultraflex 7oz Brillante 250CM X 100MTS;'ULT7OZ-250  ;'';'';0,000;0,000;0,000;unidad;21%;Geo Digital;Pesos;406143,17;22,00;495494,67;599548,55;SI;SI;NO;0;0;
1185;Habilitado;SI;SI;NO;NO;Front Ultraflex 13oz;Lona Front Ultraflex 7oz Brillante 320CM X 100MTS;'ULT7OZ-320  ;'';'';0,000;0,000;0,000;unidad;21%;Geo Digital;Pesos;442176,71;25,00;552720,89;668792,28;SI;SI;NO;0;0;
1187;Habilitado;SI;SI;NO;NO;01 Vinilo Impresion Lg2710/2700 G y M;LG 2710G BASE GIRS 152CM FRACCINADO;'LG2710G152F;'';''LG2710G152;0,000;1,000;1,000;unidad;21%;Grafisur;Pesos;8311,32;50,00;12466,98;15085,05;SI;SI;NO;0;0;
1188;Habilitado;SI;SI;NO;NO;01 Vinilo Impresion Lg2710/2700 G y M;LG 2710G BASE GRIS 105CM FRACCIONADO;'LG2710G105F;'';''LG2710G105;0,000;1,000;1,000;unidad;21%;Grafisur;Pesos;5756,09;50,00;8634,14;10447,31;SI;SI;NO;0;0;
1189;Habilitado;SI;SI;NO;NO;01 Vinilo Impresion Lg1712;VINILO DE IMPRESION TRANSPARENTE LG 1712 BRILLANTE 1.06 FRACCIONADO;'1712-106F ;'';'';-22,000;1,000;1,000;unidad;21%;Grafisur;Pesos;2742,10;40,00;3838,94;4645,12;SI;SI;NO;0;0;
1191;Habilitado;SI;SI;NO;NO;01 Vinilo Impresion Lg1712;VINILO DE IMPRESION TRANSPARENTE LG 1712 BRILLANTE 1.52 FRACCIONADO;'1712-152F;'';'';0,000;1,000;1,000;unidad;21%;Grafisur;Pesos;3932,07;40,00;5504,90;6660,93;SI;SI;NO;0;0;
1192;Habilitado;SI;SI;NO;NO;Base gris Matte;Vinilo Orajet 3164XM Base gris Matte 100cm x 50mts;'316410G ;'';'';0,000;0,000;0,000;unidad;21%;Helioday;Pesos;217220,70;35,00;293247,95;354830,02;SI;SI;NO;0;0;
1193;Habilitado;SI;NO;NO;NO;01 Vinilo Impresion Lg1740/1750;LG 3912G LAMINADO PREMIUM VEHICULAR 152cm ;'3912G152;'';'';0,000;0,000;0,000;unidad;21%;Grafisur;Pesos;333886,16;1,00;337225,02;408042,27;SI;SI;NO;0;0;
1194;Habilitado;SI;SI;NO;NO;Car Wrapping;CROMADO FLEXIBLE MITOCAL BUB. FREE VIOLETA 152CM;'CRMITOVI ;'';'';1,000;0,000;0,000;unidad;21%;Pro SRL;Pesos;19777,88;32,00;26106,80;31589,23;SI;SI;NO;0;0;
1195;Habilitado;SI;SI;NO;NO;Esmerilado;Esmerilado MITOCAL gris 1.22 de ancho x 50mts;'ESMMITO122 ;'';'ESMMITO122;-45,000;200,000;100,000;metro;21%;Pro SRL;Pesos;6394,65;37,00;8760,67;10600,41;SI;SI;NO;0;0;
1196;Habilitado;SI;SI;NO;NO;Esmerilado;Esmerilado MITOCAL gris 0.61 de ancho x 50mts;'ESMMITO61 ;'';'ESMMITO61;-502,000;100,000;50,000;metro;21%;Pro SRL;Pesos;3198,06;37,00;4381,34;5301,42;SI;SI;NO;0;0;
1197;Habilitado;SI;SI;NO;NO;Oracal 8300;8300-97 TRANSPARENT BLUE GREEN 126CM;'830097  ;'';''830097;-1,000;0,000;10,000;metro;21%;Helioday;Pesos;18885,51;30,00;24551,16;29706,90;SI;SI;NO;0;0;
1198;Habilitado;SI;SI;NO;NO;Oracal 8300;8300-97 TRANSPARENT BLUE GREEN 63CM;'830097H  ;'';''830097H;0,000;10,000;10,000;metro;21%;Helioday;Pesos;9442,75;30,00;12275,58;14853,45;SI;SI;NO;0;0;
1199;Habilitado;SI;SI;NO;NO;MATTE;ORACAL 651-19M MATTE SIGNAL YELLOW - 126CM;'65119M ;'';''65119M;0,000;25,000;10,000;metro;21%;Helioday;Pesos;13339,04;30,00;17340,75;20982,31;SI;SI;NO;0;0;
1200;Habilitado;SI;SI;NO;NO;MATTE;ORACAL 651-19M MATTE SIGNAL YELLOW - 63CM;'65119M-63 ;'';''65119M-63;0,000;25,000;10,000;metro;21%;Helioday;Pesos;6669,61;30,00;8670,49;10491,29;SI;SI;NO;0;0;
1201;Habilitado;SI;SI;NO;NO;MATTE;ORACAL 651-32M MATTE LIGHT RED -126CM;'65132M;'';''65132M;-26,000;25,000;10,000;metro;21%;Helioday;Pesos;13339,04;30,00;17340,75;20982,31;SI;SI;NO;0;0;
1202;Habilitado;SI;SI;NO;NO;MATTE;ORACAL 651-32M MATTE LIGHT RED - 63CM;'65132M-63 ;'';''65132M-63;-22,000;10,000;5,000;metro;21%;Helioday;Pesos;6669,61;30,00;8670,49;10491,29;SI;SI;NO;0;0;
1203;Habilitado;SI;SI;NO;NO;MATTE;ORACAL 651-22M MATTE LIGHT YELLOW - 63CM;'65122M-63 ;'';''65122M-63;0,000;25,000;10,000;metro;21%;Helioday;Pesos;6669,61;30,00;8670,49;10491,29;SI;SI;NO;0;0;
1204;Habilitado;SI;SI;NO;NO;MATTE;ORACAL 651-22M MATTE LIGHT YELLOW - 126CM;'65122M ;'';''65122M;-15,000;25,000;15,000;metro;21%;Helioday;Pesos;13339,04;30,00;17340,75;20982,31;SI;SI;NO;0;0;
1206;Habilitado;SI;SI;NO;NO;MATTE;ORACAL 651-25M MATTE BRIMSTONE YELLOW - 126CM;'65125M;'';''65125M;-37,000;25,000;10,000;metro;21%;Helioday;Pesos;13339,04;30,00;17340,75;20982,31;SI;SI;NO;0;0;
1207;Habilitado;SI;SI;NO;NO;MATTE;ORACAL 651-25M MATTE BRIMSTONE YELLOW - 63CM;'65125M-63 ;'';''65125M-63;0,000;25,000;10,000;metro;21%;Helioday;Pesos;6669,61;30,00;8670,49;10491,29;SI;SI;NO;0;0;
1208;Habilitado;SI;SI;NO;NO;Blockout Magesa;LONA BLOCKOUT MAGESA 110CM X 50MTS;'BOUL110 ;'';''BO110;0,000;0,000;0,000;unidad;21%;Geo Digital;Pesos;222590,55;22,00;271560,47;328588,17;SI;SI;NO;0;0;;;<p>actualización 9/6/21 use 1.53 + Iva m2 costo<br></p>;
1209;Habilitado;SI;SI;NO;NO;Blockout Magesa;LONA BLOCKOUT MAGESA 100CM X 50MTS;'BOUL100 ;'';''BO100;0,000;0,000;0,000;unidad;21%;Geo Digital;Pesos;202355,05;22,00;246873,16;298716,52;SI;SI;NO;0;0;;;<p>actualización 9/6/21 use 1.53 + Iva m2 costo<br></p>;
1210;Habilitado;SI;SI;NO;NO;Blockout Magesa;LONA BLOCKOUT MAGESA 125CM X 50MTS;'BOUL125 ;'';''BO125;0,000;0,000;0,000;unidad;21%;Geo Digital;Pesos;252943,84;22,00;308591,48;373395,69;SI;SI;NO;0;0;;;<p>actualización 9/6/21 use 1.53 + Iva m2 costo<br></p>;
1211;Habilitado;SI;SI;NO;NO;Blockout Magesa;LONA BLOCKOUT MAGESA 137CM X 50MTS;'BOUL137  ;'';''BO137;0,000;0,000;0,000;unidad;21%;Geo Digital;Pesos;277226,42;22,00;338216,23;409241,64;SI;SI;NO;0;0;;;<p>actualización 9/6/21 use 1.53 + Iva m2 costo<br></p>;
1212;Habilitado;SI;SI;NO;NO;Blockout Magesa;LONA BLOCKOUT MAGESA 152CM X 50MTS;'BOUL152  ;'';''BO152;0,000;0,000;0,000;unidad;21%;Geo Digital;Pesos;307579,66;22,00;375247,19;454049,10;SI;SI;NO;0;0;;;<p>actualización 9/6/21 use 1.53 + Iva m2 costo<br></p>;
1214;Habilitado;SI;SI;NO;NO;Base gris Matte;Vinilo Orajet 3164XM Base gris Matte 137cm x 50mts;'316410M137;'';'';0,000;0,000;0,000;unidad;21%;Helioday;Pesos;297592,36;35,00;401749,69;486117,12;SI;SI;NO;0;0;
1215;Habilitado;SI;SI;NO;NO;Transparente brillante;Vinilo Orajet 3164G TRANSPARENTE brillante 1.37x50mts;'316400137 ;'';'';0,000;0,000;0,000;metro;21%;Helioday;Pesos;358911,65;22,00;437872,21;529825,37;SI;SI;NO;0;0;
1216;Habilitado;SI;SI;NO;NO;Transparente brillante;Vinilo Orajet 3164G TRANSPARENTE brillante 1.52x50mts;'316400152 ;'';'';0,000;0,000;0,000;metro;21%;Helioday;Pesos;398208,57;22,00;485814,46;587835,50;SI;SI;NO;0;0;
1217;Habilitado;SI;SI;NO;NO;Transparente Matte;Vinilo Orajet 3164M TRANSPARENTE MATTE 1.37x50mts;'316400137M ;'';'';0,000;0,000;0,000;metro;21%;Helioday;Pesos;358911,65;22,00;437872,21;529825,37;SI;SI;NO;0;0;
1218;Habilitado;SI;SI;NO;NO;Transparente Matte;Vinilo Orajet 3164M TRANSPARENTE MATTE 1.52x50mts;'316400152M  ;''Copia de ;'';0,000;0,000;0,000;metro;21%;Helioday;Pesos;398208,57;22,00;485814,46;587835,50;SI;SI;NO;0;0;
1219;Habilitado;SI;SI;NO;NO;Base gris Matte;Vinilo Orajet 3164XM Base gris Matte 152cm x 50mts;'316410M152 ;'';'316410M152 ;0,000;0,000;0,000;unidad;21%;Helioday;Pesos;330175,46;35,00;445736,87;539341,61;SI;SI;NO;0;0;
1220;Habilitado;SI;SI;NO;NO;Base blanca brillante;Vinilo Orajet 3164G Base Blanca Brillante 1.26 x 50mts;'316410G126 ;'';'';0,000;0,000;0,000;unidad;21%;Helioday;Pesos;345098,20;22,00;421019,80;509433,96;SI;SI;NO;0;0;
1221;Habilitado;SI;SI;NO;NO;Base blanca brillante;Vinilo Orajet 3164G Base Blanca Brillante 1.37 x 50mts;'316410G137  ;'';'';0,000;0,000;0,000;unidad;21%;Helioday;Pesos;375225,82;22,00;457775,50;553908,36;SI;SI;NO;0;0;
1222;Habilitado;SI;SI;NO;NO;Base blanca brillante;Vinilo Orajet 3164G Base Blanca Brillante 1.52 x 50mts;'316410G152  ;'';'';0,000;0,000;0,000;unidad;21%;Helioday;Pesos;416308,94;22,00;507896,91;614555,26;SI;SI;NO;0;0;
1223;Habilitado;SI;SI;NO;NO;Base blanca Matte;Vinilo Orajet 3164M base blanca Matte 1.37 x 50mts;'316410M137BB;'';'';0,000;0,000;0,000;unidad;21%;Helioday;Pesos;358911,65;22,00;437872,21;529825,37;SI;SI;NO;0;0;
1224;Habilitado;SI;SI;NO;NO;Base blanca Matte;Vinilo Orajet 3164M base blanca Matte 1.52 x 50mts;'316410M152BB;'';'';0,000;0,000;0,000;unidad;21%;Helioday;Pesos;398208,57;22,00;485814,46;587835,50;SI;SI;NO;0;0;
1225;Habilitado;SI;SI;NO;NO;Base blanca Matte;Vinilo Orajet 3164M Base blanca Matte 1.00 x 50mts;'316410M100;'';'';0,000;0,000;0,000;unidad;21%;Helioday;Pesos;261979,29;22,00;319614,73;386733,82;SI;SI;NO;0;0;
1226;Habilitado;SI;SI;NO;NO;Base blanca Matte;Vinilo Orajet 3164M Base blanca Matte 1.05 x 50mts;'316410M105;'';'';0,000;0,000;0,000;unidad;21%;Helioday;Pesos;275078,26;22,00;335595,48;406070,53;SI;SI;NO;0;0;
1227;Habilitado;SI;SI;NO;NO;Base gris Brillante;Vinilo Orajet 3164XG Base gris Brillante 1.52 x 50mts;'316410XG152;'';'';0,000;0,000;0,000;unidad;21%;Helioday;Pesos;398208,57;22,00;485814,46;587835,50;SI;SI;NO;0;0;
1228;Habilitado;SI;SI;NO;NO;Base gris Brillante;Vinilo Orajet 3164XG Base gris Brillante 1.37 x 50mts;'316410XG137 ;'';'';0,000;0,000;0,000;unidad;21%;Helioday;Pesos;358911,65;22,00;437872,21;529825,37;SI;SI;NO;0;0;
1229;Habilitado;SI;SI;NO;NO;Base gris Brillante;Vinilo Orajet 3164XG Base gris Brillante 1.26 x 50mts;'316410XG126 ;'';'';0,000;0,000;0,000;unidad;21%;Helioday;Pesos;330093,94;22,00;402714,61;487284,68;SI;SI;NO;0;0;
1230;Habilitado;SI;SI;NO;NO;Base gris Brillante;Vinilo Orajet 3164XG Base gris Brillante 1.05 x 50mts;'316410XG105 ;'';'';0,000;0,000;0,000;unidad;21%;Helioday;Pesos;275078,26;22,00;335595,48;406070,53;SI;SI;NO;0;0;
1231;Habilitado;SI;SI;NO;NO;Base gris Brillante;Vinilo Orajet 3164XG Base gris Brillante 1.00 x 50mts;'316410XG100;'';'';0,000;0,000;0,000;unidad;21%;Helioday;Pesos;261979,29;22,00;319614,73;386733,82;SI;SI;NO;0;0;
1232;Habilitado;SI;SI;NO;NO;Vinilo de Impresion Oracal 640;640 ORAJET TRANSPARENTE BRILLANTE 100CM 50MTS;'64000100;'';''64000100;0,000;0,000;0,000;unidad;21%;Helioday;Pesos;242765,43;22,00;296173,82;358370,32;SI;SI;NO;0;0;
1233;Habilitado;SI;SI;NO;NO;Vinilo de Impresion Oracal 640;640 ORAJET TRANSPARENTE BRILLANTE 126CM 50MTS;'64000126;'';''64000126;0,000;0,000;0,000;unidad;21%;Helioday;Pesos;305884,43;22,00;373179,00;451546,59;SI;SI;NO;0;0;
1234;Habilitado;SI;SI;NO;NO;Vinilo de Impresion Oracal 640;640 ORAJET TRANSPARENTE BRILLANTE 140CM 50MTS;'64000140 | 2024-07-30 15:18:09 | 56pku;'';''64000140;0,000;0,000;0,000;unidad;21%;Helioday;Pesos;339871,60;22,00;414643,35;501718,45;SI;SI;NO;0;0;
1235;Habilitado;SI;SI;NO;NO;Vinilo de Impresion Oracal 640;640 ORAJET BASE BLANCA BRILLANTE 100CM 50MTS;'64010100 ;'';''64010100;0,000;0,000;0,000;unidad;21%;Helioday;Pesos;189662,85;40,00;265527,99;321288,87;SI;SI;NO;0;0;
1236;Habilitado;SI;SI;NO;NO;Vinilo de Impresion Oracal 640;640 ORAJET BASE BLANCA BRILLANTE 140CM 50MTS;'64010140 ;'';''64010140;0,000;0,000;0,000;unidad;21%;Helioday;Pesos;339871,60;22,00;414643,35;501718,45;SI;SI;NO;0;0;
1237;Habilitado;SI;SI;NO;NO;Vinilo de Impresion Oracal 640;640 ORAJET TRANSPARENTE MATTE 100CM 50MTS;'640M00100;'';''640M00100;0,000;0,000;0,000;unidad;21%;Helioday;Pesos;242765,43;22,00;296173,82;358370,32;SI;SI;NO;0;0;
1238;Habilitado;SI;SI;NO;NO;Vinilo de Impresion Oracal 640;640 ORAJET TRANSPARENTE MATTE 126CM 50MTS;'640M00126;'';''640M00126;0,000;0,000;0,000;unidad;21%;Helioday;Pesos;305884,43;22,00;373179,00;451546,59;SI;SI;NO;0;0;
1239;Habilitado;SI;SI;NO;NO;Vinilo de Impresion Oracal 640;640 ORAJET TRANSPARENTE MATTE 140CM 50MTS;'640M00140;'';''640M00140;0,000;0,000;0,000;unidad;21%;Helioday;Pesos;339871,60;22,00;414643,35;501718,45;SI;SI;NO;0;0;
1240;Habilitado;SI;SI;NO;NO;Vinilo de Impresion Oracal 640;640 ORAJET BASE BLANCA MATTE 100CM 50MTS;'640M10100 ;'';''640M1010;0,000;0,000;0,000;unidad;21%;Helioday;Pesos;242765,43;22,00;296173,82;358370,32;SI;SI;NO;0;0;
1241;Habilitado;SI;SI;NO;NO;Vinilo de Impresion Oracal 640;640 ORAJET BASE BLANCA MATTE 140CM 50MTS;'640M10140 ;'';''640M10140;0,000;0,000;0,000;unidad;21%;Helioday;Pesos;339871,60;22,00;414643,35;501718,45;SI;SI;NO;0;0;
1242;Habilitado;SI;SI;NO;NO;Vinilo de Impresion Oracal 640;640 ORAJET BASE GRIS MATTE 100CM 50MTS;'640XM10100  ;'';''640XM10100;0,000;0,000;0,000;unidad;21%;Helioday;Pesos;242765,43;22,00;296173,82;358370,32;SI;SI;NO;0;0;
1244;Habilitado;SI;SI;NO;NO;Esmerilado;Esmerilado MITOCAL gris 1.52 de ancho x 50mts;'ESMMITO152;'';'ESMMITO152;-47,300;100,000;50,000;metro;21%;Pro SRL;Pesos;7965,37;37,00;10912,56;13204,20;SI;SI;NO;0;0;
1246;Habilitado;SI;SI;NO;NO;Front Ultraflex 13oz;Lona Front Magesa 13oz Brillante 100CM X 50MTS;'MAG-100;'';'';0,000;3,000;1,000;unidad;21%;Geo Digital;Pesos;100992,22;23,00;124220,43;150306,72;SI;NO;NO;0;0;
1247;Habilitado;SI;SI;NO;NO;Front Magesa 13oz;Lona Front Magesa 13oz Brillante 110CM X 50MTS;'MAG-110;'';'';0,000;2,000;1,000;unidad;21%;Geo Digital;Pesos;101918,75;23,00;125360,06;151685,67;SI;NO;NO;0;0;
1248;Habilitado;SI;SI;NO;NO;Front Magesa 13oz;Lona Front Magesa 13oz Brillante 137CM X 50MTS;'MAG-137;'';'';0,000;3,000;1,000;unidad;21%;Geo Digital;Pesos;126935,18;23,00;156130,27;188917,63;SI;SI;NO;0;0;
1249;Habilitado;SI;SI;NO;NO;Unical Transparente Brillante o Matte 80mic;IMPRESION UNICAL TRANSPARENTE MATTE 127CM 80MIC FRACCIONADO;'VUTM127F ;'';''VUTM127F;0,000;0,000;0,000;metro;21%;DIGRAFICA SRL;Pesos;3009,55;57,50;4740,04;5735,45;SI;SI;NO;0;0;;;<p>actualización precios costo y venta 9/06/21. Costo usd 1.505 + Iva. PV Usd 1.90 + Iva m2<br></p>;
1250;Habilitado;SI;SI;NO;NO;02 Vinilos Microperforado;MICROPERFORADO NAR X 098CM;'MICRONAR98;'';''MICRONAR98;0,000;0,000;0,000;unidad;21%;Grafisur;Pesos;152875,27;30,00;198737,85;240472,80;SI;SI;NO;0;0;
1251;Habilitado;SI;SI;NO;NO;02 Vinilos Microperforado;MICROPERFORADO SOLIDEX 100MIC X 127CM;'SOM127;'';''SOM127;0,000;0,000;0,000;unidad;21%;DIGRAFICA SRL;Pesos;190432,84;35,00;257084,33;311072,04;SI;SI;NO;0;0;
1252;Habilitado;SI;SI;NO;NO;02 Vinilos Microperforado;MICROPERFORADO SOLIDEX 100MIC X 137CM;'SOM137 ;'';''SOM137;0,000;0,000;0,000;unidad;21%;DIGRAFICA SRL;Pesos;205427,56;35,00;277327,21;335565,92;SI;SI;NO;0;0;
1253;Habilitado;SI;SI;NO;NO;02 Vinilos Microperforado;MICROPERFORADO SOLIDEX 100MIC X 152CM;'SOM152  ;'';''SOM152;0,000;0,000;0,000;unidad;21%;DIGRAFICA SRL;Pesos;227919,63;35,00;307691,50;372306,72;SI;SI;NO;0;0;
1254;Habilitado;SI;SI;NO;NO;BRILLANTE;ORACAL 651-67 BLUE - 0.315CM;'65167-31;'';''65167-31;98,000;0,000;0,000;metro;21%;Insugraf;Pesos;3618,30;10,00;3980,13;4815,96;SI;SI;NO;0;0;
1255;Habilitado;SI;SI;NO;NO;Car Wrapping;VINILO CAMALEON BLUE OPTICAS 0.30 DE ANCHO MITOPLAS;'MITOWRAP HC80;'';''MITOWRAPHC80;7,000;20,000;10,000;metro;21%;Pro SRL;Pesos;2380,82;30,00;3095,07;3745,03;SI;SI;NO;0;0;
1256;Habilitado;SI;SI;NO;NO;Vinilos termotransferibles;FILM DTF KING JET | FILM MATE ORIGEN CHINA 60CM X 100MTS;'DTF60;'';''DTF60;0,000;1,000;1,000;unidad;21%;Grafisur;Pesos;90950,00;35,00;122782,50;148566,83;SI;SI;NO;0;0;<p>Llevando 5 rollos 10% de descuento</p>;;<h1 class=   style= font-family: Lato. sans-serif  font-weight: normal  line-height: 1.2em  text-rendering: optimizelegibility  font-size: 1.8em  padding-top: 8px  padding-bottom: 8px  letter-spacing: 0.001em  >La Serie DTF80. Es un film PET IMPRIMIBLE de 80 micrones. es ideal para la impresión con tintas DTF permitiendo una optima transferencia con plancha. dando por resultado un estampa de alta calidad. Disponible en rollos de 0.61 x 50 Mts.<br></h1><p><h3 style= font-style: inherit  font-variant-caps: inherit  margin-bottom: 0px  font-family: &quot Open Sans&quot . sans-serif  font-weight: 400  line-height: inherit  text-rendering: optimizelegibility  font-size: 20px  text-transform: uppercase  font-variant-ligatures: inherit  font-variant-alternates: inherit  font-variant-numeric: inherit  font-variant-east-asian: inherit  font-variant-position: inherit  font-stretch: inherit  vertical-align: baseline  border: 0px  ><p></p><br class= Apple-interchange-newline ></h3></p><h4 style= font-family: inherit  font-style: inherit  font-variant-caps: inherit  letter-spacing: normal  orphans: auto  text-align: start  text-indent: 0px  white-space: normal  widows: auto  word-spacing: 0px  -webkit-text-stroke-width: 0px  text-decoration: none  margin: 0px  font-weight: 400  line-height: inherit  color: rgb(35. 155. 202)  text-rendering: optimizelegibility  font-size: 14px  text-transform: uppercase  font-variant-ligatures: inherit  font-variant-alternates: inherit  font-variant-numeric: inherit  font-variant-east-asian: inherit  font-variant-position: inherit  font-stretch: inherit  padding: 10px 0px 0px  vertical-align: baseline  border: 0px  display: table-cell  ></h4>;
1257;Habilitado;SI;SI;NO;NO;Car Wrapping;970-464GRA X 152CM GLOSS CON CANALES ;'970464GRA;'';'';0,000;0,000;0,000;metro;21%;Insugraf;Pesos;39474,07;25,00;49342,59;59704,53;SI;SI;NO;0;0;
1258;Habilitado;SI;SI;NO;NO;Varuk Base Gris Brillante 100mic;IMPRESION VARUK BASE GRIS BRILLANTE 100MIC 127CM X 50MTS ;'VVBG127;'';''VVBG127;0,000;1,000;1,000;unidad;21%;Geo Digital;Pesos;185686,82;25,00;232108,53;280851,32;SI;SI;NO;0;0;;;<p>Actualizado dia 9/06/2021 precio costo USD 1.534 + Iva/ precio venta Usd 1.99 + Iva m2</p>;
1259;Habilitado;SI;SI;NO;NO;Unical Base Blanca Brillante 100mic;IMPRESION UNICAL BASE BLANCA BRILLANTE 100MIC 107CM FRACCIONADO;'VUBB107F;'';''VUBB107F;0,000;0,000;0,000;metro;21%;DIGRAFICA SRL;Pesos;2214,25;50,00;3321,38;4018,87;SI;SI;NO;0;0;;;<p>Actualizado dia 9/06/2021 precio costo USD 1.534 + Iva/ precio venta Usd 1.99 + Iva m2<br></p>;
1260;Habilitado;SI;SI;NO;NO;Sublimacion;PAPEL SUBLIMACION 1.08X110mts 100grs SECADO RAPIDO MAGESA ;'PSUB108;'';''PSUB108;0,000;2,000;1,000;unidad;21%;Geo Digital;Pesos;71067,51;30,00;92387,76;111789,19;SI;SI;NO;0;0;
1261;Habilitado;SI;SI;NO;NO;Oracal 8300;8300-20 TRANSPARENT YELLOW - 63CM;'830020-63 ;'';''830020-63;0,000;10,000;5,000;metro;21%;Helioday;Pesos;9442,75;30,00;12275,58;14853,45;SI;SI;NO;0;0;
1263;Habilitado;SI;SI;NO;NO;Sublimacion;PAPEL SUBLIMACION 1.60X110mts 100grs SECADO RAPIDO MAGESA ;'PSUB160 ;'';''PSUB160;0,000;1,000;1,000;unidad;21%;Geo Digital;Pesos;134238,62;30,00;174510,21;211157,35;SI;SI;NO;0;0;
1265;Habilitado;SI;SI;NO;NO;Car Wrapping;CAMALEON TRANSPARENTE OPTICAS 0.30 DE ANCHO MITOPLAS;'MITOWRAP HC86;'';''MITOWRAPHC86;9,000;20,000;10,000;metro;21%;Pro SRL;Pesos;2380,82;30,00;3095,07;3745,03;SI;SI;NO;0;0;
1266;Habilitado;SI;SI;NO;NO;Front Magesa 13oz;Lona Front Magesa 13oz Brillante 125CM X 50MTS;'MAG-125 ;'';'';0,000;1,000;1,000;unidad;21%;Geo Digital;Pesos;115816,76;23,00;142454,61;172370,08;SI;NO;NO;0;0;
1267;Habilitado;SI;SI;NO;NO;Cepillados/cromados;Vinilo Holografico Tornasolado silver Impresion 63cm Rainbow ;'VHTI-61;'';''SAVLS;-40,000;100,000;50,000;metro;21%;Insugraf;Pesos;5009,02;30,00;6511,73;7879,19;SI;SI;NO;0;0;
1268;Habilitado;SI;SI;NO;NO;Cepillados/cromados;Vinilo Holografico Tornasolado silver Impresion 126cm Rainbow;'VHTI-126 ;'';''SAVLS126;-70,000;100,000;50,000;metro;21%;Insugraf;Pesos;10018,04;30,00;13023,45;15758,37;SI;SI;NO;0;0;
1269;Habilitado;SI;SI;NO;NO;Vinilos de Corte;VINILO CORTE VERDE 01 BRILLANTE  61CM (turquesa);'VCUVE01H;'';''VCUVE01H;23,000;50,000;10,000;metro;21%;DIGRAFICA SRL;Pesos;1919,43;36,99;2629,43;3181,61;SI;SI;NO;0;0;
1270;Habilitado;SI;SI;NO;NO;MATTE;ORACAL 651-83M NUT BROWN MATTE-126CM;'65183M ;'';''65183M;2,000;15,000;5,000;metro;21%;Helioday;Pesos;13339,04;30,00;17340,75;20982,31;SI;SI;NO;0;0;
1271;Habilitado;SI;SI;NO;NO;MATTE;ORACAL 651-83M NUT BROWN MATTE - 63CM;'65183M-63 ;'';''65183M-63;0,000;5,000;5,000;metro;21%;Helioday;Pesos;6669,61;30,00;8670,49;10491,29;SI;SI;NO;0;0;
1272;Deshabilitado;NO;NO;NO;NO;Vinilos termotransferibles;POLVO HOT MELT PARA DTF X 1KG;'HOTMELT;'';''HOTMELT;0,000;1,000;1,000;unidad;21%;Insugraf;Pesos;56586,06;25,00;70732,58;85586,42;SI;SI;NO;0;0;;;<h1 class=   style= font-family: Lato. sans-serif  font-weight: normal  line-height: 1.2em  text-rendering: optimizelegibility  font-size: 1.8em  padding-top: 8px  padding-bottom: 8px  letter-spacing: 0.001em  >La Serie DTF80. Es un film PET IMPRIMIBLE de 80 micrones. es ideal para la impresión con tintas DTF permitiendo una optima transferencia con plancha. dando por resultado un estampa de alta calidad. Disponible en rollos de 0.61 x 50 Mts.<br></h1><p><h3 style= font-style: inherit  font-variant-caps: inherit  margin-bottom: 0px  font-family: &quot Open Sans&quot . sans-serif  font-weight: 400  line-height: inherit  text-rendering: optimizelegibility  font-size: 20px  text-transform: uppercase  font-variant-ligatures: inherit  font-variant-alternates: inherit  font-variant-numeric: inherit  font-variant-east-asian: inherit  font-variant-position: inherit  font-stretch: inherit  vertical-align: baseline  border: 0px  ><p></p><br class= Apple-interchange-newline ></h3></p><h4 style= font-family: inherit  font-style: inherit  font-variant-caps: inherit  letter-spacing: normal  orphans: auto  text-align: start  text-indent: 0px  white-space: normal  widows: auto  word-spacing: 0px  -webkit-text-stroke-width: 0px  text-decoration: none  margin: 0px  font-weight: 400  line-height: inherit  color: rgb(35. 155. 202)  text-rendering: optimizelegibility  font-size: 14px  text-transform: uppercase  font-variant-ligatures: inherit  font-variant-alternates: inherit  font-variant-numeric: inherit  font-variant-east-asian: inherit  font-variant-position: inherit  font-stretch: inherit  padding: 10px 0px 0px  vertical-align: baseline  border: 0px  display: table-cell  ></h4>;
1273;Deshabilitado;NO;NO;NO;NO;Vinilos termotransferibles;TINTA DTF i1600 CMYK;'TINTADTF;'';''TINTADTF;0,000;1,000;1,000;unidad;21%;Insugraf;Pesos;90537,70;25,00;113172,13;136938,28;SI;SI;NO;0;0;;;<h1 class=   style= font-family: Lato. sans-serif  font-weight: normal  line-height: 1.2em  text-rendering: optimizelegibility  font-size: 1.8em  padding-top: 8px  padding-bottom: 8px  letter-spacing: 0.001em  >La Serie DTF80. Es un film PET IMPRIMIBLE de 80 micrones. es ideal para la impresión con tintas DTF permitiendo una optima transferencia con plancha. dando por resultado un estampa de alta calidad. Disponible en rollos de 0.61 x 50 Mts.<br></h1><p><h3 style= font-style: inherit  font-variant-caps: inherit  margin-bottom: 0px  font-family: &quot Open Sans&quot . sans-serif  font-weight: 400  line-height: inherit  text-rendering: optimizelegibility  font-size: 20px  text-transform: uppercase  font-variant-ligatures: inherit  font-variant-alternates: inherit  font-variant-numeric: inherit  font-variant-east-asian: inherit  font-variant-position: inherit  font-stretch: inherit  vertical-align: baseline  border: 0px  ><p></p><br class= Apple-interchange-newline ></h3></p><h4 style= font-family: inherit  font-style: inherit  font-variant-caps: inherit  letter-spacing: normal  orphans: auto  text-align: start  text-indent: 0px  white-space: normal  widows: auto  word-spacing: 0px  -webkit-text-stroke-width: 0px  text-decoration: none  margin: 0px  font-weight: 400  line-height: inherit  color: rgb(35. 155. 202)  text-rendering: optimizelegibility  font-size: 14px  text-transform: uppercase  font-variant-ligatures: inherit  font-variant-alternates: inherit  font-variant-numeric: inherit  font-variant-east-asian: inherit  font-variant-position: inherit  font-stretch: inherit  padding: 10px 0px 0px  vertical-align: baseline  border: 0px  display: table-cell  ></h4>;
1274;Deshabilitado;NO;NO;NO;NO;Vinilos termotransferibles;TINTA DTF i1600 WHITE;'TINTADTFW ;'';''TINTADTFW;0,000;1,000;1,000;unidad;21%;Insugraf;Pesos;101854,92;25,00;127318,65;154055,57;SI;SI;NO;0;0;;;<h1 class=   style= font-family: Lato. sans-serif  font-weight: normal  line-height: 1.2em  text-rendering: optimizelegibility  font-size: 1.8em  padding-top: 8px  padding-bottom: 8px  letter-spacing: 0.001em  >La Serie DTF80. Es un film PET IMPRIMIBLE de 80 micrones. es ideal para la impresión con tintas DTF permitiendo una optima transferencia con plancha. dando por resultado un estampa de alta calidad. Disponible en rollos de 0.61 x 50 Mts.<br></h1><p><h3 style= font-style: inherit  font-variant-caps: inherit  margin-bottom: 0px  font-family: &quot Open Sans&quot . sans-serif  font-weight: 400  line-height: inherit  text-rendering: optimizelegibility  font-size: 20px  text-transform: uppercase  font-variant-ligatures: inherit  font-variant-alternates: inherit  font-variant-numeric: inherit  font-variant-east-asian: inherit  font-variant-position: inherit  font-stretch: inherit  vertical-align: baseline  border: 0px  ><p></p><br class= Apple-interchange-newline ></h3></p><h4 style= font-family: inherit  font-style: inherit  font-variant-caps: inherit  letter-spacing: normal  orphans: auto  text-align: start  text-indent: 0px  white-space: normal  widows: auto  word-spacing: 0px  -webkit-text-stroke-width: 0px  text-decoration: none  margin: 0px  font-weight: 400  line-height: inherit  color: rgb(35. 155. 202)  text-rendering: optimizelegibility  font-size: 14px  text-transform: uppercase  font-variant-ligatures: inherit  font-variant-alternates: inherit  font-variant-numeric: inherit  font-variant-east-asian: inherit  font-variant-position: inherit  font-stretch: inherit  padding: 10px 0px 0px  vertical-align: baseline  border: 0px  display: table-cell  ></h4>;
1275;Habilitado;SI;SI;NO;NO;Car Wrapping;970-677GRA FIX GREEN X 152CM GLOSS CON CANALES ;'970677GRA;'';'';0,000;0,000;0,000;metro;21%;Insugraf;Pesos;39474,07;25,00;49342,59;59704,53;SI;SI;NO;0;0;
1276;Habilitado;SI;SI;NO;NO;01 Vinilos de Impresión;Arlon DPF510 GT Impresion Brillante Base gris 1.37x50mts;'ARL137;'';'';0,000;0,000;0,000;unidad;21%;Grafisur;Pesos;352762,35;25,00;440952,94;533553,06;SI;SI;NO;0;0;;;<p>tiene un 10% de descuento hecho ya que comprando 10 rollos (siempre combinan con Lg para adquirir el desc)&nbsp <br></p>;
1277;Habilitado;SI;SI;NO;NO;MATTE;ORACAL 651-36 MATTE LIGHT ORANGE -126CM;'65136M ;'';''65136M;0,000;15,000;15,000;metro;21%;Helioday;Pesos;13339,04;30,00;17340,75;20982,31;SI;SI;NO;0;0;
1278;Habilitado;SI;SI;NO;NO;MATTE;ORACAL 651-36 MATTE LIGHT ORANGE -63CM;'65136MH ;'';''65136MH;-8,000;15,000;15,000;metro;21%;Helioday;Pesos;6669,61;30,00;8670,49;10491,29;SI;SI;NO;0;0;
1279;Habilitado;SI;SI;NO;NO;Lonas;LONA MESH C/LINER ULTRAFLEX 2.20x50mts HILADO 1000X1000 ;'MESHULT220;'';'';0,000;0,000;0,000;unidad;21%;Geo Digital;Pesos;319049,99;23,00;392431,49;474842,10;SI;SI;NO;0;0;;;<p>actualización 9/6/21 use 2.15 + Iva m2 costo<br></p>;
1280;Habilitado;SI;SI;NO;NO;Magesa Base Negra Brillante 80mic;Impresion Magesa Base Negra Brillante 1.07 x 50mts ;'HMVBG107;'';''HMVBr107;0,000;2,000;1,000;unidad;21%;Geo Digital;Pesos;97090,34;23,00;119421,12;144499,56;SI;SI;NO;0;0;;;<p>tiene un 10% de descuento hecho ya que comprando 10 rollos (siempre combinan con Lg para adquirir el desc)&nbsp <br></p>;
1281;Habilitado;SI;SI;NO;NO;Esmerilado;ESMERILADO BLANCO HYFLEX 1.22 OFERTA;'ESMHYF122;'';'';-40,000;0,000;0,000;metro;21%;Insugraf;Pesos;4111,90;15,00;4728,69;5721,71;SI;SI;NO;0;0;
1282;Habilitado;SI;SI;NO;NO;Sin especificar;muestra esmerilado gris ;'01282;'';'';0,000;0,000;0,000;unidad;21%;Sin especificar;Pesos;1,36;1,00;1,37;1,66;SI;NO;NO;0;0;
1283;Habilitado;SI;SI;NO;NO;Sin especificar;muestra esmerilado blanco;'01283;'';'';0,000;0,000;0,000;unidad;21%;Sin especificar;Pesos;1,36;1,00;1,37;1,66;SI;NO;NO;0;0;
1284;Habilitado;SI;SI;NO;NO;Sin especificar;envio provincia;'01284;'';'';99,000;0,000;0,000;unidad;21%;Sin especificar;Pesos;1,36;0,01;1,36;1,65;SI;NO;NO;0;0;
1285;Habilitado;SI;SI;NO;NO;Telas;TELA CANVAS POLYCOTTON PARA IMPRESION 1.07X50MTS;'CANV107;'';''CANV;0,000;1,000;1,000;unidad;21%;Grafisur;Pesos;477265,87;23,00;587037,02;710314,79;SI;SI;NO;0;0;
1286;Habilitado;SI;SI;NO;NO;Telas;TELA CANVAS POLYCOTTON PARA IMPRESION 1.27X50MTS;'CANV127 ;'';''CANV;0,000;1,000;1,000;unidad;21%;Grafisur;Pesos;566474,46;23,00;696763,59;843083,94;SI;SI;NO;0;0;
1287;Habilitado;SI;SI;NO;NO;Telas;TELA CANVAS POLYCOTTON PARA IMPRESION DPI 1.37X50MTS;'CANV137 ;'';''CANV;0,000;1,000;1,000;unidad;21%;Grafisur;Pesos;611078,74;23,00;751626,85;909468,49;SI;SI;NO;0;0;
1288;Habilitado;SI;SI;NO;NO;Car Wrapping;Polarizado MITO Nano ceramic ESPEJADO ONE SILVER (IR65-94%) 2mil 20% (8 años) (Edificio));'UDBK20E  ;'';''UDBK20E;-1,800;0,000;0,000;metro;21%;Pro SRL;Pesos;7864,50;32,00;10381,14;12561,18;SI;SI;NO;0;0;;;<h2 class= node__title  style= margin-top: 10px  margin-bottom: 10px  font-family: &quot Open Sans&quot . Arial. sans-serif  line-height: 1.2  color: rgb(90. 90. 95)  text-rendering: optimizelegibility  font-size: 40px  font-variant-numeric: inherit  font-variant-east-asian: inherit  font-stretch: inherit  vertical-align: baseline  border: 0px  >MITOSUN CAR Series</h2><h2 class= node__title  style= margin-top: 10px  margin-bottom: 10px  font-family: &quot Open Sans&quot . sans-serif  line-height: 1.2  color: rgb(70. 65. 51)  text-rendering: optimizelegibility  font-size: 31.5px  caret-color: rgb(70. 65. 51)  font-variant-numeric: inherit  font-variant-east-asian: inherit  font-stretch: inherit  vertical-align: baseline  border: 0px  ><span style= font-size: 18px  ><b>Nano Ceramic Polymer - 2PLY / 2MIL / 10 YEARS (VL 35%)&nbsp </b></span></h2><h1 class= node__subtitle  style= margin-bottom: 0px  font-family: &quot Open Sans&quot . Arial. sans-serif  font-weight: 300  line-height: 24px  color: rgb(90. 90. 95)  text-rendering: optimizelegibility  font-size: 18px  font-variant-numeric: inherit  font-variant-east-asian: inherit  font-stretch: inherit  vertical-align: baseline  border: 0px  ><div id= unit-jnIuaxoDXl  animate=   package-item= unit  package-type= text  package-unit-type= text  style= padding-bottom: 10px  padding-top: 10px  color: rgb(0. 0. 0)  font-family: Mulish  font-size: 16px  ><div class= unit-text row no-gutters  text-style= 2  style= font-size: 18px  letter-spacing: 0px  line-height: 1.5  font-family: &quot Arial Bold&quot   ><div class= unit-text__item col-12 col-md-12 col-xl-12  style= width: 257.217px  ><span style= font-family: Mulish. sans-serif  font-size: 16px  letter-spacing: 0.48px  >? Nanocerámica de primer nivel. fabricada con los mejores materiales y recubrimiento y curado de precisión avanzada.</span><div tinymce=  ></div></div></div></div></h1><h1 class= node__subtitle  style= margin-bottom: 0px  font-family: &quot Open Sans&quot . Arial. sans-serif  font-weight: 300  line-height: 24px  color: rgb(90. 90. 95)  text-rendering: optimizelegibility  font-size: 18px  font-variant-numeric: inherit  font-variant-east-asian: inherit  font-stretch: inherit  vertical-align: baseline  border: 0px  ><div id= unit-iAvRT9kZOw  animate=   package-item= unit  package-type= text  package-unit-type= text  style= padding-bottom: 10px  padding-top: 10px  color: rgb(0. 0. 0)  font-family: Mulish  font-size: 16px  ><div class= unit-text row no-gutters  text-style= 3  style= letter-spacing: 0.03em  line-height: 1.5  font-family: Mulish. sans-serif  ><div class= unit-text__item col-12 col-md-12 col-xl-12  style= width: 257.217px  ><div tinymce=  ><div style= letter-spacing: 0.48px  line-height: 1.75  ><div style= letter-spacing: 0.48px  line-height: 1.75  >? La nanocerámica se aplica a una base de poliéster mediante técnicas de recubrimiento de precisión. como el recubrimiento con ranura. Esto deposita una capa fina y uniforme sobre la película.</div><div style= letter-spacing: 0.48px  line-height: 1.75  ><br></div><div style= letter-spacing: 0.48px  line-height: 1.75  >? Todo se inspecciona en busca de defectos para garantizar que cumpla con las especificaciones de densidad óptica.</div><div style= letter-spacing: 0.48px  line-height: 1.75  ><br></div><div style= letter-spacing: 0.48px  line-height: 1.75  >? 2 mils de espesor. 10 años de garantía.</div></div></div></div></div></div></h1>;
1289;Habilitado;SI;SI;NO;NO;Base gris Matte;Vinilo Orajet 3164XM Base gris Matte 105cm x 50mts;'316410105G;'';'';0,000;0,000;0,000;unidad;21%;Helioday;Pesos;228081,74;35,00;307910,35;372571,52;SI;SI;NO;0;0;
1290;Habilitado;SI;SI;NO;NO;Front Ultraflex 13oz;Lona Front Ultraflex 13oz Matte 100CM X 50MTS;'ULT-100M ;'';'';0,000;0,000;0,000;unidad;21%;Geo Digital;Pesos;105467,43;22,00;128670,26;155691,01;SI;SI;NO;0;0;
1291;Habilitado;SI;SI;NO;NO;Front Ultraflex 13oz;Lona Front Ultraflex 13oz Matte 110CM X 50MTS;'ULT-110M ;'';'';0,000;0,000;0,000;unidad;21%;Geo Digital;Pesos;116014,20;22,00;141537,32;171260,16;SI;NO;NO;0;0;
1292;Habilitado;SI;SI;NO;NO;02 Vinilos Microperforado;MICROPERFORADO SOLIDEX 100MIC X 152CM FRACCIONADO;'SOM152F ;'';''SOM152F;0,000;20,000;5,000;metro;21%;DIGRAFICA SRL;Pesos;6265,01;50,00;9397,52;11371,00;SI;SI;NO;0;0;
1293;Habilitado;SI;SI;NO;NO;01 Vinilos de Impresión;Arlon DPF510 TRANSPARENTE Impresion Brillante 1.37 FRACCIONADO;'ARL137T;'';'';0,000;0,000;0,000;unidad;21%;Grafisur;Pesos;7120,49;45,00;10324,71;12492,90;SI;SI;NO;0;0;;;<p>tiene un 10% de descuento hecho ya que comprando 10 rollos (siempre combinan con Lg para adquirir el desc)&nbsp <br></p>;
1294;Habilitado;SI;SI;NO;NO;Esmerilado;Esmerilado MITOCAL blanco 0.61 de ancho x 50mts;'ESMMITO61B ;'';'ESMMITO61B ;-169,000;100,000;50,000;metro;21%;Pro SRL;Pesos;3197,32;37,00;4380,33;5300,20;SI;SI;NO;0;0;
1295;Habilitado;SI;SI;NO;NO;Esmerilado;Esmerilado MITOCAL blanco 1.22 de ancho x 50mts;'ESMMITO122B;'';'ESMMITO122B;-350,300;100,000;50,000;metro;21%;Pro SRL;Pesos;6394,65;37,00;8760,67;10600,41;SI;SI;NO;0;0;
1296;Habilitado;SI;SI;NO;NO;Car Wrapping;POLARIZADO ESPEJADO PLATA 2PLY 2MIL 152CM HYFLEX;'ESPHYF152;'';''MITOSUN-BUI;-59,000;30,000;10,000;metro;21%;Insugraf;Pesos;8963,90;30,00;11653,07;14100,21;SI;SI;NO;0;0;
1297;Habilitado;SI;SI;NO;NO;04 Vinilo de corte e impresion Oracal 5200;ORALITE 5500-10 BLANCO 122CM  ;'550010-122 ;'';''550010-122;-10,000;0,000;0,000;metro;21%;Helioday;Pesos;35446,26;31,25;46523,22;56293,10;SI;SI;NO;0;0;
1298;Habilitado;SI;SI;NO;NO;Car Wrapping;PPF TPU Clear Gloss Carbins 1.52 150mic. con film protector. 5-7 años;'PPFTPU15200;'';'';-4,000;0,000;0,000;metro;21%;Insugraf;Pesos;70443,23;25,00;88054,04;106545,39;SI;SI;NO;0;0;
1299;Habilitado;SI;SI;NO;NO;04 Vinilo de corte e impresion Oracal 5200;ORALITE 5500 AMARILLO 61CM  ;'5500-61;'';''5500-61;0,000;0,000;0,000;metro;21%;Helioday;Pesos;17723,15;31,25;23261,63;28146,57;SI;SI;NO;0;0;
1300;Habilitado;SI;SI;NO;NO;MATTE;ORACAL 651M-98 GENTIAN  MATTE- 63CM;'65198M-63 ;'';''65198m-63;0,000;15,000;5,000;metro;21%;Helioday;Pesos;6669,61;30,00;8670,49;10491,29;SI;SI;NO;0;0;
1301;Habilitado;SI;SI;NO;NO;MATTE;ORACAL 651-98M GENTIAN MATTE -126CM;'65198M ;'';''65198M;-20,000;25,000;15,000;metro;21%;Helioday;Pesos;13339,04;30,00;17340,75;20982,31;SI;SI;NO;0;0;
1303;Habilitado;SI;SI;NO;NO;04 Vinilo de corte e impresion Oracal 5200;ORALITE 5500-49 AZUL 61CM  ;'5500-4961  ;''Copia de ;''5500-4961;0,000;0,000;0,000;metro;21%;Helioday;Pesos;17723,15;31,25;23261,63;28146,57;SI;SI;NO;0;0;
1304;Habilitado;SI;SI;NO;NO;04 Vinilo de corte e impresion Oracal 5200;ORALITE 5500-30 61CM  ;'5500-3061  ;''Copia de Copia de ;''5500-3061;2,000;0,000;0,000;metro;21%;Helioday;Pesos;17723,15;31,25;23261,63;28146,57;SI;SI;NO;0;0;
1306;Habilitado;SI;SI;NO;NO;Poli Tape;POSICIONADOR TRANSP. POLI-TAPE  0.20 X 91.40MTS;'PPT020T90 ;'';''PPT020T90;0,000;0,000;0,000;unidad;21%;Insugraf;Pesos;67434,85;25,00;84293,56;101995,21;SI;SI;NO;0;0;
1307;Habilitado;SI;SI;NO;NO;Cepillados/cromados;ROSE GOLD POLIESTER IMPRESION ECOSOLVENTE 127CM;'CE93-127;'';''CE93-127;58,000;0,000;0,000;metro;21%;Grafisur;Pesos;9290,74;30,00;12077,96;14614,33;SI;SI;NO;0;0;
1309;Habilitado;SI;SI;NO;NO;Poli Tape;POSICIONADOR TRANSPARENTE NAR 60 X METRO;'PNT60T50 ;'';''PNT60T50;-220,900;0,000;0,000;unidad;21%;Grafisur;Pesos;1404,38;36,00;1909,96;2311,05;SI;SI;NO;0;0;;;<p>Por rollo cerrado 10% de descuento</p>;
1311;Habilitado;SI;SI;NO;NO;Unical Base Gris Matte 80mic;IMPRESION UNICAL BASE GRIS MATTE 106CM x 50MTS 80MIC;'VUBGM10680MIC;'';''VUBGM10780MIC;0,000;0,000;0,000;unidad;21%;DIGRAFICA SRL;Pesos;104404,39;23,00;128417,40;155385,05;SI;SI;NO;0;0;;;<p>actualización precios costo y venta 9/06/21. Costo usa 1.41 + Iva. PV Usa 1.80 + Iva m2</p>;
1312;Habilitado;SI;SI;NO;NO;Unical Base Gris Matte 80mic;IMPRESION UNICAL BASE GRIS MATTE 127CM X 50MTS 80MIC;'VUBGM12780MIC ;'';''VUBGM12780MIC;0,000;0,000;0,000;unidad;21%;DIGRAFICA SRL;Pesos;123921,61;23,00;152423,58;184432,53;SI;SI;NO;0;0;;;<p>actualización precios costo y venta 9/06/21. Costo usa 1.41 + Iva. PV Usa 1.80 + Iva m2<br></p>;
1313;Habilitado;SI;SI;NO;NO;Unical Base Gris Matte 80mic;IMPRESION UNICAL BASE GRIS MATTE 137CM X 50MTS 80MIC;'VUBGM13780MIC;'';''VUBG13780MIC;0,000;0,000;0,000;unidad;21%;DIGRAFICA SRL;Pesos;133688,76;23,00;164437,17;198968,98;SI;SI;NO;0;0;;;<p>actualización precios costo y venta 9/06/21. Costo usa 1.41 + Iva. PV Usa 1.80 + Iva m2<br></p>;
1314;Habilitado;SI;SI;NO;NO;Unical Base Gris Matte 80mic;IMPRESION UNICAL BASE GRIS MATTE 152CM X 50MTS 80MIC;'VUBGM15280MIC ;'';''VUBGM15280MIC;0,000;0,000;0,000;unidad;21%;DIGRAFICA SRL;Pesos;148313,89;23,00;182426,08;220735,56;SI;SI;NO;0;0;;;<p>actualización precios costo y venta 9/06/21. Costo usa 1.41 + Iva. PV Usa 1.80 + Iva m2<br></p>;
1316;Habilitado;SI;SI;NO;NO;Cintas Bifaz;CINTA RAPIFIX790 ESPONJOSA BIFAZ (AMARILLA) 18MM X 30MTS;'CR70018;''Copia de ;''CR79018;29,000;10,000;5,000;unidad;21%;DIGRAFICA SRL;Pesos;9016,09;30,00;11720,92;14182,31;SI;SI;NO;0;0;
1318;Habilitado;SI;SI;NO;NO;Car Wrapping;Fibra carbono Black Gloss apto curvas 1.52 de ancho;'CCB152 ;'';''CCB152;0,000;15,000;5,000;metro;21%;Insugraf;Pesos;39847,87;30,00;51802,23;62680,70;SI;SI;NO;0;0;
1319;Habilitado;SI;SI;NO;NO;Cepillados/cromados;CROMADO PLATA IMPRESION POLIESTER 127cm ;'CR90I-127 ;'';''CR90I-127;-99,400;50,000;15,000;metro;21%;Grafisur;Pesos;9290,74;30,00;12077,96;14614,33;SI;SI;NO;0;0;
1320;Habilitado;SI;SI;NO;NO;Sin especificar;LD2812 Impresion transparente brillante 1.52x50mts (Nuevo LG);'LD2812TG-152;'';'';0,000;0,000;0,000;unidad;21%;Grafisur;Pesos;414657,59;23,00;510028,84;617134,90;SI;SI;NO;0;0;
1321;Habilitado;SI;SI;NO;NO;Oracal 8300;8300-20 TRANSPARENT YELLOW - 126CM;'830020-126 ;''Copia de ;''830020-126;0,000;10,000;5,000;metro;21%;Helioday;Pesos;18885,51;30,00;24551,16;29706,90;SI;SI;NO;0;0;
1322;Habilitado;SI;SI;NO;NO;Cintas Bifaz;cinta embalar transparente 48MM x 90mts ;'CINEMB;'';''CINEMB;36,000;0,000;0,000;unidad;21%;DIGRAFICA SRL;Pesos;1887,18;30,00;2453,33;2968,53;SI;NO;NO;0;0;
1323;Habilitado;SI;SI;NO;NO;MATTE;ORACAL 651-53M LIGHT BLUE MATTE -126CM;'65153M;'';''65153M;-33,000;50,000;25,000;metro;21%;Helioday;Pesos;13339,04;30,00;17340,75;20982,31;SI;SI;NO;0;0;
1324;Habilitado;SI;SI;NO;NO;MATTE;ORACAL 651-53M LIGHT BLUE MATTE - 63CM;'65153-63M ;'';''65153-63M;0,000;25,000;10,000;metro;21%;Helioday;Pesos;6669,61;30,00;8670,49;10491,29;SI;SI;NO;0;0;
1325;Habilitado;SI;SI;NO;NO;MATTE;ORACAL 651-47M ORANGE RED MATTE-126CM;'65147M;'';''65147M;-7,000;25,000;10,000;metro;21%;Helioday;Pesos;15613,64;30,00;20297,73;24560,25;SI;SI;NO;0;0;
1326;Habilitado;SI;SI;NO;NO;MATTE;ORACAL 651-47M ORANGE RED MATTE- 63CM;'65147-63M ;'';''65147-63M;0,000;15,000;5,000;metro;21%;Helioday;Pesos;7806,84;30,00;10148,89;12280,16;SI;SI;NO;0;0;
1327;Habilitado;SI;SI;NO;NO;Accesorios;CARTA DE COLOR ORACAL 8300 ;'carta8300 ;'';'';1,000;0,000;0,000;unidad;21%;Insugraf;Pesos;11662,80;30,00;15161,64;18345,58;SI;SI;NO;0;0;
1328;Habilitado;SI;SI;NO;NO;Car Wrapping;970-553G 152CM GLOSS CON CANALES DE AIRE;'970553GRA ;'';'';0,000;0,000;0,000;metro;21%;Insugraf;Pesos;37550,44;25,00;46938,05;56795,04;SI;SI;NO;0;0;
1329;Habilitado;SI;SI;NO;NO;Backlite Ultraflex;LONA BACKLITE DPI 100CM X 50MTS;'BACKDPI100 ;'';''BACKDPI100;1,000;0,000;0,000;unidad;21%;Grafisur;Pesos;154240,01;0,00;154240,01;186630,41;SI;SI;NO;0;0;;;<p>actualización 9/6/21 use 1.53 + Iva m2 costo<br></p>;
1331;Habilitado;SI;SI;NO;NO;Backlite Ultraflex;LONA BACKLITE ULTRAFLEX 75CM X 50MTS;'BACKULI75  ;'';''BACKUL75;1,000;0,000;0,000;unidad;21%;Geo Digital;Pesos;106004,95;0,00;106004,95;128265,99;SI;SI;NO;0;0;;;<p>actualización 9/6/21 use 1.53 + Iva m2 costo<br></p>;
1332;Habilitado;SI;SI;NO;NO;Car Wrapping;Wrapping Vinyl 130mic. 4 años. COLORES. con canales aire ;'WCARB ;'';'';0,000;0,000;0,000;metro;21%;Insugraf;Pesos;38489,21;25,00;48111,51;58214,93;SI;SI;NO;0;0;<p class= p1  style= margin-bottom: 0px  font-width: normal  font-size: 6.1px  line-height: normal  font-family: Arial  font-size-adjust: none  font-kerning: auto  font-variant-alternates: normal  font-variant-ligatures: normal  font-variant-numeric: normal  font-variant-east-asian: normal  font-variant-position: normal  font-feature-settings: normal  font-optical-sizing: auto  font-variation-settings: normal  color: rgb(0. 0. 0)  ><span class= s1  style= color: rgb(251. 0. 7)  ><b>COLORES:</b></span>&nbsp Sea Blue gloss. Racing Tifany Gloss. Isle of Man Green Gloss. Grey Metallic Matte. McLaren Helios Gloss. Chrome Silver Mirror gloss. Metallic Red Gloss. Moonlight White. Satin Romanee Chrome Re</p><p class= p1  style= margin-bottom: 0px  font-width: normal  font-size: 6.1px  line-height: normal  font-family: Arial  font-size-adjust: none  font-kerning: auto  font-variant-alternates: normal  font-variant-ligatures: normal  font-variant-numeric: normal  font-variant-east-asian: normal  font-variant-position: normal  font-feature-settings: normal  font-optical-sizing: auto  font-variation-settings: normal  color: rgb(0. 0. 0)  >Metallic GT Silver Gloss. Racing Orange Gloss. Magic Candy Gloss. San Paolo Gloss. Military Green Mate. Light Nardo Grey Gloss. Apricot Gloss. Ghost Metallic Dark blue Mate. Metallic Sky Blue Gloss</p>;;<p class= p1  style= margin-bottom: 0px  font-width: normal  font-size: 6.1px  line-height: normal  font-family: Arial  font-size-adjust: none  font-kerning: auto  font-variant-alternates: normal  font-variant-ligatures: normal  font-variant-numeric: normal  font-variant-east-asian: normal  font-variant-position: normal  font-feature-settings: normal  font-optical-sizing: auto  font-variation-settings: normal  color: rgb(0. 0. 0)  ><span class= s1  style= color: rgb(251. 0. 7)  ><b>COLORES:</b></span>&nbsp Sea Blue gloss. Racing Tifany Gloss. Isle of Man Green Gloss. Grey Metallic Matte. McLaren Helios Gloss. Chrome Silver Mirror gloss. Metallic Red Gloss. Moonlight White. Satin Romanee Chrome Re</p><p class= p1  style= margin-bottom: 0px  font-width: normal  font-size: 6.1px  line-height: normal  font-family: Arial  font-size-adjust: none  font-kerning: auto  font-variant-alternates: normal  font-variant-ligatures: normal  font-variant-numeric: normal  font-variant-east-asian: normal  font-variant-position: normal  font-feature-settings: normal  font-optical-sizing: auto  font-variation-settings: normal  color: rgb(0. 0. 0)  >Metallic GT Silver Gloss. Racing Orange Gloss. Magic Candy Gloss. San Paolo Gloss. Military Green Mate. Light Nardo Grey Gloss. Apricot Gloss. Ghost Metallic Dark blue Mate. Metallic Sky Blue Gloss</p>;
1333;Habilitado;SI;SI;NO;NO;Varuk Base Gris Brillante 100mic;IMPRESION VARUK BASE GRIS BRILLANTE 100MIC 152CM FRACCIONADO;'VVBG152F;'';''VVBG152F;0,000;0,000;0,000;unidad;21%;Geo Digital;Pesos;4544,11;60,00;7270,58;8797,40;SI;SI;NO;0;0;;;<p>Actualizado dia 9/06/2021 precio costo USD 1.534 + Iva/ precio venta Usd 1.99 + Iva m2</p>;
1334;Habilitado;SI;SI;NO;NO;Iman;IMAN 0.75 x 0.61 CON PVC ;'IMC075;''Copia de ;''IM075;0,000;0,000;0,000;metro;21%;ILPEA ARGENTINA SRL;Pesos;15409,93;25,00;19262,41;23307,52;SI;SI;NO;0;0;;;<p>el rollo viene de 0.75 de espesor x 61cm de ancho x 30mts de largo<br></p>;
1335;Habilitado;SI;SI;NO;NO;01 Vinilo Impresion Lg1712;VINILO DE IMPRESION TRANSPARENTE LG 1712 BRILLANTE 1.37FRACCIONADO;'1712-137F ;'';'';-31,700;0,000;0,000;unidad;21%;Grafisur;Pesos;3894,95;30,00;5063,44;6126,76;SI;SI;NO;0;0;
1336;Habilitado;SI;NO;NO;SI;Sin especificar;Producto compuesto prueba;'PCP;'';''PCP1;10,000;15,000;5,000;metro;21%;Sin especificar;Pesos;112,35;30,00;146,06;176,73;SI;NO;NO;0;0;
1337;Habilitado;SI;SI;NO;NO;Oracal 8300;8300-68 TRANSPARENT GRASS GREEN - 63CM;'830068-63;''Copia de ;''830068-63;-7,000;10,000;5,000;metro;21%;Insugraf;Pesos;9442,75;30,00;12275,58;14853,45;SI;SI;NO;0;0;
1338;Habilitado;SI;SI;NO;NO;Oracal 8300;8300-40 TRANSPARENT VIOLET - 63CM;'830040-63;''Copia de Copia de ;''830040-63;-1,000;10,000;5,000;metro;21%;Insugraf;Pesos;9442,75;30,00;12275,58;14853,45;SI;SI;NO;0;0;
1339;Habilitado;SI;SI;NO;NO;Oracal 8300;8300-68 TRANSPARENT GRASS GREEN 126CM;'830068;''Copia de ;''830068;-6,000;0,000;0,000;metro;21%;Insugraf;Pesos;18885,51;30,00;24551,16;29706,90;SI;SI;NO;0;0;
1340;Habilitado;SI;SI;NO;NO;Oracal 8300;8300-40 TRANSPARENT VIOLET 126CM;'830040;''Copia de Copia de ;''830040;-5,000;0,000;0,000;metro;21%;Insugraf;Pesos;18885,51;30,00;24551,16;29706,90;SI;SI;NO;0;0;
1341;Habilitado;SI;SI;NO;NO;MATTE;ORACAL 651-52M AZURE BLUE -126CM;'65152M;''Copia de ;''65152M;-2,000;25,000;10,000;metro;21%;Helioday;Pesos;13339,04;30,00;17340,75;20982,31;SI;SI;NO;0;0;
1343;Habilitado;SI;SI;NO;NO;MATTE;ORACAL 651-52M AZURE BLUE - 63CM;'65152M-63;''Copia de ;''65152M-63;0,000;10,000;5,000;metro;21%;Helioday;Pesos;6669,61;30,00;8670,49;10491,29;SI;SI;NO;0;0;
1344;Habilitado;SI;SI;NO;NO;Oracal 8300;8300-25 TRANSPARENT BRIMSTONE YELLOW 126CM;'830025;''Copia de ;''830025;-5,000;0,000;0,000;metro;21%;Insugraf;Pesos;18885,51;30,00;24551,16;29706,90;SI;SI;NO;0;0;
1345;Habilitado;SI;SI;NO;NO;Oracal 8300;8300-21 BRIMSTONE YELLOW - 63CM;'830025-63;''Copia de ;''830025-63;0,100;10,000;5,000;metro;21%;Insugraf;Pesos;9442,75;30,00;12275,58;14853,45;SI;SI;NO;0;0;
1346;Deshabilitado;NO;NO;NO;NO;Cepillados/cromados;CEPILLADO ORO IMPRESION POLIESTER 127cm ;'CR91I-127;''Copia de ;''CR91I-127;-5,000;50,000;15,000;metro;21%;Grafisur;Pesos;9290,74;30,00;12077,96;14614,33;SI;SI;NO;0;0;
1347;Habilitado;SI;SI;NO;NO;MATTE;ORACAL 651-49M MATTE KING BLUE -126CM;'65149M;''Copia de ;''65165M;-1,000;25,000;15,000;metro;21%;Helioday;Pesos;13339,04;30,00;17340,75;20982,31;SI;SI;NO;0;0;
1348;Habilitado;SI;SI;NO;NO;MATTE;ORACAL 651-49M MATTE KING BLUE - 63CM;'65149M-63;''Copia de ;''65165M-63;-25,900;15,000;5,000;metro;21%;Helioday;Pesos;6669,61;30,00;8670,49;10491,29;SI;SI;NO;0;0;
1349;Habilitado;SI;SI;NO;NO;Front 13oz UNICAL;Lona Front UNICAL 13oz Brillante 100CM X 50MTS;'UNI-100;'';''UNI-100;0,000;0,000;0,000;unidad;21%;DIGRAFICA SRL;Pesos;100505,10;30,00;130656,63;158094,52;SI;SI;NO;0;0;
1350;Habilitado;SI;SI;NO;NO;Front 13oz UNICAL;Lona Front UNICAL 13oz Brillante 110CM X 50MTS;'UNI-110;''Copia de ;''UNI-110;-1,000;4,000;1,000;unidad;21%;DIGRAFICA SRL;Pesos;110555,61;30,00;143722,29;173903,97;SI;SI;NO;0;0;
1351;Habilitado;SI;SI;NO;NO;Front 13oz UNICAL;Lona Front UNICAL 13oz Brillante 120CM X 50MTS;'UNI-120;''Copia de Copia de ;''UNI-120;0,000;0,000;0,000;unidad;21%;DIGRAFICA SRL;Pesos;120606,12;30,00;156787,96;189713,43;SI;SI;NO;0;0;
1352;Habilitado;SI;SI;NO;NO;Front 13oz UNICAL;Lona Front UNICAL 13oz Brillante 125CM X 50MTS;'UNI-125;''Copia de Copia de Copia de ;''UNI-125;0,000;0,000;0,000;unidad;21%;DIGRAFICA SRL;Pesos;125631,38;30,00;163320,79;197618,16;SI;SI;NO;0;0;
1353;Habilitado;SI;SI;NO;NO;Front 13oz UNICAL;Lona Front UNICAL 13oz Brillante 140CM X 50MTS;'UNI-140;''Copia de Copia de Copia de Copia de ;''UNI-140;0,000;0,000;0,000;unidad;21%;DIGRAFICA SRL;Pesos;140707,14;30,00;182919,28;221332,33;SI;SI;NO;0;0;
1354;Habilitado;SI;SI;NO;NO;Front 13oz UNICAL;Lona Front UNICAL 13oz Brillante 160CM X 50MTS;'UNI-160;''Copia de Copia de Copia de Copia de Copia de ;''UNI-160;0,000;0,000;0,000;unidad;21%;DIGRAFICA SRL;Pesos;160808,16;30,00;209050,61;252951,24;SI;SI;NO;0;0;
1355;Habilitado;SI;SI;NO;NO;Lonas;LONA BACKLITE UNICAL 110CM X 50MTS;'BACKUNI100;''Copia de ;''BACKUNI100;0,000;2,000;1,000;unidad;21%;DIGRAFICA SRL;Pesos;107111,12;30,00;139244,46;168485,80;SI;SI;NO;0;0;;;<p>actualización 9/6/21 use 1.53 + Iva m2 costo<br></p>;
1356;Habilitado;SI;SI;NO;NO;Lonas;LONA BACKLITE UNICAL 160CM X 50MTS;'BACKUNI160;''Copia de Copia de ;''BACKUNI160;-2,000;2,000;1,000;unidad;21%;DIGRAFICA SRL;Pesos;155797,99;30,00;202537,39;245070,24;SI;SI;NO;0;0;;;<p>actualización 9/6/21 use 1.53 + Iva m2 costo<br></p>;
1357;Habilitado;SI;SI;NO;NO;02 Reflectivos de Impresión;REFLECTIVO COM. IMPRESION HC P300 BLANCO  124CM 45.7MT;'HCP300124R;''Copia de ;''HCP300124R;-137,100;0,000;0,000;metro;21%;Grafisur;Pesos;8710,07;30,00;11323,09;13700,94;SI;SI;NO;0;0;
1358;Deshabilitado;NO;NO;NO;NO;Vinilos termotransferibles;FILM DTF KING JET | FILM MATE ORIGEN CHINA 30CM X 100MTS;'DTF30;''Copia de ;''DTF30;0,000;1,000;1,000;unidad;21%;Grafisur;Pesos;45475,00;35,00;61391,25;74283,41;SI;SI;NO;0;0;;;<h1 class=   style= font-family: Lato. sans-serif  font-weight: normal  line-height: 1.2em  text-rendering: optimizelegibility  font-size: 1.8em  padding-top: 8px  padding-bottom: 8px  letter-spacing: 0.001em  >La Serie DTF80. Es un film PET IMPRIMIBLE de 80 micrones. es ideal para la impresión con tintas DTF permitiendo una optima transferencia con plancha. dando por resultado un estampa de alta calidad. Disponible en rollos de 0.61 x 50 Mts.<br></h1><p><h3 style= font-style: inherit  font-variant-caps: inherit  margin-bottom: 0px  font-family: &quot Open Sans&quot . sans-serif  font-weight: 400  line-height: inherit  text-rendering: optimizelegibility  font-size: 20px  text-transform: uppercase  font-variant-ligatures: inherit  font-variant-alternates: inherit  font-variant-numeric: inherit  font-variant-east-asian: inherit  font-variant-position: inherit  font-stretch: inherit  vertical-align: baseline  border: 0px  ><p></p><br class= Apple-interchange-newline ></h3></p><h4 style= font-family: inherit  font-style: inherit  font-variant-caps: inherit  letter-spacing: normal  orphans: auto  text-align: start  text-indent: 0px  white-space: normal  widows: auto  word-spacing: 0px  -webkit-text-stroke-width: 0px  text-decoration: none  margin: 0px  font-weight: 400  line-height: inherit  color: rgb(35. 155. 202)  text-rendering: optimizelegibility  font-size: 14px  text-transform: uppercase  font-variant-ligatures: inherit  font-variant-alternates: inherit  font-variant-numeric: inherit  font-variant-east-asian: inherit  font-variant-position: inherit  font-stretch: inherit  padding: 10px 0px 0px  vertical-align: baseline  border: 0px  display: table-cell  ></h4>;
1359;Habilitado;SI;SI;NO;NO;Vinilos termotransferibles;TINTA DTF KING JET CMYK;'TINTADTFCMYK;''Copia de ;''TINTADTFCMYK;0,000;1,000;1,000;unidad;21%;Grafisur;Pesos;65163,00;35,00;87970,05;106443,76;SI;SI;NO;0;0;<p>Llevando 6LT de tinta 15% de descuento!</p>;;<h1 class=   style= font-family: Lato. sans-serif  font-weight: normal  line-height: 1.2em  text-rendering: optimizelegibility  font-size: 1.8em  padding-top: 8px  padding-bottom: 8px  letter-spacing: 0.001em  >La Serie DTF80. Es un film PET IMPRIMIBLE de 80 micrones. es ideal para la impresión con tintas DTF permitiendo una optima transferencia con plancha. dando por resultado un estampa de alta calidad. Disponible en rollos de 0.61 x 50 Mts.<br></h1><p><h3 style= font-style: inherit  font-variant-caps: inherit  margin-bottom: 0px  font-family: &quot Open Sans&quot . sans-serif  font-weight: 400  line-height: inherit  text-rendering: optimizelegibility  font-size: 20px  text-transform: uppercase  font-variant-ligatures: inherit  font-variant-alternates: inherit  font-variant-numeric: inherit  font-variant-east-asian: inherit  font-variant-position: inherit  font-stretch: inherit  vertical-align: baseline  border: 0px  ><p></p><br class= Apple-interchange-newline ></h3></p><h4 style= font-family: inherit  font-style: inherit  font-variant-caps: inherit  letter-spacing: normal  orphans: auto  text-align: start  text-indent: 0px  white-space: normal  widows: auto  word-spacing: 0px  -webkit-text-stroke-width: 0px  text-decoration: none  margin: 0px  font-weight: 400  line-height: inherit  color: rgb(35. 155. 202)  text-rendering: optimizelegibility  font-size: 14px  text-transform: uppercase  font-variant-ligatures: inherit  font-variant-alternates: inherit  font-variant-numeric: inherit  font-variant-east-asian: inherit  font-variant-position: inherit  font-stretch: inherit  padding: 10px 0px 0px  vertical-align: baseline  border: 0px  display: table-cell  ></h4>;
1360;Habilitado;SI;SI;NO;NO;Vinilos termotransferibles;POLVO POLIURETANO KING JET PARA DTF X 1KG;'KINGJETP;''Copia de ;''KINGJETP;0,000;1,000;1,000;unidad;21%;Grafisur;Pesos;20544,00;35,00;27734,40;33558,62;SI;SI;NO;0;0;<p>Llevando 5kg de&nbsp POLVO POLIURETANO 15% de descuento (viene envasado al vacío en envases de 1kg)</p>;;<h1 class=   style= font-family: Lato. sans-serif  font-weight: normal  line-height: 1.2em  text-rendering: optimizelegibility  font-size: 1.8em  padding-top: 8px  padding-bottom: 8px  letter-spacing: 0.001em  >La Serie DTF80. Es un film PET IMPRIMIBLE de 80 micrones. es ideal para la impresión con tintas DTF permitiendo una optima transferencia con plancha. dando por resultado un estampa de alta calidad. Disponible en rollos de 0.61 x 50 Mts.<br></h1><p><h3 style= font-style: inherit  font-variant-caps: inherit  margin-bottom: 0px  font-family: &quot Open Sans&quot . sans-serif  font-weight: 400  line-height: inherit  text-rendering: optimizelegibility  font-size: 20px  text-transform: uppercase  font-variant-ligatures: inherit  font-variant-alternates: inherit  font-variant-numeric: inherit  font-variant-east-asian: inherit  font-variant-position: inherit  font-stretch: inherit  vertical-align: baseline  border: 0px  ><p></p><br class= Apple-interchange-newline ></h3></p><h4 style= font-family: inherit  font-style: inherit  font-variant-caps: inherit  letter-spacing: normal  orphans: auto  text-align: start  text-indent: 0px  white-space: normal  widows: auto  word-spacing: 0px  -webkit-text-stroke-width: 0px  text-decoration: none  margin: 0px  font-weight: 400  line-height: inherit  color: rgb(35. 155. 202)  text-rendering: optimizelegibility  font-size: 14px  text-transform: uppercase  font-variant-ligatures: inherit  font-variant-alternates: inherit  font-variant-numeric: inherit  font-variant-east-asian: inherit  font-variant-position: inherit  font-stretch: inherit  padding: 10px 0px 0px  vertical-align: baseline  border: 0px  display: table-cell  ></h4>;
1361;Habilitado;SI;SI;NO;NO;02 Vinilos Microperforado;MICROPERFORADO NAR X 106CM;'MICRONAR106;''Copia de ;''MICRONAR106;-3,000;0,000;0,000;unidad;21%;Grafisur;Pesos;165354,88;30,00;214961,34;260103,22;SI;SI;NO;0;0;
1362;Habilitado;SI;SI;NO;NO;02 Vinilos Microperforado;MICROPERFORADO NAR X 127CM;'MICRONAR127;''Copia de Copia de ;''MICRONAR127;0,000;0,000;0,000;unidad;21%;Grafisur;Pesos;198113,86;30,00;257548,02;311633,10;SI;SI;NO;0;0;
1363;Habilitado;SI;SI;NO;NO;02 Vinilos Microperforado;MICROPERFORADO NAR X 137CM;'MICRONAR137;''Copia de Copia de Copia de ;''MICRONAR137;0,000;0,000;0,000;unidad;21%;Grafisur;Pesos;213713,37;30,00;277827,38;336171,13;SI;SI;NO;0;0;
1364;Habilitado;SI;SI;NO;NO;02 Vinilos Microperforado;MICROPERFORADO NAR X 152CM;'MICRONAR152;''Copia de Copia de Copia de Copia de ;''MICRONAR152;0,000;0,000;0,000;unidad;21%;Grafisur;Pesos;237112,65;30,00;308246,45;372978,20;SI;SI;NO;0;0;
1365;Habilitado;SI;SI;NO;NO;Polarizados Y Film de Seguridad;Film de seguridad MITO 152CM ;'MITOFILMSEG;''Copia de ;''MITOFILMSEG;-11,900;20,000;5,000;metro;21%;Pro SRL;Pesos;8426,25;40,00;11796,75;14274,07;SI;SI;NO;0;0;;;<h2 class= node__title  style= margin-top: 10px  margin-bottom: 10px  font-family: &quot Open Sans&quot . Arial. sans-serif  line-height: 1.2  color: rgb(90. 90. 95)  text-rendering: optimizelegibility  font-size: 40px  font-variant-numeric: inherit  font-variant-east-asian: inherit  font-stretch: inherit  vertical-align: baseline  border: 0px  >MITOSUN CAR Series</h2><h2 class= node__title  style= margin-top: 10px  margin-bottom: 10px  font-family: &quot Open Sans&quot . sans-serif  line-height: 1.2  color: rgb(70. 65. 51)  text-rendering: optimizelegibility  font-size: 31.5px  caret-color: rgb(70. 65. 51)  font-variant-numeric: inherit  font-variant-east-asian: inherit  font-stretch: inherit  vertical-align: baseline  border: 0px  ><span style= font-size: 18px  ><b>Nano Ceramic Polymer - 2PLY / 2MIL / 10 YEARS (VL 35%)&nbsp </b></span></h2><h1 class= node__subtitle  style= margin-bottom: 0px  font-family: &quot Open Sans&quot . Arial. sans-serif  font-weight: 300  line-height: 24px  color: rgb(90. 90. 95)  text-rendering: optimizelegibility  font-size: 18px  font-variant-numeric: inherit  font-variant-east-asian: inherit  font-stretch: inherit  vertical-align: baseline  border: 0px  ><div id= unit-jnIuaxoDXl  animate=   package-item= unit  package-type= text  package-unit-type= text  style= padding-bottom: 10px  padding-top: 10px  color: rgb(0. 0. 0)  font-family: Mulish  font-size: 16px  ><div class= unit-text row no-gutters  text-style= 2  style= font-size: 18px  letter-spacing: 0px  line-height: 1.5  font-family: &quot Arial Bold&quot   ><div class= unit-text__item col-12 col-md-12 col-xl-12  style= width: 257.217px  ><span style= font-family: Mulish. sans-serif  font-size: 16px  letter-spacing: 0.48px  >? Nanocerámica de primer nivel. fabricada con los mejores materiales y recubrimiento y curado de precisión avanzada.</span><div tinymce=  ></div></div></div></div></h1><h1 class= node__subtitle  style= margin-bottom: 0px  font-family: &quot Open Sans&quot . Arial. sans-serif  font-weight: 300  line-height: 24px  color: rgb(90. 90. 95)  text-rendering: optimizelegibility  font-size: 18px  font-variant-numeric: inherit  font-variant-east-asian: inherit  font-stretch: inherit  vertical-align: baseline  border: 0px  ><div id= unit-iAvRT9kZOw  animate=   package-item= unit  package-type= text  package-unit-type= text  style= padding-bottom: 10px  padding-top: 10px  color: rgb(0. 0. 0)  font-family: Mulish  font-size: 16px  ><div class= unit-text row no-gutters  text-style= 3  style= letter-spacing: 0.03em  line-height: 1.5  font-family: Mulish. sans-serif  ><div class= unit-text__item col-12 col-md-12 col-xl-12  style= width: 257.217px  ><div tinymce=  ><div style= letter-spacing: 0.48px  line-height: 1.75  ><div style= letter-spacing: 0.48px  line-height: 1.75  >? La nanocerámica se aplica a una base de poliéster mediante técnicas de recubrimiento de precisión. como el recubrimiento con ranura. Esto deposita una capa fina y uniforme sobre la película.</div><div style= letter-spacing: 0.48px  line-height: 1.75  ><br></div><div style= letter-spacing: 0.48px  line-height: 1.75  >? Todo se inspecciona en busca de defectos para garantizar que cumpla con las especificaciones de densidad óptica.</div><div style= letter-spacing: 0.48px  line-height: 1.75  ><br></div><div style= letter-spacing: 0.48px  line-height: 1.75  >? 2 mils de espesor. 10 años de garantía.</div></div></div></div></div></div></h1>;
1367;Habilitado;SI;SI;NO;NO;08 Deco;VINILO SIMIL CUERO NEGRO 122CM DE ANCHO MITOCAL;'MITO1550CUERONEG;''Copia de ;''MITO1550CUERONEG;-41,000;0,000;0,000;metro;21%;Pro SRL;Pesos;12473,10;35,20;16863,63;20404,99;SI;SI;NO;0;0;
1368;Habilitado;SI;SI;NO;NO;Vinilos de Corte;VINILO CORTE PLATEADO MATE  122CM;'VCU90;''Copia de ;''VCU90;156,500;50,000;20,000;metro;21%;DIGRAFICA SRL;Pesos;3838,51;36,99;5258,37;6362,63;SI;SI;NO;0;0;
1369;Habilitado;SI;SI;NO;NO;Vinilos de Corte;VINILO CORTE PLATEADO MATE 61CM;'VCU90H;''Copia de ;''VCU90H;-369,700;50,000;10,000;metro;21%;DIGRAFICA SRL;Pesos;1919,32;36,99;2629,28;3181,43;SI;SI;NO;0;0;
1370;Habilitado;SI;SI;NO;NO;Vinilos de Corte;VINILO CORTE DORADO MATE 61CM;'VCU91H;''Copia de Copia de ;''VCU91H;-398,200;50,000;10,000;metro;21%;DIGRAFICA SRL;Pesos;1919,32;36,99;2629,28;3181,43;SI;SI;NO;0;0;
1371;Habilitado;SI;SI;NO;NO;Vinilos de Corte;VINILO CORTE DORADO MATE  122CM;'VCU91;''Copia de Copia de ;''VCU91;156,900;50,000;20,000;metro;21%;DIGRAFICA SRL;Pesos;3838,51;36,99;5258,37;6362,63;SI;SI;NO;0;0;
1372;Habilitado;SI;SI;NO;NO;Accesorios;Espatula combinada Mito;'ESPCOMBM;''Copia de ;''ESPCOMBM;-11,000;20,000;5,000;unidad;21%;Pro SRL;Pesos;1629,08;35,00;2199,26;2661,10;SI;SI;NO;0;0;
1373;Habilitado;NO;SI;NO;NO;04 Vinilo de corte oracal 651 ByN;ORACAL 651 Blanco y Negro (Brillante y Mate) -126CM de ancho ;'651BN;''Copia de ;''651BN;0,000;0,000;0,000;metro;21%;Helioday;Pesos;11599,70;30,00;15079,61;18246,33;NO;NO;NO;0;0;
1374;Habilitado;NO;SI;NO;NO;04 Vinilo de corte oracal 651 ByN;ORACAL 651 Blanco y Negro (Brillante y Mate) -63CM de ancho ;'651BN63;''Copia de Copia de ;''651BN63;0,000;0,000;0,000;metro;21%;Helioday;Pesos;5799,85;30,00;7539,81;9123,17;NO;NO;NO;0;0;
1375;Habilitado;NO;NO;NO;NO;BRILLANTE;ORACAL 651 Colores (Brillante y Mate) -126CM de ancho;'651COL;''Copia de ;''651COL;-63,300;50,000;50,000;metro;21%;Helioday;Pesos;13339,22;30,00;17340,99;20982,60;NO;NO;NO;0;0;
1376;Habilitado;NO;NO;NO;NO;BRILLANTE;ORACAL 651 Colores (Brillante y Mate) - 63CM de ancho;'651COL63;''Copia de Copia de ;''651COL63;0,000;0,000;0,000;metro;21%;Helioday;Pesos;6669,60;30,00;8670,48;10491,28;NO;NO;NO;0;0;
1377;Habilitado;NO;NO;NO;NO;04 Vinilo de corte Oracal 651 Metalizados;ORACAL 651 Metalizado (Brillante y Mate) -126CM de ancho;'651MET;''Copia de ;''651MET;0,000;0,000;0,000;metro;21%;Helioday;Pesos;15162,12;30,00;19710,76;23850,02;NO;NO;NO;0;0;
1378;Habilitado;NO;NO;NO;NO;04 Vinilo de corte Oracal 651 Metalizados;ORACAL 651 Metalizado (Brillante y Mate) - 63CM de ancho;'651MET63;''Copia de Copia de ;''651MET63;0,000;0,000;0,000;metro;21%;Helioday;Pesos;7581,07;30,00;9855,39;11925,02;NO;NO;NO;0;0;
1379;Habilitado;NO;NO;NO;NO;04 Vinilo de corte Oracal 100 ByN;ORACAL 100 Blanco y Negro (Brillante y Mate) -126CM de ancho;'100BN;''Copia de ;''100BN;0,000;0,000;0,000;metro;21%;Helioday;Pesos;6986,40;36,19;9514,78;11512,88;NO;NO;NO;0;0;
1380;Habilitado;NO;NO;NO;NO;04 Vinilo de corte Oracal 100 ByN;ORACAL 100 Blanco y Negro (Brillante y Mate) - 63CM de ancho;'100BN63;''Copia de Copia de ;''100BN63;0,000;0,000;0,000;metro;21%;Helioday;Pesos;3493,20;36,19;4757,39;5756,44;NO;NO;NO;0;0;
1382;Habilitado;SI;SI;NO;NO;04 Vinilo de corte Oracal 100 colores;ORACAL 100 Colores y Metalizados (Brillante y Mate) - 126CM de ancho;'100COYME;''Copia de ;''100COYME;-72,800;0,000;0,000;metro;21%;Helioday;Pesos;8820,65;36,50;12040,19;14568,63;SI;SI;NO;0;0;
1383;Habilitado;SI;SI;NO;NO;04 Vinilo de corte Oracal 100 colores;ORACAL 100 Colores y Metalizados (Brillante y Mate) - 63CM de ancho;'100COYME63;''Copia de Copia de ;''100COYME63;0,000;0,000;0,000;metro;21%;Helioday;Pesos;4410,33;36,50;6020,10;7284,32;SI;SI;NO;0;0;
1384;Habilitado;NO;NO;NO;NO;Vinilos de Corte;DPI Todos los Colores (Brillante y Mate) - 122CM de ancho;'VCDPI;''Copia de ;''VCDPI;0,000;0,000;0,000;metro;21%;Grafisur;Pesos;4311,03;36,99;5905,68;7145,87;NO;NO;NO;0;0;
1385;Habilitado;NO;NO;NO;NO;Vinilos de Corte;UNICAL Todos los Colores (Brillante y Mate) - 61CM de ancho;'VCU61;''Copia de Copia de ;''VCU61;0,000;0,000;0,000;metro;21%;DIGRAFICA SRL;Pesos;1919,25;36,99;2629,18;3181,31;NO;NO;NO;0;0;
1386;Habilitado;NO;NO;NO;NO;Oracal 8300;ORACAL 8300 Transparente de color 126CM de ancho;'8300TC;''Copia de Copia de ;''8300TC;0,000;10,000;5,000;metro;21%;Helioday;Pesos;18885,51;30,00;24551,16;29706,90;NO;NO;NO;0;0;
1387;Habilitado;NO;NO;NO;NO;Oracal 8300;ORACAL 8300 Transparente de color 63CM de ancho;'8300TC63;''Copia de Copia de Copia de ;''8300TC63;0,000;0,000;0,000;metro;21%;Helioday;Pesos;9442,75;30,00;12275,58;14853,45;NO;NO;NO;0;0;
1388;Habilitado;NO;NO;NO;NO;06 Vinilo de corte Oracal 6510 fluo;ORACAL 6510 Fluo Todos los colores - 126CM de ancho;'6510TC;''Copia de ;''6510TC;0,000;0,000;0,000;metro;21%;Helioday;Pesos;41079,95;34,16;55112,86;66686,56;NO;NO;NO;0;0;
1389;Habilitado;NO;NO;NO;NO;06 Vinilo de corte Oracal 6510 fluo;ORACAL 6510 Fluo Todos los colores - 63CM de ancho;'6510TC63;''Copia de Copia de ;''6510TC63;0,000;0,000;0,000;metro;21%;Helioday;Pesos;20539,98;34,16;27556,44;33343,29;NO;NO;NO;0;0;
1390;Habilitado;NO;NO;NO;NO;04 Vinilo de corte e impresion Oracal 5200;ORALITE 5500 Reflectivo Ingenieria Todos los colores  -122CM de ancho;'5500TC;''Copia de ;''5500TC;0,000;0,000;0,000;metro;21%;Helioday;Pesos;35446,26;31,25;46523,22;56293,10;NO;NO;NO;0;0;
1391;Habilitado;NO;NO;NO;NO;04 Vinilo de corte e impresion Oracal 5200;ORALITE 5500 Reflectivo Ingenieria Todos los colores  - 61CM de ancho;'5500TC61;''Copia de Copia de ;''5500TC61;0,000;0,000;0,000;metro;21%;Helioday;Pesos;17723,14;31,25;23261,62;28146,56;NO;NO;NO;0;0;
1392;Habilitado;SI;SI;NO;NO;Car Wrapping;Polarizado MITO Nano ceramic ESPEJADO TEA SILVER (IR65-94%) 2mil 20% (8 años) (Edificio));'UDBK20T;''Copia de ;''UDBK20T;-16,500;0,000;0,000;metro;21%;Pro SRL;Pesos;7864,50;32,00;10381,14;12561,18;SI;SI;NO;0;0;;;<h2 class= node__title  style= margin-top: 10px  margin-bottom: 10px  font-family: &quot Open Sans&quot . Arial. sans-serif  line-height: 1.2  color: rgb(90. 90. 95)  text-rendering: optimizelegibility  font-size: 40px  font-variant-numeric: inherit  font-variant-east-asian: inherit  font-stretch: inherit  vertical-align: baseline  border: 0px  >MITOSUN CAR Series</h2><h2 class= node__title  style= margin-top: 10px  margin-bottom: 10px  font-family: &quot Open Sans&quot . sans-serif  line-height: 1.2  color: rgb(70. 65. 51)  text-rendering: optimizelegibility  font-size: 31.5px  caret-color: rgb(70. 65. 51)  font-variant-numeric: inherit  font-variant-east-asian: inherit  font-stretch: inherit  vertical-align: baseline  border: 0px  ><span style= font-size: 18px  ><b>Nano Ceramic Polymer - 2PLY / 2MIL / 10 YEARS (VL 35%)&nbsp </b></span></h2><h1 class= node__subtitle  style= margin-bottom: 0px  font-family: &quot Open Sans&quot . Arial. sans-serif  font-weight: 300  line-height: 24px  color: rgb(90. 90. 95)  text-rendering: optimizelegibility  font-size: 18px  font-variant-numeric: inherit  font-variant-east-asian: inherit  font-stretch: inherit  vertical-align: baseline  border: 0px  ><div id= unit-jnIuaxoDXl  animate=   package-item= unit  package-type= text  package-unit-type= text  style= padding-bottom: 10px  padding-top: 10px  color: rgb(0. 0. 0)  font-family: Mulish  font-size: 16px  ><div class= unit-text row no-gutters  text-style= 2  style= font-size: 18px  letter-spacing: 0px  line-height: 1.5  font-family: &quot Arial Bold&quot   ><div class= unit-text__item col-12 col-md-12 col-xl-12  style= width: 257.217px  ><span style= font-family: Mulish. sans-serif  font-size: 16px  letter-spacing: 0.48px  >? Nanocerámica de primer nivel. fabricada con los mejores materiales y recubrimiento y curado de precisión avanzada.</span><div tinymce=  ></div></div></div></div></h1><h1 class= node__subtitle  style= margin-bottom: 0px  font-family: &quot Open Sans&quot . Arial. sans-serif  font-weight: 300  line-height: 24px  color: rgb(90. 90. 95)  text-rendering: optimizelegibility  font-size: 18px  font-variant-numeric: inherit  font-variant-east-asian: inherit  font-stretch: inherit  vertical-align: baseline  border: 0px  ><div id= unit-iAvRT9kZOw  animate=   package-item= unit  package-type= text  package-unit-type= text  style= padding-bottom: 10px  padding-top: 10px  color: rgb(0. 0. 0)  font-family: Mulish  font-size: 16px  ><div class= unit-text row no-gutters  text-style= 3  style= letter-spacing: 0.03em  line-height: 1.5  font-family: Mulish. sans-serif  ><div class= unit-text__item col-12 col-md-12 col-xl-12  style= width: 257.217px  ><div tinymce=  ><div style= letter-spacing: 0.48px  line-height: 1.75  ><div style= letter-spacing: 0.48px  line-height: 1.75  >? La nanocerámica se aplica a una base de poliéster mediante técnicas de recubrimiento de precisión. como el recubrimiento con ranura. Esto deposita una capa fina y uniforme sobre la película.</div><div style= letter-spacing: 0.48px  line-height: 1.75  ><br></div><div style= letter-spacing: 0.48px  line-height: 1.75  >? Todo se inspecciona en busca de defectos para garantizar que cumpla con las especificaciones de densidad óptica.</div><div style= letter-spacing: 0.48px  line-height: 1.75  ><br></div><div style= letter-spacing: 0.48px  line-height: 1.75  >? 2 mils de espesor. 10 años de garantía.</div></div></div></div></div></div></h1>;
1393;Habilitado;SI;SI;NO;NO;Car Wrapping;Polarizado MITO Nano ceramic ESPEJADO BLACK SILVER (IR65-94%) 2mil 20% (8 años) (Edificio));'UDBK20B;''Copia de Copia de ;''UDBK20B;-83,800;0,000;0,000;metro;21%;Pro SRL;Pesos;7864,50;32,00;10381,14;12561,18;SI;SI;NO;0;0;;;<h2 class= node__title  style= margin-top: 10px  margin-bottom: 10px  font-family: &quot Open Sans&quot . Arial. sans-serif  line-height: 1.2  color: rgb(90. 90. 95)  text-rendering: optimizelegibility  font-size: 40px  font-variant-numeric: inherit  font-variant-east-asian: inherit  font-stretch: inherit  vertical-align: baseline  border: 0px  >MITOSUN CAR Series</h2><h2 class= node__title  style= margin-top: 10px  margin-bottom: 10px  font-family: &quot Open Sans&quot . sans-serif  line-height: 1.2  color: rgb(70. 65. 51)  text-rendering: optimizelegibility  font-size: 31.5px  caret-color: rgb(70. 65. 51)  font-variant-numeric: inherit  font-variant-east-asian: inherit  font-stretch: inherit  vertical-align: baseline  border: 0px  ><span style= font-size: 18px  ><b>Nano Ceramic Polymer - 2PLY / 2MIL / 10 YEARS (VL 35%)&nbsp </b></span></h2><h1 class= node__subtitle  style= margin-bottom: 0px  font-family: &quot Open Sans&quot . Arial. sans-serif  font-weight: 300  line-height: 24px  color: rgb(90. 90. 95)  text-rendering: optimizelegibility  font-size: 18px  font-variant-numeric: inherit  font-variant-east-asian: inherit  font-stretch: inherit  vertical-align: baseline  border: 0px  ><div id= unit-jnIuaxoDXl  animate=   package-item= unit  package-type= text  package-unit-type= text  style= padding-bottom: 10px  padding-top: 10px  color: rgb(0. 0. 0)  font-family: Mulish  font-size: 16px  ><div class= unit-text row no-gutters  text-style= 2  style= font-size: 18px  letter-spacing: 0px  line-height: 1.5  font-family: &quot Arial Bold&quot   ><div class= unit-text__item col-12 col-md-12 col-xl-12  style= width: 257.217px  ><span style= font-family: Mulish. sans-serif  font-size: 16px  letter-spacing: 0.48px  >? Nanocerámica de primer nivel. fabricada con los mejores materiales y recubrimiento y curado de precisión avanzada.</span><div tinymce=  ></div></div></div></div></h1><h1 class= node__subtitle  style= margin-bottom: 0px  font-family: &quot Open Sans&quot . Arial. sans-serif  font-weight: 300  line-height: 24px  color: rgb(90. 90. 95)  text-rendering: optimizelegibility  font-size: 18px  font-variant-numeric: inherit  font-variant-east-asian: inherit  font-stretch: inherit  vertical-align: baseline  border: 0px  ><div id= unit-iAvRT9kZOw  animate=   package-item= unit  package-type= text  package-unit-type= text  style= padding-bottom: 10px  padding-top: 10px  color: rgb(0. 0. 0)  font-family: Mulish  font-size: 16px  ><div class= unit-text row no-gutters  text-style= 3  style= letter-spacing: 0.03em  line-height: 1.5  font-family: Mulish. sans-serif  ><div class= unit-text__item col-12 col-md-12 col-xl-12  style= width: 257.217px  ><div tinymce=  ><div style= letter-spacing: 0.48px  line-height: 1.75  ><div style= letter-spacing: 0.48px  line-height: 1.75  >? La nanocerámica se aplica a una base de poliéster mediante técnicas de recubrimiento de precisión. como el recubrimiento con ranura. Esto deposita una capa fina y uniforme sobre la película.</div><div style= letter-spacing: 0.48px  line-height: 1.75  ><br></div><div style= letter-spacing: 0.48px  line-height: 1.75  >? Todo se inspecciona en busca de defectos para garantizar que cumpla con las especificaciones de densidad óptica.</div><div style= letter-spacing: 0.48px  line-height: 1.75  ><br></div><div style= letter-spacing: 0.48px  line-height: 1.75  >? 2 mils de espesor. 10 años de garantía.</div></div></div></div></div></div></h1>;
1394;Habilitado;SI;SI;NO;NO;Cepillados/cromados;Holografico Tornasolado DPI silver Impresion 122cm;'HTSI122;''Copia de ;''HTSI122;-80,000;100,000;50,000;metro;21%;Grafisur;Pesos;8988,00;35,00;12133,80;14681,90;SI;SI;NO;0;0;
1395;Habilitado;SI;SI;NO;NO;Cepillados/cromados;Holografico Tornasolado DPI silver Impresion 61cm;'HTSI61;''Copia de Copia de ;''HTSI61;-74,900;100,000;50,000;metro;21%;Grafisur;Pesos;4494,00;35,00;6066,90;7340,95;SI;SI;NO;0;0;
1396;Habilitado;SI;SI;NO;NO;02 Vinilos Microperforado;MICROPERFORADO SOLIDEX 100MIC  X 107CM;'SOM107;''Copia de ;''SOM107;0,000;0,000;0,000;metro;21%;DIGRAFICA SRL;Pesos;160443,42;40,00;224620,79;271791,16;SI;SI;NO;0;0;
1397;Habilitado;SI;SI;NO;NO;Front 13oz UNICAL;Lona Front UNICAL 13oz Mate 100CM X 50MTS;'UNI-100M;''Copia de ;''UNI-100M;0,000;0,000;0,000;unidad;21%;DIGRAFICA SRL;Pesos;100505,10;30,00;130656,63;158094,52;SI;SI;NO;0;0;
1398;Habilitado;SI;SI;NO;NO;Front 13oz UNICAL;Lona Front UNICAL 13oz Mate 110CM X 50MTS;'UNI-110M;''Copia de Copia de ;''UNI-110M;0,000;0,000;0,000;unidad;21%;DIGRAFICA SRL;Pesos;110555,61;30,00;143722,29;173903,97;SI;SI;NO;0;0;
1399;Habilitado;SI;SI;NO;NO;Front 13oz UNICAL;Lona Front UNICAL 13oz Mate 120CM X 50MTS;'UNI-120M;''Copia de Copia de Copia de ;''UNI-120M;0,000;0,000;0,000;unidad;21%;DIGRAFICA SRL;Pesos;120606,12;30,00;156787,96;189713,43;SI;SI;NO;0;0;
1400;Habilitado;SI;SI;NO;NO;Front 13oz UNICAL;Lona Front UNICAL 13oz Mate 125CM X 50MTS;'UNI-125M;''Copia de Copia de Copia de Copia de ;''UNI-125M;0,000;0,000;0,000;unidad;21%;DIGRAFICA SRL;Pesos;125631,38;30,00;163320,79;197618,16;SI;SI;NO;0;0;
1401;Habilitado;SI;SI;NO;NO;Front 13oz UNICAL;Lona Front UNICAL 13oz Mate 140CM X 50MTS;'UNI-140M;''Copia de Copia de Copia de Copia de Copia de ;''UNI-140M;0,000;4,000;1,000;unidad;21%;DIGRAFICA SRL;Pesos;108982,86;30,00;141677,72;171430,04;SI;SI;NO;0;0;
1402;Habilitado;SI;SI;NO;NO;Front 13oz UNICAL;Lona Front UNICAL 13oz Mate 160CM X 50MTS;'UNI-160M;''Copia de Copia de Copia de Copia de Copia de Copia de ;''UNI-160M;0,000;0,000;0,000;unidad;21%;DIGRAFICA SRL;Pesos;160808,16;30,00;209050,61;252951,24;SI;SI;NO;0;0;
1404;Habilitado;SI;SI;NO;NO;Esmerilado;Esmerilado blanco UNICAL 122CM de ancho X 50MTS;'ESMUNI122B;''Copia de ;''ESMUNI122B;0,000;0,000;0,000;metro;21%;DIGRAFICA SRL;Pesos;5933,04;35,00;8009,60;9691,62;SI;SI;NO;0;0;
1405;Habilitado;SI;SI;NO;NO;Esmerilado;Esmerilado blanco UNICAL 61CM de ancho X 50MTS;'ESMUNI61B;''Copia de Copia de ;''ESMUNI61B;-100,000;0,000;0,000;metro;21%;DIGRAFICA SRL;Pesos;2966,52;35,00;4004,80;4845,81;SI;SI;NO;0;0;
1406;Habilitado;SI;SI;NO;NO;Vinilos de Corte;FOTOLUMINISCENTE | PET/IMPRESION 127cm x 50mts;'FOTO127;'';''FOTO127;0,000;0,000;0,000;metro;21%;Grafisur;Pesos;35663,10;38,20;49286,40;59636,54;NO;NO;NO;0;0;;;<p>5% DE DESCUENTO LLEVANDO 5MTS O MAS</p>;
1407;Habilitado;SI;SI;NO;NO;Blockout UNICAL ;Lona Blockout UNICAL 13oz 100CM X 50MTS;'UNIB100;'';''UNIB100;0,000;0,000;0,000;unidad;21%;DIGRAFICA SRL;Pesos;190473,38;32,00;251424,86;304224,08;NO;NO;NO;0;0;;;<p>Por 2 rollos o mas 5% de descuento.</p>;
1408;Habilitado;SI;SI;NO;NO;Blockout UNICAL ;Lona Blockout UNICAL 13oz 160CM X 50MTS;'UNIB160;''Copia de ;''UNIB160;0,000;0,000;0,000;unidad;21%;DIGRAFICA SRL;Pesos;304757,40;32,00;402279,77;486758,52;NO;NO;NO;0;0;;;<p>Por 2 rollos o mas 5% de descuento.</p>;
1409;Habilitado;SI;SI;NO;NO;Blockout UNICAL ;Lona Blockout UNICAL 13oz 220CM X 50MTS;'UNIB220;''Copia de Copia de ;''UNIB220;0,000;0,000;0,000;unidad;21%;DIGRAFICA SRL;Pesos;419041,43;32,00;553134,69;669292,97;NO;NO;NO;0;0;;;<p>Por 2 rollos o mas 5% de descuento.</p>;
1410;Habilitado;SI;SI;NO;NO;Blockout UNICAL ;Lona Blockout UNICAL 13oz 320CM X 50MTS;'UNIB320;''Copia de Copia de Copia de ;''UNIB320;0,000;0,000;0,000;unidad;21%;DIGRAFICA SRL;Pesos;609514,80;32,00;804559,54;973517,04;NO;NO;NO;0;0;;;<p>Por 2 rollos o mas 5% de descuento.</p>;
1411;Habilitado;SI;SI;NO;NO;Lonas;LONA MESH NAR 320CM.C/LINER;'G50320;''Copia de ;''G50320;0,000;0,000;0,000;unidad;21%;Grafisur;Pesos;508361,28;32,00;671036,89;811954,64;SI;SI;NO;0;0;;;<p>actualización 9/6/21 use 2.15 + Iva m2 costo<br></p>;
1412;Habilitado;SI;SI;NO;NO;Cepillados/cromados;Vinilo Holografico Glitter Silver Impresion 0.61cm x 50mts ;'VHGS61;'';''VHGS61;0,000;0,000;0,000;metro;21%;Pro SRL;Pesos;3761,05;34,53;5059,74;6122,29;SI;SI;NO;0;0;
1413;Habilitado;SI;SI;NO;NO;BRILLANTE;ORACAL 651-64M MATTE YELLOW GREEN -126CM;'65164M;''Copia de ;''65164M;-3,000;25,000;15,000;metro;21%;Helioday;Pesos;13339,22;30,00;17340,99;20982,60;SI;SI;NO;0;0;
1414;Habilitado;SI;SI;NO;NO;BRILLANTE;ORACAL 651-64M MATTE YELLOW GREEN - 63CM;'65164M-63 ;''Copia de ;''65164M-63 ;0,000;0,000;0,000;metro;21%;Helioday;Pesos;6669,72;30,00;8670,64;10491,47;SI;SI;NO;0;0;
1415;Habilitado;SI;SI;NO;NO;Posicionador;Posicionador papel Adere 0.61cm x 45MTs;'PPA61;'';''PPA61;-51,000;0,000;0,000;unidad;21%;Grafisur;Pesos;34240,00;37,00;46908,80;56759,65;SI;SI;NO;0;0;
1416;Habilitado;SI;SI;NO;NO;02 Vinilos Microperforado;MICROPERFORADO NAR X 106CM (FRACCIONADO);'MICRONAR106F;''Copia de Copia de ;''MICRONAR106F;-36,500;0,000;0,000;metro;21%;Grafisur;Pesos;3306,30;50,00;4959,45;6000,93;SI;SI;NO;0;0;
1417;Habilitado;SI;SI;NO;NO;02 Vinilos Microperforado; MICROPERFORADO NAR X 127CM (FRACCIONADO);'MICRONAR127F;''Copia de Copia de Copia de ;''MICRONAR127;-70,000;0,000;0,000;metro;21%;Grafisur;Pesos;3962,21;50,00;5943,32;7191,42;SI;SI;NO;0;0;
1418;Habilitado;SI;SI;NO;NO;Vinilos termotransferibles;CLEAN LIQUID KING JET | ENVASES POR 70 ML;'CLEANJET70;''Copia de Copia de ;''CLEANJET70;0,000;1,000;1,000;unidad;21%;Grafisur;Pesos;16264,00;35,00;21956,40;26567,24;SI;SI;NO;0;0;;;<h1 class=   style= font-family: Lato. sans-serif  font-weight: normal  line-height: 1.2em  text-rendering: optimizelegibility  font-size: 1.8em  padding-top: 8px  padding-bottom: 8px  letter-spacing: 0.001em  >La Serie DTF80. Es un film PET IMPRIMIBLE de 80 micrones. es ideal para la impresión con tintas DTF permitiendo una optima transferencia con plancha. dando por resultado un estampa de alta calidad. Disponible en rollos de 0.61 x 50 Mts.<br></h1><p><h3 style= font-style: inherit  font-variant-caps: inherit  margin-bottom: 0px  font-family: &quot Open Sans&quot . sans-serif  font-weight: 400  line-height: inherit  text-rendering: optimizelegibility  font-size: 20px  text-transform: uppercase  font-variant-ligatures: inherit  font-variant-alternates: inherit  font-variant-numeric: inherit  font-variant-east-asian: inherit  font-variant-position: inherit  font-stretch: inherit  vertical-align: baseline  border: 0px  ><p></p><br class= Apple-interchange-newline ></h3></p><h4 style= font-family: inherit  font-style: inherit  font-variant-caps: inherit  letter-spacing: normal  orphans: auto  text-align: start  text-indent: 0px  white-space: normal  widows: auto  word-spacing: 0px  -webkit-text-stroke-width: 0px  text-decoration: none  margin: 0px  font-weight: 400  line-height: inherit  color: rgb(35. 155. 202)  text-rendering: optimizelegibility  font-size: 14px  text-transform: uppercase  font-variant-ligatures: inherit  font-variant-alternates: inherit  font-variant-numeric: inherit  font-variant-east-asian: inherit  font-variant-position: inherit  font-stretch: inherit  padding: 10px 0px 0px  vertical-align: baseline  border: 0px  display: table-cell  ></h4>;
1419;Habilitado;SI;SI;NO;NO;Car Wrapping;MITOCAL NEGRO MATE BUB. FREE 152CM CANALES DE AIRE;' MITONMB;''Copia de ;''MITONMB;0,000;90,000;30,000;metro;21%;Pro SRL;Pesos;20330,00;30,00;26429,00;31979,09;SI;SI;NO;0;0;
1420;Habilitado;SI;SI;NO;NO;01 Vinilo de Impresion Oracal 3640/3641 80mic;3640 ORAJET IMPRESION BRILLANTE BASE BLANCA 126CM 50MTS;'364010126;''Copia de ;''364010126;0,000;0,000;0,000;unidad;21%;Helioday;Pesos;284980,46;29,15;368052,26;445343,23;SI;SI;NO;0;0;
1421;Habilitado;SI;SI;NO;NO;Vinilos de Corte;VINILO CORTE BEIGE 09 MATE 122CM;'VCUBM09;''Copia de ;''VCUBM09;-28,500;15,000;5,000;metro;21%;DIGRAFICA SRL;Pesos;3838,51;36,99;5258,37;6362,63;SI;SI;NO;0;0;
1422;Habilitado;SI;SI;NO;NO;Vinilos de Corte;VINILO CORTE BEIGE 09 MATE 61CM;'VCUBM0961;''Copia de Copia de ;''VCUBM0961;-30,000;15,000;5,000;metro;21%;DIGRAFICA SRL;Pesos;1919,25;36,99;2629,18;3181,31;SI;SI;NO;0;0;
1423;Habilitado;SI;SI;NO;NO;Vinilos de Corte;VINILO CORTE ROSA PASTEL 08 MATE 122CM;'VCURM08;''Copia de Copia de ;''VCURM08;-6,000;15,000;5,000;metro;21%;DIGRAFICA SRL;Pesos;3838,51;36,99;5258,37;6362,63;SI;SI;NO;0;0;
1424;Habilitado;SI;SI;NO;NO;Vinilos de Corte;VINILO CORTE ROSA PASTEL 08 MATE 61CM;'VCURM0861;''Copia de Copia de Copia de ;''VCURM0861;-25,000;15,000;5,000;metro;21%;DIGRAFICA SRL;Pesos;1919,25;36,99;2629,18;3181,31;SI;SI;NO;0;0;
1425;Habilitado;SI;SI;NO;NO;Vinilos de Corte;VINILO CORTE GRIS 73 MATE 61CM;'VCUGM7361;''Copia de Copia de Copia de Copia de ;''VCUGM7361;-21,000;15,000;5,000;metro;21%;DIGRAFICA SRL;Pesos;1919,25;36,99;2629,18;3181,31;SI;SI;NO;0;0;
1426;Habilitado;SI;SI;NO;NO;Vinilos de Corte;VINILO CORTE GRIS 73 MATE 122CM;'VCUGM73;''Copia de Copia de ;''VCUGM73;-13,000;15,000;5,000;metro;21%;DIGRAFICA SRL;Pesos;3838,51;36,99;5258,37;6362,63;SI;SI;NO;0;0;
1427;Habilitado;SI;SI;NO;NO;Vinilos de Corte;VINILO CORTE DPI NEGRO  BRILLANTE  122CM;'VCDPINEB;''Copia de ;''VCDPINEB;174,500;100,000;50,000;metro;21%;Grafisur;Pesos;4311,03;36,99;5905,68;7145,87;SI;SI;NO;0;0;
1428;Habilitado;SI;SI;NO;NO;Vinilos de Corte;VINILO CORTE DPI BLANCO  BRILLANTE  122CM;'VCDPIBLB;''Copia de Copia de ;''VCDPIBLB;192,000;100,000;50,000;metro;21%;Grafisur;Pesos;4311,03;36,99;5905,68;7145,87;SI;SI;NO;0;0;
1429;Habilitado;SI;SI;NO;NO;Vinilos de Corte;VINILO CORTE DPI BLANCO  BRILLANTE  61CM;'VCDPIBLB61;''Copia de Copia de Copia de ;''VCDPIBLB61;-211,000;100,000;50,000;metro;21%;Grafisur;Pesos;2155,52;36,99;2952,85;3572,95;SI;SI;NO;0;0;
1430;Habilitado;SI;SI;NO;NO;Vinilos de Corte;VINILO CORTE DPI NEGRO  BRILLANTE  61CM;'VCDPINEB61;''Copia de Copia de Copia de Copia de ;''VCDPINEB61;-157,000;100,000;50,000;metro;21%;Grafisur;Pesos;2155,52;36,99;2952,85;3572,95;SI;SI;NO;0;0;
1431;Habilitado;NO;NO;NO;NO;Vinilos de Corte;DPI Todos los Colores (Brillante y Mate) - 61CM de ancho;'VCDPI61;''Copia de Copia de ;''VCDPI61;0,000;0,000;0,000;metro;21%;Grafisur;Pesos;2155,52;36,99;2952,85;3572,95;NO;NO;NO;0;0;
1432;Habilitado;SI;SI;NO;NO;08 Deco;VINILO SIMIL PIZARRA NEGRO 122CM DE ANCHO DPI;'VSPN;''Copia de ;''VSPN;-12,000;0,000;0,000;metro;21%;Grafisur;Pesos;5350,00;37,00;7329,50;8868,70;SI;SI;NO;0;0;
1433;Habilitado;SI;SI;NO;NO;08 Deco;VINILO SIMIL PIZARRA NEGRO 61CM DE ANCHO DPI;'VSPN61;''Copia de Copia de ;''VSPN61;0,000;0,000;0,000;metro;21%;Grafisur;Pesos;2675,00;37,00;3664,75;4434,35;SI;SI;NO;0;0;
1434;Habilitado;SI;SI;NO;NO;01 Vinilos de Impresión;IMPRESION DPI BASE BLANCA  MATE 152CM X 50MTS ;'VDBBM152;''Copia de ;''VDBBM152;0,000;0,000;0,000;unidad;21%;Grafisur;Pesos;160500,00;30,00;208650,00;252466,50;SI;SI;NO;0;0;;;<p>Actualizado dia 9/06/2021 precio costo USD 1.534 + Iva/ precio venta Usd 1.99 + Iva m2<br></p>;
1435;Habilitado;SI;SI;NO;NO;01 Vinilos de Impresión;IMPRESION DPI BASE GRIS MATE 152CM X 50MTS ;'VDBGM152;''Copia de Copia de ;''VDBBM152;0,000;0,000;0,000;unidad;21%;Grafisur;Pesos;160500,00;30,00;208650,00;252466,50;SI;SI;NO;0;0;;;<p>Actualizado dia 9/06/2021 precio costo USD 1.534 + Iva/ precio venta Usd 1.99 + Iva m2<br></p>;
1436;Habilitado;SI;SI;NO;NO;Vinilos de Corte;VINILO CORTE DPI GRIS BRILLANTE  122CM;'VCDPIGRB;''Copia de Copia de ;''VCDPIGRB;228,500;100,000;50,000;metro;21%;Grafisur;Pesos;4311,03;36,99;5905,68;7145,87;SI;SI;NO;0;0;
1438;Habilitado;SI;SI;NO;NO;Vinilos de Corte;VINILO CORTE DPI BLANCO MATE 122CM;'VCDPIBLM;''Copia de Copia de Copia de ;''VCDPIBLM;122,000;100,000;50,000;metro;21%;Grafisur;Pesos;4311,03;36,99;5905,68;7145,87;SI;SI;NO;0;0;
1439;Habilitado;SI;SI;NO;NO;Vinilos de Corte;VINILO CORTE DPI NEGRO MATE 122CM;'VCDPINEM;''Copia de Copia de Copia de Copia de ;''VCDPINEM;-782,000;100,000;50,000;metro;21%;Grafisur;Pesos;4311,03;36,99;5905,68;7145,87;SI;SI;NO;0;0;
1440;Habilitado;SI;SI;NO;NO;Vinilos de Corte;VINILO CORTE DPI BLANCO MATE 61CM;'VCDPIBLM61;''Copia de Copia de Copia de Copia de ;''VCDPIBLM61;-340,000;100,000;50,000;metro;21%;Grafisur;Pesos;2155,52;36,99;2952,85;3572,95;SI;SI;NO;0;0;
1441;Habilitado;SI;SI;NO;NO;Vinilos de Corte;VINILO CORTE DPI NEGRO MATE 61CM;'VCDPINEM61;''Copia de Copia de Copia de Copia de Copia de ;''VCDPINEM61;-243,000;100,000;50,000;metro;21%;Grafisur;Pesos;2155,52;36,99;2952,85;3572,95;SI;SI;NO;0;0;
1442;Habilitado;SI;SI;NO;NO;Vinilos de Corte;VINILO CORTE DPI DORADO BRILLANTE 122CM;'VCDPIDOB;''Copia de Copia de Copia de ;''VCDPIDOB;208,000;100,000;50,000;metro;21%;Grafisur;Pesos;7169,00;36,99;9820,81;11883,18;SI;SI;NO;0;0;
1443;Habilitado;SI;SI;NO;NO;Vinilos de Corte;VINILO CORTE DPI DORADO BRILLANTE 61CM;'VCDPIDOB61;''Copia de Copia de Copia de Copia de ;''VCDPIDOB61;206,000;100,000;50,000;metro;21%;Grafisur;Pesos;3584,50;36,99;4910,41;5941,60;SI;SI;NO;0;0;
1445;Habilitado;SI;SI;NO;NO;Vinilos de Corte;VINILO CORTE DPI ROJO BRILLANTE 1002  122CM;'VCDPIROB1002;''Copia de Copia de ;''VCDPIROB1002;175,500;100,000;50,000;metro;21%;Grafisur;Pesos;4311,03;36,99;5905,68;7145,87;SI;SI;NO;0;0;
1447;Habilitado;SI;SI;NO;NO;Vinilos de Corte;VINILO CORTE DPI ROJO BRILLANTE 1002 61CM;'VCDPIROB611002;''Copia de Copia de Copia de Copia de Copia de ;''VCDPIROB611002;188,000;100,000;50,000;metro;21%;Grafisur;Pesos;2155,52;36,99;2952,85;3572,95;SI;SI;NO;0;0;
1448;Deshabilitado;NO;NO;NO;NO;Car Wrapping;MITOWRAP 8900 PPF TPH TRANSPARENTE 152CM x 18MTS (5 años);'MITOTPH8900;'';''MITOTPH8900;0,000;0,000;0,000;metro;21%;Pro SRL;Pesos;26792,80;35,00;36170,28;43766,04;SI;SI;NO;0;0;
1449;Habilitado;SI;SI;NO;NO;Car Wrapping;MITOWRAP 8900 PPF TPU TRANSPARENTE 152CM x 18MTS (10 años);'MITOTPU8900;''Copia de ;''MITOTPU8900;0,000;0,000;0,000;metro;21%;Pro SRL;Pesos;36915,00;35,00;49835,25;60300,65;SI;SI;NO;0;0;
1450;Habilitado;SI;SI;NO;NO;Car Wrapping;FIBRA DE CARBONO DPI  X 152CM ;'CARBDPI;''Copia de ;''CARBDPI;42,600;100,000;10,000;metro;21%;Grafisur;Pesos;8132,00;42,00;11547,44;13972,40;SI;SI;NO;0;0;;;<p>POR ROLLO CERRADO SE PUEDE HACER UN 10% DE DESCUENTO</p>;
1451;Habilitado;SI;SI;NO;NO;Front DPI 13oz;Lona Front DPI 13oz Brillante 100CM X 50MTS;'DPI-100;''Copia de Copia de ;''DPI-100;0,000;0,000;0,000;unidad;21%;Grafisur;Pesos;90130,38;25,00;112662,98;136322,21;SI;SI;NO;0;0;
1453;Habilitado;SI;SI;NO;NO;DPI Base Blanca brillante 100mic;VINILO DE IMPRESION DPI BLANCO BRILLANTE BASE BLANCA 106CM X 50MTS;'VIDPIBB106;'';''VIDPIBB106;0,000;0,000;0,000;unidad;21%;Grafisur;Pesos;98803,00;35,00;133384,05;161394,70;SI;SI;NO;0;0;
1454;Habilitado;SI;SI;NO;NO;DPI Base Blanca brillante 100mic;VINILO DE IMPRESION DPI BLANCO BRILLANTE BASE BLANCA 127CM X 50MTS;'VIDPIBB127;''Copia de ;''VIDPIBB127;0,000;0,000;0,000;unidad;21%;Grafisur;Pesos;118377,17;35,00;159809,18;193369,11;SI;SI;NO;0;0;
1455;Habilitado;SI;SI;NO;NO;DPI Base Blanca brillante 100mic;VINILO DE IMPRESION DPI BLANCO BRILLANTE BASE BLANCA 137CM X 50MTS;'VIDPIBB137;''Copia de Copia de ;''VIDPIBB137;0,000;0,000;0,000;unidad;21%;Grafisur;Pesos;127698,21;35,00;172392,58;208595,02;SI;SI;NO;0;0;
1456;Habilitado;SI;SI;NO;NO;DPI Base Blanca brillante 100mic;VINILO DE IMPRESION DPI BLANCO BRILLANTE BASE BLANCA 152CM X 50MTS;'VIDPIBB152;''Copia de Copia de Copia de ;''VIDPIBB152;0,000;0,000;0,000;unidad;21%;Grafisur;Pesos;141679,77;35,00;191267,69;231433,90;SI;SI;NO;0;0;
1457;Habilitado;SI;SI;NO;NO;DPI Blanco Matte 100mic;VINILO DE IMPRESION DPI BLANCO MATTE BASE GRIS 106CM X 50MTS;'VIDPIBM106;''Copia de ;''VIDPIBM106;0,000;0,000;0,000;unidad;21%;Grafisur;Pesos;98803,00;35,00;133384,05;161394,70;SI;SI;NO;0;0;
1458;Habilitado;SI;SI;NO;NO;DPI Blanco Matte 100mic;VINILO DE IMPRESION DPI BLANCO MATTE BASE GRIS 127CM X 50MTS;'VIDPIBM127;''Copia de Copia de ;''VIDPIBM127;-1,000;0,000;0,000;unidad;21%;Grafisur;Pesos;118377,17;35,00;159809,18;193369,11;SI;SI;NO;0;0;
1459;Habilitado;SI;SI;NO;NO;DPI Blanco Matte 100mic;VINILO DE IMPRESION DPI BLANCO MATTE BASE GRIS 137CM X 50MTS;'VIDPIBM137;''Copia de Copia de Copia de ;''VIDPIBM137;0,000;0,000;0,000;unidad;21%;Grafisur;Pesos;127698,21;35,00;172392,58;208595,02;SI;SI;NO;0;0;
1460;Habilitado;SI;SI;NO;NO;DPI Blanco Matte 100mic;VINILO DE IMPRESION DPI BLANCO MATTE BASE GRIS 152CM X 50MTS;'VIDPIBM152;''Copia de Copia de Copia de Copia de ;''VIDPIBM152;0,000;0,000;0,000;unidad;21%;Grafisur;Pesos;141679,77;35,00;191267,69;231433,90;SI;SI;NO;0;0;
1461;Habilitado;SI;SI;NO;NO;Termotransferible reflectivo Gio;TERMO HC GIOFLEX | REFLECTIVO BLANCO/NEGRO/TORNASOLADO NEGRO/FLUOS REFLECTIVOS (LARGO 50 MT).;'TERMOREFGIO;'';''TERMOREFGIO;-5,000;0,000;0,000;metro;21%;Grafisur;Pesos;8607,78;35,00;11620,50;14060,81;SI;SI;NO;0;0;
1462;Habilitado;SI;SI;NO;NO;Vinilos de Corte;VINILO CORTE DPI AZUL 1052 BRILLANTE 122CM;'VCDPIAZB;''Copia de Copia de ;''VCDPIAZB;225,500;100,000;50,000;metro;21%;Grafisur;Pesos;4311,03;36,99;5905,68;7145,87;SI;SI;NO;0;0;
1463;Habilitado;SI;SI;NO;NO;Vinilos de Corte;VINILO CORTE DPI AZUL 1052 BRILLANTE 61CM;'VCDPIAZB61;''Copia de Copia de Copia de Copia de Copia de ;''VCDPIAZB61;169,000;100,000;50,000;metro;21%;Grafisur;Pesos;2155,52;36,99;2952,85;3572,95;SI;SI;NO;0;0;
1464;Habilitado;SI;SI;NO;NO;Vinilos de Corte;VINILO CORTE DPI MAGENTA 1057 BRILLANTE 122CM;'VCDPIMAB;''Copia de Copia de Copia de ;''VCDPIMAB;223,000;100,000;50,000;metro;21%;Grafisur;Pesos;4311,03;36,99;5905,68;7145,87;SI;SI;NO;0;0;
1465;Habilitado;SI;SI;NO;NO;Vinilos de Corte;VINILO CORTE DPI MAGENTA 1057 BRILLANTE 61CM;'VCDPIMAB61;''Copia de Copia de Copia de Copia de Copia de Copia de ;''VCDPIMAB61;131,000;100,000;50,000;metro;21%;Grafisur;Pesos;2155,52;36,99;2952,85;3572,95;SI;SI;NO;0;0;
1466;Habilitado;SI;SI;NO;NO;Vinilos de Corte;VINILO CORTE DPI AMARILLO 1019 BRILLANTE 122CM;'VCDPIAMB;''Copia de Copia de Copia de ;''VCDPIAMB;228,500;100,000;50,000;metro;21%;Grafisur;Pesos;4311,03;36,99;5905,68;7145,87;SI;SI;NO;0;0;
1467;Habilitado;SI;SI;NO;NO;Vinilos de Corte;VINILO CORTE DPI AMARILLO 1019 BRILLANTE 61CM;'VCDPIAMB61;''Copia de Copia de Copia de Copia de Copia de Copia de ;''VCDPIAMB61;136,000;100,000;50,000;metro;21%;Grafisur;Pesos;2155,52;36,99;2952,85;3572,95;SI;SI;NO;0;0;
2565;Habilitado;SI;SI;NO;NO;Accesorios;Espatula combinada imantada Mito;'ESPCOMBI;'Copia de 'Copia de ;''ESPCOMBI;1,000;10,000;3,000;unidad;21%;Pro SRL;Pesos;4387,00;40,00;6141,80;7431,58;SI;SI;NO;0;0;
2566;Habilitado;SI;SI;NO;NO;Polarizados Y Film de Seguridad;Polarizado MITOSUN CAR 2 - VL20 NEGRO INTERMEDIO 152CM;'POLMITOINT;';'POLMITOINT;-35,000;0,000;0,000;metro;21%;Pro SRL;Pesos;10165,00;37,00;13926,05;16850,52;SI;SI;NO;0;0;<h2 class=\ node__title\  style=\ margin-top: 10px  margin-bottom: 10px  font-family: &quot Open Sans&quot , sans-serif  line-height: 1.2  color: rgb(70, 65, 51)  text-rendering: optimizelegibility  font-size: 31.5px  caret-color: rgb(70, 65, 51)  font-variant-numeric: inherit  font-variant-east-asian: inherit  font-width: inherit  vertical-align: baseline  border: 0px \ ><span style=\ font-size: 18px \ ><b>Nano Ceramic Polymer - 2PLY / 2MIL / 10 YEARS (VL 20%) Intermediate</b></span></h2>;
2567;Habilitado;NO;NO;NO;NO;Vinilos de Corte;UNICAL Todos los Colores (Brillante y Mate) - 122CM de ancho;'VCU122;'Copia de 'Copia de Copia de ;'VCU122;0,000;0,000;0,000;metro;21%;DIGRAFICA SRL;Pesos;3838,50;36,99;5258,36;6362,62;NO;NO;NO;0;0;
2568;Habilitado;SI;SI;NO;NO;DPI Base Gris brillante 100mic;VINILO DE IMPRESION DPI BLANCO BRILLANTE BASE GRIS 106CM X 50MTS;'VIDPIBBG106;'Copia de \'Copia de ;'VIDPIBBG106;0,000;0,000;0,000;unidad;21%;Grafisur;Pesos;98803,00;35,00;133384,05;161394,70;SI;SI;NO;0;0;
2569;Habilitado;SI;SI;NO;NO;DPI Base Gris brillante 100mic;VINILO DE IMPRESION DPI BLANCO BRILLANTE BASE GRIS 127CM X 50MTS;'VIDPIBBG127;'Copia de 'Copia de Copia de ;'VIDPIBBG127;0,000;0,000;0,000;unidad;21%;Grafisur;Pesos;118377,17;35,00;159809,18;193369,11;SI;SI;NO;0;0;
2570;Habilitado;SI;SI;NO;NO;DPI Base Gris brillante 100mic;VINILO DE IMPRESION DPI BLANCO BRILLANTE BASE GRIS 137CM X 50MTS;'VIDPIBBG137;'Copia de 'Copia de Copia de Copia de ;'VIDPIBBG137;0,000;0,000;0,000;unidad;21%;Grafisur;Pesos;127698,21;35,00;172392,58;208595,02;SI;SI;NO;0;0;
2571;Habilitado;SI;SI;NO;NO;DPI Base Gris brillante 100mic;VINILO DE IMPRESION DPI BLANCO BRILLANTE BASE GRIS 152CM X 50MTS;'VIDPIBBG152;'Copia de 'Copia de Copia de Copia de Copia de ;'VIDPIBBG152;0,000;0,000;0,000;unidad;21%;Grafisur;Pesos;141679,77;35,00;191267,69;231433,90;SI;SI;NO;0;0;
2572;Habilitado;SI;SI;NO;NO;Cepillados/cromados;Vinilo Holografico Graphictac HP21-01 61cm;'VHGHP21;'Copia de ';'VHGHP21;-29,000;0,000;0,000;metro;21%;CRIVO SRL;Pesos;3659,40;36,00;4976,78;6021,90;SI;SI;NO;0;0;
2573;Habilitado;SI;SI;NO;NO;Car Wrapping;Oracal 670-70 Calandrado Polimerico BLACK GLOSS -152CM;'67070;'Copia de ';'67070;-55,000;0,000;0,000;metro;21%;Helioday;Pesos;17922,50;35,00;24195,38;29276,41;SI;SI;NO;0;0;
2574;Habilitado;SI;SI;NO;NO;Car Wrapping;Oracal 670-10 Calandrado Polimerico WHITE GLOSS -152CM;'67010;'Copia de Copia de ';'67010;0,000;0,000;0,000;metro;21%;Helioday;Pesos;17922,50;35,00;24195,38;29276,41;SI;SI;NO;0;0;
2575;Habilitado;SI;SI;NO;NO;Car Wrapping;Oracal 670 Calandrado Polimerico COLORES -152CM;'670COL;'Copia de Copia de Copia de ';'670COL;0,000;0,000;0,000;metro;21%;Helioday;Pesos;20505,48;35,00;27682,40;33495,70;SI;SI;NO;0;0;
2576;Habilitado;SI;SI;NO;NO;Vinilos de Corte;Vinilo de corte Fluo Graphictac (Todos los colores) 61cm ;'VCFG61;';'VCFG61;0,000;0,000;0,000;metro;21%;CRIVO SRL;Pesos;4547,50;40,00;6366,50;7703,47;SI;NO;NO;0;0;
2577;Habilitado;SI;SI;NO;NO;Vinilos de Corte;Vinilo de corte Fluo amarillo FL01 Graphictac 61cm ;'VCFL01;'Copia de ;'VCFL01;-2,000;0,000;0,000;metro;21%;CRIVO SRL;Pesos;4547,50;40,00;6366,50;7703,47;SI;SI;NO;0;0;
2578;Habilitado;SI;SI;NO;NO;Vinilos de Corte;Vinilo de corte Fluo verde FL02 Graphictac 61cm ;'VCFL02;'Copia de Copia de ;'VCFL02;-10,000;0,000;0,000;metro;21%;CRIVO SRL;Pesos;4547,50;40,00;6366,50;7703,47;SI;SI;NO;0;0;
2579;Habilitado;SI;SI;NO;NO;Vinilos de Corte;Vinilo de corte Fluo rojo FL03 Graphictac 61cm ;'VCFL03;'Copia de Copia de Copia de ;'VCFL03;-2,000;0,000;0,000;metro;21%;CRIVO SRL;Pesos;4547,50;40,00;6366,50;7703,47;SI;SI;NO;0;0;
2580;Habilitado;SI;SI;NO;NO;Vinilos de Corte;Vinilo de corte Fluo rosa FL04 Graphictac 61cm ;'VCFL04;'Copia de Copia de Copia de Copia de ;'VCFL04;-4,000;0,000;0,000;metro;21%;CRIVO SRL;Pesos;4547,50;40,00;6366,50;7703,47;SI;SI;NO;0;0;
2581;Habilitado;SI;SI;NO;NO;Vinilos de Corte;Vinilo de corte Fluo naranja FL05 Graphictac 61cm ;'VCFL05;'Copia de Copia de Copia de Copia de Copia de ;'VCFL05;-3,000;0,000;0,000;metro;21%;CRIVO SRL;Pesos;4547,50;40,00;6366,50;7703,47;SI;SI;NO;0;0;
2582;Habilitado;SI;SI;NO;NO;Cepillados/cromados;Vinilo Holografico Graphictac HP62-01 61cm;'VHGHP62;'Copia de Copia de ';'VHGHP62;-27,000;0,000;0,000;metro;21%;CRIVO SRL;Pesos;3659,40;36,00;4976,78;6021,90;SI;SI;NO;0;0;
2583;Habilitado;SI;SI;NO;NO;Cepillados/cromados;Vinilo Holografico Graphictac HP17-01 61cm;'VHGHP17;'Copia de Copia de Copia de ';'VHGHP17;-2,000;0,000;0,000;metro;21%;CRIVO SRL;Pesos;3659,40;36,00;4976,78;6021,90;SI;SI;NO;0;0;
2584;Habilitado;SI;SI;NO;NO;Cepillados/cromados;Vinilo Holografico Graphictac HP-01 61cm;'VHGHP01;'Copia de Copia de Copia de Copia de ';'VHGHP01;-7,000;0,000;0,000;metro;21%;CRIVO SRL;Pesos;3659,40;36,00;4976,78;6021,90;SI;SI;NO;0;0;
2585;Habilitado;SI;SI;NO;NO;Flexilite Base Blanca Brillante 100mic;IMPRESION FLEXILITE BASE BLANCA BRILLANTE 100MIC 137CM X 50MTS ;'VFBB137;'Copia de ';'VFBB137;0,000;0,000;0,000;unidad;21%;CRIVO SRL;Pesos;172114,85;30,00;223749,31;270736,67;SI;SI;NO;0;0;;;<p>Actualizado dia 9/06/2021 precio costo USD 1.534 + Iva/ precio venta Usd 1.99 + Iva m2<br></p>;
2586;Habilitado;SI;SI;NO;NO;Cepillados/cromados;CEPILLADO PLATA IMPRESION 122cm x 50mts;'CPI122;'Copia de 'Copia de ;'CPI122;-7,000;0,000;0,000;metro;21%;Grafisur;Pesos;9095,00;36,00;12369,20;14966,73;SI;SI;NO;0;0;
2587;Habilitado;SI;SI;NO;NO;Cepillados/cromados;CEPILLADO ORO IMPRESION 122cm x 50mts;'CPO122;'Copia de Copia de 'Copia de ;'CPO122;0,000;0,000;0,000;metro;21%;Grafisur;Pesos;9095,00;36,00;12369,20;14966,73;SI;SI;NO;0;0;
2588;Habilitado;SI;SI;NO;NO;Cintas Bifaz;CINTA ORAMOUNT S1812TM BIFAZ 19MM X 50MTS;'OM1812;'Copia de ';'OM1812;-10,000;0,000;0,000;unidad;21%;Helioday;Pesos;75378,29;35,00;101760,69;123130,43;SI;SI;NO;0;0;
2589;Habilitado;SI;SI;NO;NO;Poli Tape;POSICIONADOR TRANSPARENTE NAR 122 X METRO;'PNT122;'Copia de ';'PNT122;-533,900;0,000;0,000;unidad;21%;Grafisur;Pesos;2808,75;36,00;3819,90;4622,08;SI;SI;NO;0;0;;;<p>Por rollo cerrado 10% de descuento</p>;
2590;Habilitado;SI;SI;NO;NO;Prismáticos;REFLECTIVO PRISMATICO ROJO ALTA INTENSIDAD (panal de abeja) HC 180 1.22 x 45.7mts;'HC180ROJO;';'HC180ROJO;-8,000;0,000;0,000;metro;21%;Grafisur;Pesos;53554,57;32,00;70692,03;85537,36;SI;SI;NO;0;0;
2591;Habilitado;SI;SI;NO;NO;Prismáticos;REFLECTIVO PRISMATICO NARANJA ALTA INTENSIDAD (panal de abeja) HC 180 1.22 x 45.7mts;'HC180NARA;'Copia de ;'HC180NARA;-7,000;0,000;0,000;metro;21%;Grafisur;Pesos;53554,57;32,00;70692,03;85537,36;SI;SI;NO;0;0;
2592;Habilitado;SI;SI;NO;NO;Prismáticos;REFLECTIVO PRISMATICO BLANCO ALTA INTENSIDAD (panal de abeja) HC 180 1.22 x 45.7mts;'HC180BLAN | 2026-05-21 16:46:25 | ZBO2d;'Copia de Copia de ;'HC180BLAN;-7,000;0,000;0,000;metro;21%;Grafisur;Pesos;53554,57;32,00;70692,03;85537,36;SI;SI;NO;0;0;
2593;Habilitado;SI;SI;NO;NO;Front 13oz UNICAL;Lona Front UNICAL 13oz Brillante 180CM X 50MTS;'UNI-180;'Copia de 'Copia de Copia de Copia de Copia de Copia de ;''UNI-180;0,000;0,000;0,000;unidad;21%;DIGRAFICA SRL;Pesos;180909,18;30,00;235181,93;284570,14;SI;SI;NO;0;0;
2594;Habilitado;SI;SI;NO;NO;Front 13oz UNICAL;Copia de Lona Front UNICAL 13oz Brillante 180CM X 50MTS;'UNI-180 | 2026-05-26 14:10:22 | izKo6;'Copia de Copia de 'Copia de Copia de Copia de Copia de Copia de ;''UNI-180;0,000;0,000;0,000;unidad;21%;DIGRAFICA SRL;Pesos;180909,18;30,00;235181,93;284570,14;SI;SI;NO;0;0;
2595;Habilitado;SI;SI;NO;NO;Front 13oz UNICAL;Lona Front UNICAL 13oz Mate 180CM X 50MTS;'UNI-180M;'Copia de Copia de 'Copia de Copia de Copia de Copia de Copia de ;''UNI-180M;0,000;0,000;0,000;unidad;21%;DIGRAFICA SRL;Pesos;180909,18;30,00;235181,93;284570,14;SI;SI;NO;0;0;
2596;Habilitado;SI;SI;NO;NO;08 Deco;VINILO SIMIL TELA BEIGE 122CM DE ANCHO MITOCAL (ENTELADO);'MITO1423-122;'Copia de ';'MITO1423-122;0,000;0,000;0,000;metro;21%;Pro SRL;Pesos;9910,34;35,20;13398,78;16212,52;SI;SI;NO;0;0;
2597;Habilitado;SI;SI;NO;NO;Iman;IMAN 0.35 60CM X 50MT SIN PVC (VIRGEN) GRAF;'IM035GR;'Copia de ';'IM035GR;-12,000;0,000;0,000;metro;21%;Grafisur;Pesos;4863,15;35,00;6565,25;7943,95;SI;SI;NO;0;0;<p>el rollo de iman es de 0.35 de espesor x 61cm de ancho x 50cm de largo</p>;
2598;Habilitado;SI;SI;NO;NO;Iman;IMAN 0.35 60CM X 40MTS CON ADHESIVO GRAF;'IM035GRAD;'Copia de Copia de ';'IM035GRAD;0,000;0,000;0,000;metro;21%;Grafisur;Pesos;7618,40;35,00;10284,84;12444,66;SI;SI;NO;0;0;<p>el rollo de iman es de 0.35 de espesor x 61cm de ancho x 50cm de largo</p>;
2600;Habilitado;SI;SI;NO;NO;Iman;IMAN 0.80 60CM X 30MT CON PVC GRAF;'IM080GR;'Copia de Copia de ';'IM080GR;-40,700;0,000;0,000;metro;21%;Grafisur;Pesos;12157,34;35,00;16412,41;19859,02;SI;SI;NO;0;0;
2602;Habilitado;SI;SI;NO;NO;Esmerilado;Esmerilado DPI 0.91 de ancho x 50mts;'ESMDPI091;'Copia de ';'ESMDPI091;-79,000;0,000;0,000;metro;21%;Grafisur;Pesos;3586,71;39,05;4987,32;6034,66;SI;SI;NO;0;0;
2603;Habilitado;SI;SI;NO;NO;Accesorios;Cutter Metalico p/corte Liner No daña Vinilo ;'MITOOL-KNLINER;';'MITOOL-KNLINER;3,000;1,000;0,000;unidad;21%;Pro SRL;Pesos;17655,00;35,00;23834,25;28839,44;SI;NO;NO;0;0;
2604;Habilitado;SI;SI;NO;NO;Accesorios;Cutter alta presicion p/vinilo ;'MITOOL-KNHD;'Copia de ;'MITOOL-KNHD;5,000;2,000;1,000;unidad;21%;Pro SRL;Pesos;3852,00;40,00;5392,80;6525,29;SI;NO;NO;0;0;
2605;Habilitado;SI;SI;NO;NO;Cepillados/cromados;CROMADO PLATA ESPEJADO PARA IMPRESION APTO VEHICULAR 127cm x 50mts HELI;'CPEI127;';'CPEI127;0,000;0,000;0,000;metro;21%;Helioday;Pesos;7408,20;37,00;10149,23;12280,57;SI;SI;NO;0;0;
2606;Habilitado;SI;SI;NO;NO;Front 13oz UNICAL;Lona Front UNICAL 13oz Mate 320CM X 50MTS;'UNI-320M;'Copia de 'Copia de Copia de Copia de Copia de Copia de Copia de ;''UNI-320M;0,000;0,000;0,000;unidad;21%;DIGRAFICA SRL;Pesos;321616,32;30,00;418101,22;505902,48;SI;SI;NO;0;0;
2607;Habilitado;SI;SI;NO;NO;Front 13oz UNICAL;Lona Front UNICAL 13oz Mate 220CM X 50MTS;'UNI-220M;'Copia de 'Copia de Copia de ;''UNI-220M;0,000;0,000;0,000;unidad;21%;DIGRAFICA SRL;Pesos;221111,22;30,00;287444,59;347807,95;SI;SI;NO;0;0;
2608;Habilitado;SI;SI;NO;NO;Estructuras;PORTABANNER ROLL UP 200X85CM. CRIV;'DR12CRIV;';''DR12CRIV;0,000;0,000;0,000;unidad;21%;CRIVO SRL;Pesos;20330,00;40,00;28462,00;34439,02;SI;SI;NO;0;0;
2609;Habilitado;SI;SI;NO;NO;Vinilos de Corte;Vinilo de corte negro brillante Graphictac 61cm;'VCNB61;'Copia de Copia de Copia de ;'VCNB61;8,000;100,000;50,000;metro;21%;CRIVO SRL;Pesos;2354,00;42,00;3342,68;4044,64;SI;SI;NO;0;0;<p>Por rollo cerrado 10% de descuento!<br></p>;
2610;Habilitado;SI;SI;NO;NO;Vinilos de Corte;Vinilo de corte negro mate Graphictac 61cm;'VCNM61;'Copia de Copia de Copia de Copia de ;'VCNM61;-17,000;100,000;50,000;metro;21%;CRIVO SRL;Pesos;2354,00;42,00;3342,68;4044,64;SI;SI;NO;0;0;<p>Por rollo cerrado 10% de descuento!<br></p>;
2611;Habilitado;SI;SI;NO;NO;Vinilos de Corte;Vinilo de corte blanco mate Graphictac 61cm;'VCBM61;'Copia de Copia de Copia de Copia de Copia de ;'VCBM61;1,000;100,000;50,000;metro;21%;CRIVO SRL;Pesos;2354,00;42,00;3342,68;4044,64;SI;SI;NO;0;0;<p>Por rollo cerrado 10% de descuento!<br></p>;
2612;Habilitado;SI;SI;NO;NO;Vinilos de Corte;Vinilo de corte blanco brillante Graphictac 61cm;'VCBB61;'Copia de Copia de Copia de Copia de Copia de Copia de ;'VCBB61;22,000;100,000;50,000;metro;21%;CRIVO SRL;Pesos;2354,00;42,00;3342,68;4044,64;SI;SI;NO;0;0;<p>Por rollo cerrado 10% de descuento!<br></p>;
2613;Habilitado;SI;SI;NO;NO;Base gris Matte;Vinilo Orajet 3164XM Base gris Matte 127cm x 50mts;'316410127M;'Copia de ';'316410127M';0,000;0,000;0,000;unidad;21%;Helioday;Pesos;275870,29;35,00;372424,89;450634,12;SI;SI;NO;0;0;
2614;Habilitado;SI;SI;NO;NO;01 Vinilo de Impresion Oracal 3640/3641 80mic;3640 ORAJET IMPRESION BRILLANTE BASE BLANCA 100CM 50MTS;'364010100;'Copia de ';'364010100;0,000;0,000;0,000;unidad;21%;Helioday;Pesos;226174,98;29,15;292104,99;353447,04;SI;SI;NO;0;0;
2615;Habilitado;SI;SI;NO;NO;Front Mitoflex 400 13oz;Lona Front Mitoflex 400 13oz Brillante 091CM X 50MTS;'LFMITO91;'Copia de ';'LFMITO91;0,000;0,000;0,000;unidad;21%;Pro SRL;Pesos;73757,78;40,00;103260,89;124945,68;SI;SI;NO;0;0;
2616;Habilitado;SI;SI;NO;NO;Front Mitoflex 400 13oz;Lona Front Mitoflex 400 13oz Brillante 107CM X 50MTS;'LFMITO107;'Copia de Copia de ';'LFMITO107;0,000;0,000;0,000;unidad;21%;Pro SRL;Pesos;86726,18;40,00;121416,65;146914,15;SI;SI;NO;0;0;
2617;Habilitado;SI;SI;NO;NO;Front Mitoflex 400 13oz;Lona Front Mitoflex 400 13oz Brillante 122CM X 50MTS;'LFMITO122;'Copia de Copia de Copia de ';'LFMITO122;0,000;0,000;0,000;unidad;21%;Pro SRL;Pesos;98884,05;40,00;138437,67;167509,58;SI;SI;NO;0;0;
2618;Habilitado;SI;SI;NO;NO;Front Mitoflex 400 13oz;Lona Front Mitoflex 400 13oz Brillante 137CM X 50MTS;'LFMITO137;'Copia de Copia de Copia de Copia de ';'LFMITO137;0,000;0,000;0,000;unidad;21%;Pro SRL;Pesos;111041,93;40,00;155458,70;188105,03;SI;SI;NO;0;0;
2619;Habilitado;SI;SI;NO;NO;Front Mitoflex 400 13oz;Lona Front Mitoflex 400 13oz Brillante 160CM X 50MTS;'LFMITO160;'Copia de Copia de Copia de Copia de Copia de ';'LFMITO160;0,000;0,000;0,000;unidad;21%;Pro SRL;Pesos;129684,00;40,00;181557,60;219684,70;SI;SI;NO;0;0;
2620;Habilitado;SI;SI;NO;NO;Front Mitoflex 400 13oz;Lona Front Mitoflex 400 13oz Brillante 183CM X 50MTS;'LFMITO183;'Copia de Copia de Copia de Copia de Copia de Copia de ';'LFMITO183;0,000;0,000;0,000;unidad;21%;Pro SRL;Pesos;148326,08;40,00;207656,51;251264,38;SI;SI;NO;0;0;
2621;Habilitado;SI;SI;NO;NO;Front Mitoflex 400 13oz;Lona Front Mitoflex 400 13oz Brillante 200CM X 50MTS;'LFMITO200;'Copia de Copia de Copia de Copia de Copia de Copia de Copia de ';'LFMITO200;0,000;0,000;0,000;unidad;21%;Pro SRL;Pesos;162105,00;40,00;226947,00;274605,87;SI;SI;NO;0;0;
2622;Habilitado;SI;SI;NO;NO;Front Mitoflex 400 13oz;Lona Front Mitoflex 400 13oz Brillante 220CM X 50MTS;'LFMITO220;'Copia de Copia de Copia de Copia de Copia de Copia de Copia de Copia de ';'LFMITO220;0,000;0,000;0,000;unidad;21%;Pro SRL;Pesos;178315,50;40,00;249641,70;302066,46;SI;SI;NO;0;0;
2623;Habilitado;SI;SI;NO;NO;Front Mitoflex 400 13oz;Lona Front Mitoflex 400 13oz Brillante 250CM X 50MTS;'LFMITO250;'Copia de Copia de Copia de Copia de Copia de Copia de Copia de Copia de Copia de ';'LFMITO250;0,000;0,000;0,000;unidad;21%;Pro SRL;Pesos;202631,25;40,00;283683,75;343257,34;SI;SI;NO;0;0;
2624;Habilitado;SI;SI;NO;NO;Front Mitoflex 400 13oz;Lona Front Mitoflex 400 13oz Brillante 320CM X 50MTS;'LFMITO320 | 2026-07-21 13:04:02 | Og9nC;'Copia de Copia de Copia de Copia de Copia de Copia de Copia de Copia de Copia de Copia de ';'LFMITO320;0,000;0,000;0,000;unidad;21%;Pro SRL;Pesos;259368,00;40,00;363115,20;439369,39;SI;SI;NO;0;0;
2625;Habilitado;SI;SI;NO;NO;Lonas;LONA MESH NAR 220CM.C/LINER;'G50220;'Copia de 'Copia de ;'G50220;0,000;0,000;0,000;unidad;21%;Grafisur;Pesos;349498,38;32,00;461337,86;558218,81;SI;SI;NO;0;0;;;<p>actualización 9/6/21 use 2.15 + Iva m2 costo<br></p>;
2626;Habilitado;SI;SI;NO;NO;Mitocal 328;POSI PAPEL MITO 328 122CM X 50MT;'POSMI122;';'POSMI122;-2,000;0,000;0,000;unidad;21%;Pro SRL;Pesos;80250,00;35,00;108337,50;131088,38;SI;SI;NO;0;0;
2627;Habilitado;SI;SI;NO;NO;Mitocal 328;POSI PAPEL MITO 328 61CM X 50MT;'POSMI61;'Copia de ;'POSMI61;-5,000;0,000;0,000;unidad;21%;Pro SRL;Pesos;40125,00;35,00;54168,75;65544,19;SI;SI;NO;0;0;
2628;Habilitado;SI;SI;NO;NO;Mitocal 328;POSI PAPEL MITO 328 30CM X 50MT;'POSMI30;'Copia de Copia de ;'POSMI30;0,000;0,000;0,000;unidad;21%;Pro SRL;Pesos;20062,50;35,00;27084,38;32772,10;SI;SI;NO;0;0;
2629;Habilitado;SI;SI;NO;NO;Cepillados/cromados;CEPILLADO ORO GRAPHICTAC 122CM X 50MTS;'CEOG122;'Copia de ';'CEOG122;16,000;50,000;20,000;metro;21%;CRIVO SRL;Pesos;7757,50;50,00;11636,25;14079,86;SI;SI;NO;0;0;
2630;Habilitado;SI;SI;NO;NO;Cepillados/cromados;CEPILLADO ORO GRAPHICTAC 61CM X 50MTS;'CEOG61;'Copia de Copia de ';'CEOG61;0,000;0,000;0,000;metro;21%;CRIVO SRL;Pesos;3878,75;50,00;5818,13;7039,94;SI;SI;NO;0;0;
2631;Habilitado;SI;SI;NO;NO;Cepillados/cromados;CEPILLADO PLATA GRAPHICTAC 122CM X 50MTS;'CEPG122;'Copia de Copia de ';'CEPG122;25,000;50,000;20,000;metro;21%;CRIVO SRL;Pesos;7757,50;50,00;11636,25;14079,86;SI;SI;NO;0;0;
2632;Habilitado;SI;SI;NO;NO;Cepillados/cromados;CEPILLADO PLATA GRAPHICTAC 61CM X 50MTS;'CEPG61;'Copia de Copia de Copia de ';'CEPG61;0,000;0,000;0,000;metro;21%;CRIVO SRL;Pesos;3878,75;50,00;5818,13;7039,94;SI;SI;NO;0;0;
2633;Habilitado;SI;SI;NO;NO;Cepillados/cromados;CROMADO ORO GRAPHICTAC 122CM X 50MTS;'CROG122;'Copia de Copia de ';'CROG122;25,000;50,000;20,000;metro;21%;CRIVO SRL;Pesos;7757,50;50,00;11636,25;14079,86;SI;SI;NO;0;0;
2634;Habilitado;SI;SI;NO;NO;Cepillados/cromados;CROMADO ORO GRAPHICTAC 61CM X 50MTS;'CROG61;'Copia de Copia de Copia de ';'CROG61;0,000;0,000;0,000;metro;21%;CRIVO SRL;Pesos;3878,75;50,00;5818,13;7039,94;SI;SI;NO;0;0;
2635;Habilitado;SI;SI;NO;NO;Cepillados/cromados;CROMADO PLATA GRAPHICTAC 122CM X 50MTS;'CRPG122;'Copia de Copia de Copia de ';'CRPG122;25,000;50,000;20,000;metro;21%;CRIVO SRL;Pesos;7757,50;50,00;11636,25;14079,86;SI;SI;NO;0;0;
2636;Habilitado;SI;SI;NO;NO;Cepillados/cromados;CROMADO PLATA GRAPHICTAC 61CM X 50MTS;'CRPG61;'Copia de Copia de Copia de Copia de ';'CRPG61;0,000;0,000;0,000;metro;21%;CRIVO SRL;Pesos;3878,75;50,00;5818,13;7039,94;SI;SI;NO;0;0;
2637;Habilitado;SI;SI;NO;NO;Vinilos de Corte;Vinilo de corte colores brillante Graphictac 61cm x 50mts;'VCCB61;'Copia de Copia de Copia de Copia de ;'VCCB61;-14,000;0,000;0,000;metro;21%;CRIVO SRL;Pesos;2950,00;42,00;4189,00;5068,69;SI;SI;NO;0;0;<p>Por rollo cerrado 10% de descuento!<br></p>;
2638;Habilitado;SI;SI;NO;NO;Vinilos de Corte;Vinilo de corte colores brillante Graphictac 122cm x 50mts;'VCCB122;'Copia de Copia de Copia de Copia de Copia de ;'VCCB122;-12,100;0,000;0,000;metro;21%;CRIVO SRL;Pesos;5900,00;42,00;8378,00;10137,38;SI;SI;NO;0;0;<p>Por rollo cerrado 10% de descuento!<br></p>;
2639;Habilitado;SI;SI;NO;NO;Vinilos de Corte;Vinilo de corte colores mate Graphictac 122cm x 50mts;'VCCM122;'Copia de Copia de Copia de Copia de Copia de Copia de ;'VCCM122;0,000;0,000;0,000;metro;21%;CRIVO SRL;Pesos;5900,00;42,00;8378,00;10137,38;SI;SI;NO;0;0;<p>Por rollo cerrado 10% de descuento!<br></p>;
2640;Habilitado;SI;SI;NO;NO;Vinilos de Corte;Vinilo de corte colores mate Graphictac 61cm x 50mts;'VCCM61;'Copia de Copia de Copia de Copia de Copia de ;'VCCM61;0,000;0,000;0,000;metro;21%;CRIVO SRL;Pesos;2950,00;42,00;4189,00;5068,69;SI;SI;NO;0;0;<p>Por rollo cerrado 10% de descuento!<br></p>;
2641;Habilitado;SI;SI;NO;NO;04 Vinilo de corte oracal 651 ByN;ORACAL 651 BRILLANTE Y MATTE  BLANCO Y NEGRO - ANCHO 126CM;'651BN126;'Copia de ';'651BN126;-245,000;200,000;100,000;metro;21%;Helioday;Pesos;11599,70;30,00;15079,61;18246,33;SI;NO;NO;0;0;
2642;Habilitado;SI;SI;NO;NO;BRILLANTE;ORACAL 651 BRILLANTE Y MATE COLORES -126CM;'651C126;'Copia de ';'651C126;-162,900;50,000;50,000;metro;21%;Helioday;Pesos;13339,22;30,00;17340,99;20982,60;SI;NO;NO;0;0;
2643;Habilitado;SI;SI;NO;NO;BRILLANTE;ORACAL 651 BRILLANTE Y MATE COLORES - 63CM;'651C63;'Copia de Copia de ';'651C63;-162,900;50,000;50,000;metro;21%;Helioday;Pesos;6669,61;30,00;8670,49;10491,30;SI;NO;NO;0;0;
2644;Habilitado;SI;SI;NO;NO;04 Vinilo de corte oracal 651 ByN;ORACAL 651 BRILLANTE Y MATTE  BLANCO Y NEGRO - ANCHO 63CM;'651BMBN63;'Copia de Copia de \\\';'651BMBN63;0,000;0,000;0,000;metro;21%;Helioday;Pesos;0,00;0,00;0,00;0,00;SI;NO;NO;0;0;
2645;Habilitado;SI;SI;NO;NO;04 Vinilo de corte Oracal 651 Metalizados;ORACAL 651 BRILLANTE Y MATE METALIZADOS - 126CM;'651M126;'Copia de ';'651M126;4,900;50,000;25,000;metro;21%;Helioday;Pesos;15162,12;30,00;19710,76;23850,02;SI;NO;NO;0;0;
2646;Habilitado;SI;SI;NO;NO;04 Vinilo de corte Oracal 651 Metalizados;ORACAL 651 BRILLANTE Y MATE METALIZADOS - 63CM;'651M63;'Copia de Copia de ';'651M63;4,900;50,000;25,000;metro;21%;Helioday;Pesos;7581,06;30,00;9855,38;11925,01;SI;NO;NO;0;0;
2648;Habilitado;SI;SI;NO;NO;Vinilos de Corte;Dpi Blanco y negro (brillante y mate) - 61cm de ancho;'VCDPITBN61;'Copia de 'Copia de Copia de Copia de ;'VCDPITBN61;-211,000;100,000;50,000;metro;21%;Grafisur;Pesos;2155,52;36,99;2952,85;3572,95;SI;SI;NO;0;0;
2649;Habilitado;SI;SI;NO;NO;Vinilos de Corte;Dpi Blanco y negro (brillante y mate) - 122cm de ancho;'VCDPITBN122;'Copia de Copia de 'Copia de Copia de Copia de ;'VCDPITBN122;-211,000;100,000;50,000;metro;21%;Grafisur;Pesos;4311,04;36,99;5905,69;7145,89;SI;SI;NO;0;0;
